sample_id,country,R0,gen_time,p_det,false_positive_rate,icu_detection_time,icu_local_cases,hariss_detection_time,hariss_local_cases,aww_detection_time,aww_local_cases,earliest_detection_time,earliest_surveillance_type,total_latent,total_infectious,total_detectable
1,Switzerland,1.5,4.0,0.08,0.04,38.79858734923381,187.0,40.50000027077281,243.0,54.0,1531.0,38.79858734923381,ICU,996.0,1046.0,3067.0
2,Switzerland,1.5,4.0,0.08,0.04,59.52273240202681,633.0,64.50000091666983,1288.0,55.0,344.0,55.0,AWW,998.0,1013.0,3019.0
3,Switzerland,1.5,4.0,0.08,0.04,85.50686105885922,2415.0,82.50000076531505,1575.0,4.0,0.0,4.0,AWW,1023.0,1060.0,3120.0
4,Switzerland,1.5,4.0,0.08,0.04,24.43977362142859,16.0,64.50000073796726,53.0,47.0,27.0,24.43977362142859,ICU,940.0,1026.0,2979.0
5,Switzerland,1.5,4.0,0.08,0.04,55.7302954803853,446.0,64.50000062899791,1669.0,49.0,168.0,49.0,AWW,995.0,1072.0,3024.0
6,Switzerland,1.5,4.0,0.08,0.04,70.6358445930927,1290.0,57.50000015135018,236.0,55.0,176.0,55.0,AWW,924.0,1010.0,2921.0
7,Switzerland,1.5,4.0,0.08,0.04,17.208066720667798,16.0,Inf,NaN,54.0,16.0,17.208066720667798,ICU,961.0,1068.0,3088.0
8,Switzerland,1.5,4.0,0.08,0.04,62.28761152987726,512.0,68.50000094978984,1206.0,59.0,313.0,59.0,AWW,959.0,1110.0,3019.0
9,Switzerland,1.5,4.0,0.08,0.04,18.16770479999031,69.0,33.50000032313443,564.0,55.0,14161.0,18.16770479999031,ICU,991.0,1016.0,2897.0
10,Switzerland,1.5,4.0,0.08,0.04,57.41262918225476,368.0,47.500000728645325,111.0,68.0,1614.0,47.500000728645325,HARISS,991.0,1030.0,2879.0
11,Switzerland,1.5,4.0,0.08,0.04,60.48399051278793,501.0,68.50000022894513,1675.0,36.0,8.0,36.0,AWW,954.0,1139.0,3105.0
12,Switzerland,1.5,4.0,0.08,0.04,35.80137572750684,82.0,40.50000015351991,84.0,57.0,84.0,35.80137572750684,ICU,897.0,1050.0,2973.0
13,Switzerland,1.5,4.0,0.08,0.04,53.18810968415117,447.0,54.50000029441278,539.0,10.0,1.0,10.0,AWW,961.0,1079.0,2997.0
14,Switzerland,1.5,4.0,0.08,0.04,54.123439694886684,64.0,57.50000022459068,106.0,42.0,8.0,42.0,AWW,986.0,1063.0,2964.0
15,Switzerland,1.5,4.0,0.08,0.04,64.67954587131,3207.0,61.50000014848293,2017.0,48.0,262.0,48.0,AWW,939.0,1107.0,3060.0
16,Switzerland,1.5,4.0,0.08,0.04,66.00860422644678,772.0,50.50000095661237,74.0,53.0,119.0,50.50000095661237,HARISS,1010.0,1086.0,3003.0
17,Switzerland,1.5,4.0,0.08,0.04,15.752192116301638,26.0,Inf,NaN,59.0,26.0,15.752192116301638,ICU,939.0,1042.0,2971.0
18,Switzerland,1.5,4.0,0.08,0.04,32.74919139509062,8.0,57.500000976050096,214.0,50.0,69.0,32.74919139509062,ICU,1029.0,1042.0,3006.0
19,Switzerland,1.5,4.0,0.08,0.04,45.5064602132036,622.0,33.50000059537127,99.0,52.0,1732.0,33.50000059537127,HARISS,925.0,1068.0,3074.0
20,Switzerland,1.5,4.0,0.08,0.04,33.33469227639797,70.0,50.50000064213208,734.0,45.0,341.0,33.33469227639797,ICU,971.0,1053.0,2961.0
21,Switzerland,1.5,4.0,0.08,0.04,63.88467946435501,29.0,75.5000000165757,108.0,43.0,12.0,43.0,AWW,954.0,1007.0,3019.0
22,Switzerland,1.5,4.0,0.08,0.04,43.83907538812147,118.0,57.50000062091812,738.0,55.0,524.0,43.83907538812147,ICU,967.0,1052.0,2950.0
23,Switzerland,1.5,4.0,0.08,0.04,41.29250856548791,332.0,40.50000013044383,301.0,55.0,1998.0,40.50000013044383,HARISS,967.0,1043.0,2930.0
24,Switzerland,1.5,4.0,0.08,0.04,59.546906703896916,832.0,61.50000004321837,1100.0,54.0,387.0,54.0,AWW,974.0,1141.0,2947.0
25,Switzerland,1.5,4.0,0.08,0.04,47.95041043467595,599.0,40.50000053682404,168.0,48.0,606.0,40.50000053682404,HARISS,972.0,1019.0,2993.0
26,Switzerland,1.5,4.0,0.08,0.04,50.86153658910451,811.0,57.5000005647338,2298.0,54.0,1341.0,50.86153658910451,ICU,916.0,1025.0,3045.0
27,Switzerland,1.5,4.0,0.08,0.04,65.37851163060608,2038.0,54.50000023535293,428.0,52.0,302.0,52.0,AWW,964.0,1077.0,2880.0
28,Switzerland,1.5,4.0,0.08,0.04,82.82833978535827,3735.0,68.50000010559826,431.0,19.0,3.0,19.0,AWW,987.0,1058.0,2984.0
29,Switzerland,1.5,4.0,0.08,0.04,34.03747285388431,197.0,40.500000134101185,501.0,52.0,2648.0,34.03747285388431,ICU,918.0,1024.0,3029.0
30,Switzerland,1.5,4.0,0.08,0.04,62.15685199034095,1512.0,61.50000051546267,1356.0,52.0,302.0,52.0,AWW,1001.0,1084.0,2937.0
31,Switzerland,1.5,4.0,0.08,0.04,53.86593594395599,22.0,40.50000028796852,12.0,54.0,22.0,40.50000028796852,HARISS,968.0,1145.0,2949.0
32,Switzerland,1.5,4.0,0.08,0.04,59.7155387825759,511.0,54.50000049850429,237.0,46.0,70.0,46.0,AWW,947.0,1033.0,3073.0
33,Switzerland,1.5,4.0,0.08,0.04,80.73182492381426,3493.0,61.500000241790694,293.0,57.0,177.0,57.0,AWW,934.0,1088.0,2960.0
34,Switzerland,1.5,4.0,0.08,0.04,42.455605072561866,1857.0,26.50000023912178,161.0,40.0,1325.0,26.50000023912178,HARISS,999.0,1098.0,2978.0
35,Switzerland,1.5,4.0,0.08,0.04,24.591223711146686,91.0,26.500000021893904,91.0,56.0,91.0,24.591223711146686,ICU,957.0,1053.0,2913.0
36,Switzerland,1.5,4.0,0.08,0.04,58.576979926667605,1505.0,54.50000038929412,855.0,44.0,181.0,44.0,AWW,950.0,1075.0,2977.0
37,Switzerland,1.5,4.0,0.08,0.04,74.77370346732472,432.0,85.50000011398734,2106.0,53.0,27.0,53.0,AWW,949.0,1055.0,3055.0
38,Switzerland,1.5,4.0,0.08,0.04,54.528028318259466,158.0,61.50000068883927,447.0,31.0,0.0,31.0,AWW,963.0,1088.0,2994.0
39,Switzerland,1.5,4.0,0.08,0.04,63.44437216634074,2642.0,50.50000082719439,362.0,42.0,106.0,42.0,AWW,943.0,1053.0,2964.0
40,Switzerland,1.5,4.0,0.08,0.04,35.18198326804255,15.0,75.50000036073973,355.0,55.0,47.0,35.18198326804255,ICU,1000.0,1117.0,3014.0
41,Switzerland,1.5,4.0,0.08,0.04,43.63954916044754,73.0,Inf,NaN,48.0,98.0,43.63954916044754,ICU,981.0,1092.0,3011.0
42,Switzerland,1.5,4.0,0.08,0.04,73.46034569139759,1504.0,54.5000002278527,101.0,36.0,8.0,36.0,AWW,976.0,1108.0,2901.0
43,Switzerland,1.5,4.0,0.08,0.04,18.878304921807583,13.0,Inf,NaN,51.0,13.0,18.878304921807583,ICU,982.0,1048.0,2997.0
44,Switzerland,1.5,4.0,0.08,0.04,38.842158486915544,785.0,33.50000044133277,374.0,50.0,4398.0,33.50000044133277,HARISS,1009.0,1018.0,3024.0
45,Switzerland,1.5,4.0,0.08,0.04,70.43137709478435,1868.0,71.50000031850014,2105.0,48.0,66.0,48.0,AWW,975.0,1024.0,3058.0
46,Switzerland,1.5,4.0,0.08,0.04,57.50255122962588,290.0,57.50000013370718,290.0,59.0,359.0,57.50000013370718,HARISS,982.0,1031.0,3075.0
47,Switzerland,1.5,4.0,0.08,0.04,33.10571227034937,497.0,36.50000037932064,887.0,13.0,11.0,13.0,AWW,988.0,1000.0,2915.0
48,Switzerland,1.5,4.0,0.08,0.04,32.35997700911628,37.0,Inf,NaN,45.0,37.0,32.35997700911628,ICU,1009.0,1109.0,2960.0
49,Switzerland,1.5,4.0,0.08,0.04,8.60559826511465,10.0,Inf,NaN,45.0,10.0,8.60559826511465,ICU,979.0,1079.0,2970.0
50,Switzerland,1.5,4.0,0.08,0.04,45.47509148108244,1022.0,47.5000004628352,1360.0,58.0,6483.0,45.47509148108244,ICU,966.0,1063.0,3078.0
51,Switzerland,1.5,4.0,0.08,0.04,62.498998352150025,188.0,75.5000003348268,1520.0,39.0,16.0,39.0,AWW,991.0,1036.0,2990.0
52,Switzerland,1.5,4.0,0.08,0.04,48.425999846920256,495.0,47.50000068065198,421.0,45.0,284.0,45.0,AWW,991.0,1036.0,2938.0
53,Switzerland,1.5,4.0,0.08,0.04,69.55773943610252,540.0,40.50000095607681,32.0,50.0,47.0,40.50000095607681,HARISS,983.0,1075.0,3001.0
54,Switzerland,1.5,4.0,0.08,0.04,58.012161715373836,488.0,57.50000078308795,453.0,62.0,903.0,57.50000078308795,HARISS,1042.0,1067.0,3003.0
55,Switzerland,1.5,4.0,0.08,0.04,57.00082208054239,1204.0,26.500000228850286,42.0,45.0,249.0,26.500000228850286,HARISS,925.0,1045.0,2978.0
56,Switzerland,1.5,4.0,0.08,0.04,28.123999995095648,25.0,Inf,NaN,50.0,25.0,28.123999995095648,ICU,1019.0,1058.0,2992.0
57,Switzerland,1.5,4.0,0.08,0.04,54.01411049571765,1450.0,33.50000060706356,69.0,50.0,786.0,33.50000060706356,HARISS,1059.0,991.0,2973.0
58,Switzerland,1.5,4.0,0.08,0.04,48.42427849255549,340.0,54.50000019363671,810.0,32.0,33.0,32.0,AWW,976.0,1097.0,3001.0
59,Switzerland,1.5,4.0,0.08,0.04,57.405262504477925,192.0,68.50000063763555,731.0,60.0,275.0,57.405262504477925,ICU,920.0,1045.0,2986.0
60,Switzerland,1.5,4.0,0.08,0.04,55.85272588299425,166.0,75.50000019180784,2845.0,54.0,135.0,54.0,AWW,921.0,1128.0,3017.0
61,Switzerland,1.5,4.0,0.08,0.04,73.25560329432427,4610.0,71.50000014628988,3597.0,53.0,239.0,53.0,AWW,935.0,1054.0,2966.0
62,Switzerland,1.5,4.0,0.08,0.04,59.27896969716358,895.0,68.50000034525053,3169.0,50.0,235.0,50.0,AWW,931.0,1079.0,2978.0
63,Switzerland,1.5,4.0,0.08,0.04,49.63772525066641,85.0,50.5000007131228,97.0,53.0,143.0,49.63772525066641,ICU,944.0,1060.0,2988.0
64,Switzerland,1.5,4.0,0.08,0.04,71.12005468646704,2718.0,68.50000061679862,1852.0,44.0,38.0,44.0,AWW,960.0,1018.0,2915.0
65,Switzerland,1.5,4.0,0.08,0.04,76.27351745440852,814.0,78.5000008509958,1200.0,50.0,18.0,50.0,AWW,1002.0,966.0,3056.0
66,Switzerland,1.5,4.0,0.08,0.04,47.533186694295736,94.0,61.50000009772826,942.0,61.0,879.0,47.533186694295736,ICU,946.0,1085.0,2946.0
67,Switzerland,1.5,4.0,0.08,0.04,18.217236841629074,22.0,Inf,NaN,51.0,57.0,18.217236841629074,ICU,949.0,1119.0,2943.0
68,Switzerland,1.5,4.0,0.08,0.04,47.26805044863807,100.0,57.50000010019804,536.0,54.0,304.0,47.26805044863807,ICU,948.0,1064.0,2989.0
69,Switzerland,1.5,4.0,0.08,0.04,42.33901027781266,93.0,Inf,NaN,50.0,93.0,42.33901027781266,ICU,974.0,1030.0,3014.0
70,Switzerland,1.5,4.0,0.08,0.04,52.40138142920667,292.0,57.50000031559455,603.0,52.0,279.0,52.0,AWW,921.0,1009.0,3009.0
71,Switzerland,1.5,4.0,0.08,0.04,59.98630050025758,999.0,29.500000521378972,13.0,51.0,247.0,29.500000521378972,HARISS,1004.0,1044.0,2964.0
72,Switzerland,1.5,4.0,0.08,0.04,81.90502132296928,1856.0,75.50000031459798,708.0,46.0,16.0,46.0,AWW,980.0,1042.0,2974.0
73,Switzerland,1.5,4.0,0.08,0.04,58.364177360779266,437.0,68.50000070625403,1805.0,13.0,3.0,13.0,AWW,977.0,1035.0,3071.0
74,Switzerland,1.5,4.0,0.08,0.04,57.36285521358784,292.0,71.5000000056515,2081.0,48.0,105.0,48.0,AWW,1024.0,1069.0,2957.0
75,Switzerland,1.5,4.0,0.08,0.04,82.14773897725658,926.0,75.50000008965496,371.0,59.0,48.0,59.0,AWW,948.0,1022.0,2952.0
76,Switzerland,1.5,4.0,0.08,0.04,85.31458085350914,1875.0,75.50000092059743,384.0,43.0,5.0,43.0,AWW,970.0,999.0,3075.0
77,Switzerland,1.5,4.0,0.08,0.04,63.76246379539669,1284.0,54.500000997406964,326.0,27.0,6.0,27.0,AWW,956.0,1032.0,3085.0
78,Switzerland,1.5,4.0,0.08,0.04,69.34457640926064,857.0,68.50000093134001,755.0,54.0,74.0,54.0,AWW,962.0,1099.0,2965.0
79,Switzerland,1.5,4.0,0.08,0.04,43.84231703444849,16.0,Inf,NaN,56.0,16.0,43.84231703444849,ICU,969.0,1091.0,3094.0
80,Switzerland,1.5,4.0,0.08,0.04,59.053424274495015,1484.0,61.5000001625264,2170.0,45.0,112.0,45.0,AWW,915.0,1088.0,2942.0
81,Switzerland,1.5,4.0,0.08,0.04,52.23787298251158,789.0,54.500000720413354,1109.0,15.0,0.0,15.0,AWW,994.0,1109.0,2987.0
82,Switzerland,1.5,4.0,0.08,0.04,57.69129277682096,369.0,71.50000020330299,3074.0,54.0,202.0,54.0,AWW,964.0,1080.0,3042.0
83,Switzerland,1.5,4.0,0.08,0.04,84.62339117185584,971.0,Inf,NaN,50.0,20.0,50.0,AWW,909.0,1081.0,3018.0
84,Switzerland,1.5,4.0,0.08,0.04,77.28001091408652,1055.0,75.50000051137843,846.0,51.0,36.0,51.0,AWW,971.0,1075.0,2988.0
85,Switzerland,1.5,4.0,0.08,0.04,69.69124273065579,1312.0,57.50000078064156,209.0,53.0,119.0,53.0,AWW,992.0,1038.0,2912.0
86,Switzerland,1.5,4.0,0.08,0.04,46.76904464648796,478.0,50.50000090587945,858.0,33.0,75.0,33.0,AWW,964.0,1060.0,2974.0
87,Switzerland,1.5,4.0,0.08,0.04,47.08909206617652,160.0,61.500000970393664,1413.0,50.0,235.0,47.08909206617652,ICU,1013.0,1051.0,2972.0
88,Switzerland,1.5,4.0,0.08,0.04,33.425471983982476,433.0,40.50000080676653,1375.0,49.0,5062.0,33.425471983982476,ICU,986.0,990.0,3047.0
89,Switzerland,1.5,4.0,0.08,0.04,76.97945316664382,809.0,57.50000008831578,64.0,36.0,1.0,36.0,AWW,1028.0,1056.0,3047.0
90,Switzerland,1.5,4.0,0.08,0.04,71.81397802106379,389.0,71.50000073805403,371.0,53.0,53.0,53.0,AWW,1002.0,1033.0,3055.0
91,Switzerland,1.5,4.0,0.08,0.04,65.78851565678141,445.0,75.50000051358411,2228.0,15.0,0.0,15.0,AWW,962.0,1055.0,3062.0
92,Switzerland,1.5,4.0,0.08,0.04,71.3099580512189,6332.0,64.50000074948554,2157.0,55.0,502.0,55.0,AWW,982.0,1010.0,3006.0
93,Switzerland,1.5,4.0,0.08,0.04,44.59804861738294,464.0,47.500000804689435,716.0,49.0,887.0,44.59804861738294,ICU,935.0,1053.0,2923.0
94,Switzerland,1.5,4.0,0.08,0.04,77.83235217561553,704.0,Inf,NaN,57.0,27.0,57.0,AWW,948.0,1100.0,3079.0
95,Switzerland,1.5,4.0,0.08,0.04,94.62351480187846,258.0,82.50000074153813,137.0,29.0,4.0,29.0,AWW,988.0,1083.0,3000.0
96,Switzerland,1.5,4.0,0.08,0.04,61.01555125968836,238.0,54.50000061385805,108.0,48.0,51.0,48.0,AWW,1001.0,1078.0,2980.0
97,Switzerland,1.5,4.0,0.08,0.04,43.01816490965287,235.0,Inf,NaN,36.0,176.0,36.0,AWW,997.0,1084.0,3027.0
98,Switzerland,1.5,4.0,0.08,0.04,62.223747731618246,590.0,68.50000001339907,1618.0,55.0,215.0,55.0,AWW,1010.0,1010.0,3009.0
99,Switzerland,1.5,4.0,0.08,0.04,48.68385392882162,294.0,54.50000051823971,780.0,45.0,162.0,45.0,AWW,995.0,1019.0,2967.0
100,Switzerland,1.5,4.0,0.08,0.04,76.21525135837848,340.0,82.50000068947301,801.0,50.0,36.0,50.0,AWW,962.0,988.0,2938.0
101,Switzerland,1.5,4.0,0.08,0.04,30.857859961855404,756.0,36.5000000623115,1722.0,52.0,16937.0,30.857859961855404,ICU,989.0,1000.0,2986.0
102,Switzerland,1.5,4.0,0.08,0.04,52.33839698723177,981.0,47.50000060773103,479.0,48.0,518.0,47.50000060773103,HARISS,991.0,1031.0,2887.0
103,Switzerland,1.5,4.0,0.08,0.04,49.66638502754769,454.0,43.50000005509819,207.0,56.0,1232.0,43.50000005509819,HARISS,988.0,1060.0,2986.0
104,Switzerland,1.5,4.0,0.08,0.04,62.71679418156965,2092.0,33.50000036764246,39.0,61.0,1656.0,33.50000036764246,HARISS,1042.0,1009.0,2983.0
105,Switzerland,1.5,4.0,0.08,0.04,77.81423561751397,550.0,85.5000008143493,1847.0,51.0,17.0,51.0,AWW,949.0,1030.0,3035.0
106,Switzerland,1.5,4.0,0.08,0.04,50.35740001190615,269.0,57.50000052055206,743.0,20.0,1.0,20.0,AWW,955.0,1050.0,3010.0
107,Switzerland,1.5,4.0,0.08,0.04,30.72981003042639,164.0,33.50000011138933,180.0,61.0,184.0,30.72981003042639,ICU,974.0,1044.0,2982.0
108,Switzerland,1.5,4.0,0.08,0.04,51.437350109176776,66.0,78.5000008711403,3297.0,21.0,0.0,21.0,AWW,979.0,1051.0,3124.0
109,Switzerland,1.5,4.0,0.08,0.04,31.832722906580422,16.0,78.5000006014443,1431.0,34.0,16.0,31.832722906580422,ICU,942.0,1055.0,3000.0
110,Switzerland,1.5,4.0,0.08,0.04,64.17241664601532,227.0,61.50000025154966,150.0,38.0,8.0,38.0,AWW,1036.0,1070.0,3087.0
111,Switzerland,1.5,4.0,0.08,0.04,20.789926552699562,0.0,Inf,NaN,48.0,55.0,20.789926552699562,ICU,965.0,1026.0,2969.0
112,Switzerland,1.5,4.0,0.08,0.04,40.13228440980403,42.0,57.500000439487565,687.0,36.0,22.0,36.0,AWW,951.0,1070.0,3108.0
113,Switzerland,1.5,4.0,0.08,0.04,64.36167503025831,3062.0,50.50000002300563,373.0,59.0,1370.0,50.50000002300563,HARISS,983.0,1003.0,3004.0
114,Switzerland,1.5,4.0,0.08,0.04,27.325522799004606,88.0,Inf,NaN,52.0,193.0,27.325522799004606,ICU,959.0,1008.0,2948.0
115,Switzerland,1.5,4.0,0.08,0.04,54.96851197465181,297.0,57.50000060588066,434.0,50.0,139.0,50.0,AWW,991.0,1080.0,3027.0
116,Switzerland,1.5,4.0,0.08,0.04,78.08122517999108,3388.0,75.50000097483209,2405.0,57.0,173.0,57.0,AWW,944.0,1042.0,2899.0
117,Switzerland,1.5,4.0,0.08,0.04,51.52106655219528,918.0,33.50000018144037,52.0,44.0,325.0,33.50000018144037,HARISS,979.0,1126.0,3016.0
118,Switzerland,1.5,4.0,0.08,0.04,43.888613643353125,160.0,50.5000003024764,460.0,53.0,658.0,43.888613643353125,ICU,991.0,1042.0,2931.0
119,Switzerland,1.5,4.0,0.08,0.04,72.31869464503804,726.0,75.50000078129594,1168.0,58.0,101.0,58.0,AWW,990.0,1085.0,2963.0
120,Switzerland,1.5,4.0,0.08,0.04,50.8333810928077,511.0,57.50000036599614,1401.0,54.0,808.0,50.8333810928077,ICU,970.0,1068.0,3001.0
121,Switzerland,1.5,4.0,0.08,0.04,45.043908455453284,1030.0,33.50000044955272,182.0,55.0,4793.0,33.50000044955272,HARISS,999.0,1072.0,2927.0
122,Switzerland,1.5,4.0,0.08,0.04,28.92075400247379,86.0,40.500000551699934,451.0,52.0,2510.0,28.92075400247379,ICU,966.0,965.0,2992.0
123,Switzerland,1.5,4.0,0.08,0.04,70.70623068344332,1962.0,68.50000009689354,1408.0,49.0,98.0,49.0,AWW,1005.0,1051.0,3015.0
124,Switzerland,1.5,4.0,0.08,0.04,66.02553199089039,1339.0,57.500000964310686,398.0,63.0,873.0,57.500000964310686,HARISS,934.0,1021.0,3010.0
125,Switzerland,1.5,4.0,0.08,0.04,78.32666636506292,1695.0,75.50000000105918,1073.0,48.0,45.0,48.0,AWW,916.0,1025.0,2950.0
126,Switzerland,1.5,4.0,0.08,0.04,41.849941145697706,230.0,47.5000002668685,515.0,49.0,643.0,41.849941145697706,ICU,1034.0,1072.0,2873.0
127,Switzerland,1.5,4.0,0.08,0.04,10.232407186247173,4.0,36.500000570179,129.0,57.0,1924.0,10.232407186247173,ICU,972.0,1050.0,3079.0
128,Switzerland,1.5,4.0,0.08,0.04,60.53987496053013,981.0,47.500000663930834,154.0,57.0,579.0,47.500000663930834,HARISS,976.0,1081.0,2930.0
129,Switzerland,1.5,4.0,0.08,0.04,57.44259777872805,2455.0,40.50000031558116,215.0,54.0,1467.0,40.50000031558116,HARISS,935.0,1032.0,3012.0
130,Switzerland,1.5,4.0,0.08,0.04,37.41289793634471,268.0,47.50000011435179,1324.0,54.0,3466.0,37.41289793634471,ICU,943.0,989.0,3029.0
131,Switzerland,1.5,4.0,0.08,0.04,59.46400977490263,287.0,68.50000065439872,1121.0,42.0,23.0,42.0,AWW,1023.0,1104.0,2996.0
132,Switzerland,1.5,4.0,0.08,0.04,76.57273431817966,3503.0,61.50000078521644,387.0,58.0,231.0,58.0,AWW,951.0,1011.0,3033.0
133,Switzerland,1.5,4.0,0.08,0.04,77.08300503019701,668.0,78.5000002345468,790.0,45.0,14.0,45.0,AWW,964.0,1016.0,2973.0
134,Switzerland,1.5,4.0,0.08,0.04,49.16716097170586,95.0,71.50000013214063,1867.0,64.0,699.0,49.16716097170586,ICU,962.0,1047.0,3064.0
135,Switzerland,1.5,4.0,0.08,0.04,82.9230755613724,2108.0,82.50000067191709,1992.0,50.0,49.0,50.0,AWW,992.0,1095.0,3034.0
136,Switzerland,1.5,4.0,0.08,0.04,58.05918306717436,324.0,50.500000724371176,93.0,43.0,40.0,43.0,AWW,967.0,1058.0,3009.0
137,Switzerland,1.5,4.0,0.08,0.04,71.30654110499681,266.0,78.50000035760098,862.0,46.0,14.0,46.0,AWW,963.0,1043.0,2950.0
138,Switzerland,1.5,4.0,0.08,0.04,32.5967896224942,213.0,50.500000678180655,3521.0,55.0,7129.0,32.5967896224942,ICU,983.0,1029.0,3038.0
139,Switzerland,1.5,4.0,0.08,0.04,37.56488827824715,324.0,47.50000075020113,1297.0,45.0,897.0,37.56488827824715,ICU,992.0,1042.0,2965.0
140,Switzerland,1.5,4.0,0.08,0.04,66.40413930141382,261.0,64.50000022936027,202.0,53.0,47.0,53.0,AWW,940.0,1023.0,2929.0
141,Switzerland,1.5,4.0,0.08,0.04,29.513882338610337,42.0,Inf,NaN,51.0,57.0,29.513882338610337,ICU,985.0,1085.0,3033.0
142,Switzerland,1.5,4.0,0.08,0.04,41.46610182790935,35.0,54.500000833887945,255.0,32.0,8.0,32.0,AWW,974.0,1048.0,2940.0
143,Switzerland,1.5,4.0,0.08,0.04,55.296363567488186,566.0,54.50000026879007,512.0,57.0,775.0,54.50000026879007,HARISS,933.0,1053.0,2963.0
144,Switzerland,1.5,4.0,0.08,0.04,52.55890912701056,20.0,Inf,NaN,52.0,20.0,52.0,AWW,952.0,1059.0,2901.0
145,Switzerland,1.5,4.0,0.08,0.04,50.83718947800613,22.0,68.5000008959315,284.0,59.0,78.0,50.83718947800613,ICU,1008.0,1024.0,3024.0
146,Switzerland,1.5,4.0,0.08,0.04,74.4781104633067,1226.0,61.50000000612007,152.0,43.0,12.0,43.0,AWW,1020.0,1042.0,2914.0
147,Switzerland,1.5,4.0,0.08,0.04,21.10025886263889,26.0,54.500000911596175,2437.0,54.0,2308.0,21.10025886263889,ICU,974.0,995.0,2959.0
148,Switzerland,1.5,4.0,0.08,0.04,61.831199503850655,614.0,64.50000033773134,928.0,55.0,226.0,55.0,AWW,963.0,1096.0,3136.0
149,Switzerland,1.5,4.0,0.08,0.04,78.87758922386543,990.0,75.50000089558662,612.0,49.0,40.0,49.0,AWW,957.0,1050.0,2957.0
150,Switzerland,1.5,4.0,0.08,0.04,82.65415549362991,1602.0,82.50000064671302,1561.0,46.0,26.0,46.0,AWW,995.0,1129.0,3040.0
151,Switzerland,1.5,4.0,0.08,0.04,79.75315256957052,1581.0,71.50000098100199,493.0,55.0,62.0,55.0,AWW,1013.0,1034.0,2968.0
152,Switzerland,1.5,4.0,0.08,0.04,54.88682153447985,1557.0,54.50000079976087,1477.0,26.0,12.0,26.0,AWW,992.0,1082.0,2905.0
153,Switzerland,1.5,4.0,0.08,0.04,78.76186949056886,493.0,36.500000221824166,24.0,42.0,30.0,36.500000221824166,HARISS,985.0,1050.0,3027.0
154,Switzerland,1.5,4.0,0.08,0.04,59.97631975410022,1309.0,57.50000097893827,936.0,39.0,74.0,39.0,AWW,952.0,1070.0,2967.0
155,Switzerland,1.5,4.0,0.08,0.04,52.140745702835616,185.0,78.50000002459748,6739.0,51.0,157.0,51.0,AWW,992.0,1036.0,3008.0
156,Switzerland,1.5,4.0,0.08,0.04,45.08259326234979,1149.0,43.50000078533909,928.0,52.0,3285.0,43.50000078533909,HARISS,961.0,1050.0,3072.0
157,Switzerland,1.5,4.0,0.08,0.04,42.74820348054271,239.0,47.50000039157087,546.0,63.0,5690.0,42.74820348054271,ICU,920.0,1056.0,2902.0
158,Switzerland,1.5,4.0,0.08,0.04,57.13904707581095,79.0,68.50000031184895,247.0,45.0,23.0,45.0,AWW,989.0,1057.0,2953.0
159,Switzerland,1.5,4.0,0.08,0.04,31.970743659297582,1.0,Inf,NaN,60.0,1.0,31.970743659297582,ICU,943.0,1015.0,3017.0
160,Switzerland,1.5,4.0,0.08,0.04,43.85108318910582,86.0,78.50000013930506,1130.0,54.0,108.0,43.85108318910582,ICU,898.0,1081.0,3039.0
161,Switzerland,1.5,4.0,0.08,0.04,51.43768570616379,249.0,47.50000004694858,142.0,60.0,821.0,47.50000004694858,HARISS,990.0,1023.0,2934.0
162,Switzerland,1.5,4.0,0.08,0.04,75.25683329227031,1859.0,71.50000030499638,1090.0,52.0,72.0,52.0,AWW,988.0,1016.0,2993.0
163,Switzerland,1.5,4.0,0.08,0.04,58.372627705251475,1161.0,40.50000012876017,96.0,35.0,44.0,35.0,AWW,985.0,1107.0,3119.0
164,Switzerland,1.5,4.0,0.08,0.04,76.14099338751524,1350.0,78.50000023856225,1900.0,38.0,11.0,38.0,AWW,1000.0,1056.0,2998.0
165,Switzerland,1.5,4.0,0.08,0.04,48.16054512087655,160.0,43.500000413934245,85.0,53.0,323.0,43.500000413934245,HARISS,878.0,1089.0,2977.0
166,Switzerland,1.5,4.0,0.08,0.04,24.220945237772042,0.0,Inf,NaN,54.0,0.0,24.220945237772042,ICU,1013.0,1081.0,3007.0
167,Switzerland,1.5,4.0,0.08,0.04,67.83025674289553,682.0,22.50000014061794,2.0,54.0,98.0,22.50000014061794,HARISS,997.0,1060.0,3077.0
168,Switzerland,1.5,4.0,0.08,0.04,26.628685133923018,190.0,29.50000004978909,252.0,58.0,283.0,26.628685133923018,ICU,1004.0,1088.0,2972.0
169,Switzerland,1.5,4.0,0.08,0.04,72.21230056606424,1619.0,61.5000003657457,340.0,43.0,16.0,43.0,AWW,955.0,1044.0,3076.0
170,Switzerland,1.5,4.0,0.08,0.04,78.70863793700454,1335.0,68.50000063115381,293.0,23.0,1.0,23.0,AWW,956.0,1070.0,3103.0
171,Switzerland,1.5,4.0,0.08,0.04,47.273927551208146,351.0,54.50000079266074,1011.0,47.0,341.0,47.0,AWW,962.0,1053.0,2899.0
172,Switzerland,1.5,4.0,0.08,0.04,72.75149499717233,708.0,71.50000031923427,591.0,34.0,8.0,34.0,AWW,983.0,1091.0,3015.0
173,Switzerland,1.5,4.0,0.08,0.04,18.042540388911995,5.0,Inf,NaN,55.0,5.0,18.042540388911995,ICU,935.0,1008.0,2961.0
174,Switzerland,1.5,4.0,0.08,0.04,63.54107016515932,1692.0,54.50000002471197,411.0,48.0,159.0,48.0,AWW,963.0,1057.0,3040.0
175,Switzerland,1.5,4.0,0.08,0.04,94.46474683733506,128.0,Inf,NaN,46.0,10.0,46.0,AWW,1006.0,1052.0,2928.0
176,Switzerland,1.5,4.0,0.08,0.04,71.26079881577716,1436.0,54.500000880758,127.0,45.0,19.0,45.0,AWW,984.0,1035.0,2974.0
177,Switzerland,1.5,4.0,0.08,0.04,35.98211177065923,10.0,Inf,NaN,44.0,45.0,35.98211177065923,ICU,990.0,1063.0,2977.0
178,Switzerland,1.5,4.0,0.08,0.04,54.36255222658705,543.0,61.50000059371034,1476.0,51.0,343.0,51.0,AWW,899.0,1044.0,3004.0
179,Switzerland,1.5,4.0,0.08,0.04,81.82659889958518,1149.0,75.50000034535734,513.0,51.0,22.0,51.0,AWW,966.0,1025.0,2973.0
180,Switzerland,1.5,4.0,0.08,0.04,36.356845475224674,10.0,Inf,NaN,45.0,10.0,36.356845475224674,ICU,950.0,1082.0,2991.0
181,Switzerland,1.5,4.0,0.08,0.04,77.95261314349445,823.0,68.50000064078392,195.0,49.0,36.0,49.0,AWW,928.0,1032.0,3010.0
182,Switzerland,1.5,4.0,0.08,0.04,77.8810021858993,2427.0,71.50000077615262,943.0,58.0,127.0,58.0,AWW,943.0,1041.0,3040.0
183,Switzerland,1.5,4.0,0.08,0.04,28.50309639908052,10.0,Inf,NaN,43.0,19.0,28.50309639908052,ICU,994.0,1112.0,3061.0
184,Switzerland,1.5,4.0,0.08,0.04,78.03761823029943,2225.0,78.50000069961074,2404.0,42.0,45.0,42.0,AWW,1011.0,1020.0,2927.0
185,Switzerland,1.5,4.0,0.08,0.04,66.97543100753114,953.0,64.50000051781187,676.0,35.0,0.0,35.0,AWW,1025.0,1059.0,2994.0
186,Switzerland,1.5,4.0,0.08,0.04,63.35351011107981,3376.0,54.500000148010685,818.0,57.0,1228.0,54.500000148010685,HARISS,941.0,1088.0,2972.0
187,Switzerland,1.5,4.0,0.08,0.04,50.42318742947183,293.0,50.500000443388565,298.0,46.0,194.0,46.0,AWW,951.0,1060.0,2977.0
188,Switzerland,1.5,4.0,0.08,0.04,41.65925390735346,127.0,36.50000076238485,64.0,38.0,78.0,36.50000076238485,HARISS,949.0,1087.0,3050.0
189,Switzerland,1.5,4.0,0.08,0.04,72.49186961028667,548.0,57.500000250018886,79.0,53.0,47.0,53.0,AWW,932.0,1061.0,3006.0
190,Switzerland,1.5,4.0,0.08,0.04,47.33724454815175,264.0,54.500000881126226,766.0,49.0,322.0,47.33724454815175,ICU,980.0,1055.0,2968.0
191,Switzerland,1.5,4.0,0.08,0.04,22.859730040115668,207.0,Inf,NaN,52.0,219.0,22.859730040115668,ICU,960.0,987.0,2907.0
192,Switzerland,1.5,4.0,0.08,0.04,40.06485738331072,16.0,71.50000044183916,594.0,54.0,73.0,40.06485738331072,ICU,961.0,1002.0,3101.0
193,Switzerland,1.5,4.0,0.08,0.04,70.80640975508997,59.0,Inf,NaN,30.0,1.0,30.0,AWW,1003.0,1089.0,3072.0
194,Switzerland,1.5,4.0,0.08,0.04,34.818745711559245,488.0,33.50000006041844,375.0,45.0,2347.0,33.50000006041844,HARISS,964.0,1085.0,2947.0
195,Switzerland,1.5,4.0,0.08,0.04,62.697006282993875,1721.0,57.500000600729315,730.0,58.0,793.0,57.500000600729315,HARISS,932.0,1030.0,2929.0
196,Switzerland,1.5,4.0,0.08,0.04,63.6145831957178,1156.0,54.500000142101165,283.0,56.0,364.0,54.500000142101165,HARISS,971.0,1071.0,2972.0
197,Switzerland,1.5,4.0,0.08,0.04,41.017664253889045,28.0,40.50000039258398,28.0,36.0,22.0,36.0,AWW,928.0,1049.0,2908.0
198,Switzerland,1.5,4.0,0.08,0.04,30.982566093593167,157.0,15.500000794635527,16.0,53.0,3896.0,15.500000794635527,HARISS,998.0,1049.0,3033.0
199,Switzerland,1.5,4.0,0.08,0.04,53.16936578241321,1017.0,47.500000764802245,454.0,55.0,1272.0,47.500000764802245,HARISS,918.0,1038.0,2938.0
200,Switzerland,1.5,4.0,0.08,0.04,65.62606512853775,3599.0,61.50000046111975,1924.0,35.0,36.0,35.0,AWW,955.0,1015.0,2961.0
201,Switzerland,1.5,4.0,0.08,0.04,65.92390776756807,373.0,71.50000077803888,844.0,46.0,23.0,46.0,AWW,917.0,1141.0,3097.0
202,Switzerland,1.5,4.0,0.08,0.04,66.80391666290025,328.0,68.50000043330478,430.0,53.0,58.0,53.0,AWW,1027.0,1107.0,2954.0
203,Switzerland,1.5,4.0,0.08,0.04,80.38228536646325,2253.0,61.50000099454214,147.0,58.0,92.0,58.0,AWW,1000.0,1100.0,2923.0
204,Switzerland,1.5,4.0,0.08,0.04,21.573912593738935,8.0,Inf,NaN,52.0,8.0,21.573912593738935,ICU,970.0,1100.0,2972.0
205,Switzerland,1.5,4.0,0.08,0.04,37.81162170561865,165.0,40.5000006384832,256.0,51.0,1077.0,37.81162170561865,ICU,987.0,1049.0,3045.0
206,Switzerland,1.5,4.0,0.08,0.04,40.8359655244496,169.0,54.50000015497835,1193.0,51.0,696.0,40.8359655244496,ICU,938.0,1035.0,3038.0
207,Switzerland,1.5,4.0,0.08,0.04,80.4438169014671,2674.0,78.5000003567665,1963.0,32.0,4.0,32.0,AWW,1032.0,1040.0,2884.0
208,Switzerland,1.5,4.0,0.08,0.04,65.35116384067251,628.0,57.50000082629538,216.0,42.0,30.0,42.0,AWW,975.0,1083.0,2899.0
209,Switzerland,1.5,4.0,0.08,0.04,66.07645049426975,2762.0,57.500000544545216,742.0,45.0,99.0,45.0,AWW,947.0,1038.0,3066.0
210,Switzerland,1.5,4.0,0.08,0.04,64.56110789809605,890.0,68.50000063950216,1606.0,55.0,199.0,55.0,AWW,1000.0,1059.0,3083.0
211,Switzerland,1.5,4.0,0.08,0.04,39.524036059431026,625.0,40.500000463161534,722.0,57.0,7446.0,39.524036059431026,ICU,951.0,1049.0,3000.0
212,Switzerland,1.5,4.0,0.08,0.04,49.44134224724268,109.0,64.50000059358557,1272.0,53.0,198.0,49.44134224724268,ICU,1019.0,1092.0,2992.0
213,Switzerland,1.5,4.0,0.08,0.04,68.74589894589636,3057.0,71.50000050502638,4736.0,52.0,241.0,52.0,AWW,976.0,1011.0,3005.0
214,Switzerland,1.5,4.0,0.08,0.04,53.424733795549706,1011.0,54.50000061733182,1179.0,51.0,681.0,51.0,AWW,1055.0,987.0,2961.0
215,Switzerland,1.5,4.0,0.08,0.04,29.63287871056274,7.0,Inf,NaN,59.0,7.0,29.63287871056274,ICU,976.0,1048.0,3075.0
216,Switzerland,1.5,4.0,0.08,0.04,72.59988955726917,682.0,85.50000064274812,4320.0,43.0,24.0,43.0,AWW,948.0,1042.0,2875.0
217,Switzerland,1.5,4.0,0.08,0.04,40.141047688421025,14.0,75.50000090354257,552.0,41.0,15.0,40.141047688421025,ICU,1010.0,1045.0,3070.0
218,Switzerland,1.5,4.0,0.08,0.04,34.0025795935661,16.0,Inf,NaN,49.0,16.0,34.0025795935661,ICU,983.0,1050.0,2963.0
219,Switzerland,1.5,4.0,0.08,0.04,87.18389790408055,164.0,Inf,NaN,59.0,23.0,59.0,AWW,1028.0,1031.0,3005.0
220,Switzerland,1.5,4.0,0.08,0.04,50.48359718670216,68.0,68.50000096227146,418.0,53.0,84.0,50.48359718670216,ICU,995.0,1083.0,2970.0
221,Switzerland,1.5,4.0,0.08,0.04,53.91743968368443,254.0,54.50000093714957,271.0,47.0,116.0,47.0,AWW,967.0,1076.0,3040.0
222,Switzerland,1.5,4.0,0.08,0.04,48.57391149900352,60.0,Inf,NaN,60.0,60.0,48.57391149900352,ICU,991.0,1066.0,2916.0
223,Switzerland,1.5,4.0,0.08,0.04,39.19424664354926,27.0,57.50000046270855,344.0,61.0,576.0,39.19424664354926,ICU,943.0,1073.0,3006.0
224,Switzerland,1.5,4.0,0.08,0.04,64.71962463440079,1069.0,57.50000013997163,394.0,23.0,4.0,23.0,AWW,935.0,1000.0,3031.0
225,Switzerland,1.5,4.0,0.08,0.04,58.29056991702558,1838.0,61.50000034668997,3110.0,40.0,135.0,40.0,AWW,984.0,1057.0,3000.0
226,Switzerland,1.5,4.0,0.08,0.04,56.81887768732048,2643.0,33.500000166874116,78.0,47.0,617.0,33.500000166874116,HARISS,1008.0,1067.0,2899.0
227,Switzerland,1.5,4.0,0.08,0.04,47.03436890582493,43.0,61.500000550133265,503.0,59.0,326.0,47.03436890582493,ICU,1007.0,1037.0,2973.0
228,Switzerland,1.5,4.0,0.08,0.04,16.032558476856593,42.0,15.500000138777503,37.0,52.0,48.0,15.500000138777503,HARISS,1032.0,1020.0,3047.0
229,Switzerland,1.5,4.0,0.08,0.04,56.29368305803321,438.0,54.50000079290217,335.0,49.0,142.0,49.0,AWW,984.0,1052.0,2956.0
230,Switzerland,1.5,4.0,0.08,0.04,31.91773858549054,203.0,29.50000059784021,136.0,51.0,3589.0,29.50000059784021,HARISS,957.0,1038.0,2993.0
231,Switzerland,1.5,4.0,0.08,0.04,55.68930812155183,346.0,68.50000086863784,2365.0,58.0,501.0,55.68930812155183,ICU,950.0,1022.0,2983.0
232,Switzerland,1.5,4.0,0.08,0.04,25.73876050658302,20.0,Inf,NaN,53.0,22.0,25.73876050658302,ICU,998.0,1032.0,2939.0
233,Switzerland,1.5,4.0,0.08,0.04,57.41185770656627,2017.0,47.50000034283235,522.0,50.0,725.0,47.50000034283235,HARISS,936.0,1033.0,3087.0
234,Switzerland,1.5,4.0,0.08,0.04,52.49778160678801,340.0,61.5000000108288,1383.0,37.0,31.0,37.0,AWW,947.0,1063.0,3011.0
235,Switzerland,1.5,4.0,0.08,0.04,40.802743274237436,260.0,36.50000028732536,120.0,51.0,1272.0,36.50000028732536,HARISS,1008.0,1028.0,2953.0
236,Switzerland,1.5,4.0,0.08,0.04,11.039045969752298,3.0,Inf,NaN,52.0,3.0,11.039045969752298,ICU,953.0,1071.0,3122.0
237,Switzerland,1.5,4.0,0.08,0.04,52.989010960115785,256.0,64.50000031929669,1372.0,60.0,731.0,52.989010960115785,ICU,1018.0,1090.0,2999.0
238,Switzerland,1.5,4.0,0.08,0.04,81.42885742147284,1245.0,61.50000075509065,80.0,48.0,12.0,48.0,AWW,922.0,1053.0,2968.0
239,Switzerland,1.5,4.0,0.08,0.04,42.006790779650935,355.0,43.500000440151396,443.0,37.0,161.0,37.0,AWW,954.0,1085.0,2970.0
240,Switzerland,1.5,4.0,0.08,0.04,65.22307000074305,19.0,Inf,NaN,57.0,9.0,57.0,AWW,950.0,1043.0,3008.0
241,Switzerland,1.5,4.0,0.08,0.04,63.035635457056785,2254.0,47.5000005370788,239.0,57.0,920.0,47.5000005370788,HARISS,935.0,1041.0,2990.0
242,Switzerland,1.5,4.0,0.08,0.04,51.08339716844258,250.0,54.50000071730997,435.0,52.0,287.0,51.08339716844258,ICU,977.0,1072.0,2978.0
243,Switzerland,1.5,4.0,0.08,0.04,14.958440389060314,0.0,Inf,NaN,59.0,0.0,14.958440389060314,ICU,953.0,1119.0,2962.0
244,Switzerland,1.5,4.0,0.08,0.04,23.50007035920296,5.0,Inf,NaN,38.0,5.0,23.50007035920296,ICU,946.0,1035.0,3091.0
245,Switzerland,1.5,4.0,0.08,0.04,62.4387463712075,320.0,43.50000093006256,67.0,21.0,5.0,21.0,AWW,944.0,1095.0,3024.0
246,Switzerland,1.5,4.0,0.08,0.04,93.95553178484901,2098.0,78.50000095045958,492.0,66.0,87.0,66.0,AWW,1013.0,1038.0,3026.0
247,Switzerland,1.5,4.0,0.08,0.04,60.90366948036903,1943.0,50.500000198746115,417.0,56.0,976.0,50.500000198746115,HARISS,984.0,1085.0,2988.0
248,Switzerland,1.5,4.0,0.08,0.04,66.49411674990948,1354.0,54.50000090922545,203.0,54.0,184.0,54.0,AWW,927.0,1073.0,3008.0
249,Switzerland,1.5,4.0,0.08,0.04,45.19198123164057,530.0,40.50000002304173,261.0,52.0,1387.0,40.50000002304173,HARISS,980.0,1048.0,2940.0
250,Switzerland,1.5,4.0,0.08,0.04,46.93335735711163,193.0,57.5000001061629,952.0,58.0,1024.0,46.93335735711163,ICU,947.0,1130.0,3068.0
251,Switzerland,1.5,4.0,0.08,0.04,68.19223719984392,211.0,Inf,NaN,46.0,11.0,46.0,AWW,974.0,1022.0,3035.0
252,Switzerland,1.5,4.0,0.08,0.04,49.363178926168096,278.0,57.500000410408774,916.0,49.0,265.0,49.0,AWW,1000.0,1090.0,2990.0
253,Switzerland,1.5,4.0,0.08,0.04,69.94874061152393,914.0,68.500000280568,732.0,42.0,12.0,42.0,AWW,970.0,1079.0,3046.0
254,Switzerland,1.5,4.0,0.08,0.04,53.445895925091726,676.0,40.500000139389215,99.0,43.0,144.0,40.500000139389215,HARISS,1036.0,1080.0,2990.0
255,Switzerland,1.5,4.0,0.08,0.04,76.88344840845883,1814.0,82.5000007913167,4230.0,50.0,45.0,50.0,AWW,988.0,1063.0,3037.0
256,Switzerland,1.5,4.0,0.08,0.04,11.816635944304757,2.0,Inf,NaN,52.0,3.0,11.816635944304757,ICU,968.0,1078.0,3031.0
257,Switzerland,1.5,4.0,0.08,0.04,59.36168279904845,1436.0,50.50000061071383,410.0,58.0,1175.0,50.50000061071383,HARISS,940.0,1016.0,2988.0
258,Switzerland,1.5,4.0,0.08,0.04,30.839202249976946,34.0,54.50000068068644,1331.0,33.0,45.0,30.839202249976946,ICU,973.0,1056.0,3015.0
259,Switzerland,1.5,4.0,0.08,0.04,52.188922689761526,166.0,57.500000793825485,349.0,48.0,96.0,48.0,AWW,992.0,1038.0,3006.0
260,Switzerland,1.5,4.0,0.08,0.04,57.80525909197772,264.0,61.500000677185184,434.0,40.0,28.0,40.0,AWW,960.0,1060.0,2950.0
261,Switzerland,1.5,4.0,0.08,0.04,62.81714275911415,242.0,71.50000063053984,1014.0,42.0,9.0,42.0,AWW,942.0,1018.0,2951.0
262,Switzerland,1.5,4.0,0.08,0.04,37.142021165477104,446.0,40.50000040945293,750.0,57.0,8458.0,37.142021165477104,ICU,971.0,1078.0,3060.0
263,Switzerland,1.5,4.0,0.08,0.04,5.827744046470186,0.0,Inf,NaN,36.0,0.0,5.827744046470186,ICU,969.0,1032.0,2923.0
264,Switzerland,1.5,4.0,0.08,0.04,64.64220843968937,235.0,71.50000032909267,723.0,39.0,4.0,39.0,AWW,935.0,1040.0,3023.0
265,Switzerland,1.5,4.0,0.08,0.04,53.29553962302535,191.0,40.500000340024556,19.0,56.0,291.0,40.500000340024556,HARISS,958.0,1091.0,2957.0
266,Switzerland,1.5,4.0,0.08,0.04,31.547287963104946,20.0,50.50000043678094,306.0,55.0,562.0,31.547287963104946,ICU,937.0,1010.0,2931.0
267,Switzerland,1.5,4.0,0.08,0.04,76.51362281256195,1074.0,78.50000033933402,1435.0,55.0,50.0,55.0,AWW,991.0,1075.0,2913.0
268,Switzerland,1.5,4.0,0.08,0.04,57.2062184985226,2661.0,43.50000008502704,386.0,36.0,139.0,36.0,AWW,959.0,1077.0,2917.0
269,Switzerland,1.5,4.0,0.08,0.04,86.16963380148978,1628.0,85.50000073036284,1485.0,55.0,38.0,55.0,AWW,939.0,1008.0,3004.0
270,Switzerland,1.5,4.0,0.08,0.04,71.0589386767435,3368.0,43.500000324084,61.0,33.0,3.0,33.0,AWW,998.0,1034.0,2936.0
271,Switzerland,1.5,4.0,0.08,0.04,52.93372969071812,1171.0,36.50000081539701,86.0,47.0,471.0,36.50000081539701,HARISS,886.0,1074.0,3007.0
272,Switzerland,1.5,4.0,0.08,0.04,65.30475363808003,637.0,64.50000025755827,565.0,51.0,82.0,51.0,AWW,938.0,1069.0,3001.0
273,Switzerland,1.5,4.0,0.08,0.04,60.45351393799267,2446.0,47.500000423117385,382.0,59.0,2016.0,47.500000423117385,HARISS,979.0,1019.0,3071.0
274,Switzerland,1.5,4.0,0.08,0.04,37.89337436092729,100.0,54.50000096295606,1414.0,54.0,1299.0,37.89337436092729,ICU,965.0,1064.0,3033.0
275,Switzerland,1.5,4.0,0.08,0.04,70.37278436481854,1074.0,61.50000035307443,282.0,60.0,241.0,60.0,AWW,942.0,1028.0,2986.0
276,Switzerland,1.5,4.0,0.08,0.04,74.3341472709478,3599.0,64.50000062343702,784.0,46.0,65.0,46.0,AWW,970.0,1019.0,3030.0
277,Switzerland,1.5,4.0,0.08,0.04,40.512075337281935,482.0,43.500000608340414,806.0,60.0,8765.0,40.512075337281935,ICU,941.0,1062.0,3001.0
278,Switzerland,1.5,4.0,0.08,0.04,67.2092597165152,470.0,75.5000006310008,1737.0,49.0,30.0,49.0,AWW,994.0,1025.0,3007.0
279,Switzerland,1.5,4.0,0.08,0.04,54.24216223744753,292.0,61.50000064108456,906.0,45.0,77.0,45.0,AWW,972.0,1030.0,3079.0
280,Switzerland,1.5,4.0,0.08,0.04,30.695672671258823,5.0,Inf,NaN,7.0,0.0,7.0,AWW,952.0,1011.0,2968.0
281,Switzerland,1.5,4.0,0.08,0.04,55.763956055811306,1470.0,40.500000615847874,157.0,56.0,1527.0,40.500000615847874,HARISS,976.0,1032.0,2940.0
282,Switzerland,1.5,4.0,0.08,0.04,40.662308689180094,15.0,61.5000008940544,291.0,54.0,113.0,40.662308689180094,ICU,987.0,1057.0,2920.0
283,Switzerland,1.5,4.0,0.08,0.04,41.88996867022739,433.0,47.50000042212849,1058.0,51.0,1835.0,41.88996867022739,ICU,1001.0,1047.0,2979.0
284,Switzerland,1.5,4.0,0.08,0.04,46.89025478201836,10.0,82.50000010122181,1394.0,57.0,45.0,46.89025478201836,ICU,949.0,1096.0,2974.0
285,Switzerland,1.5,4.0,0.08,0.04,25.112074183863378,22.0,Inf,NaN,53.0,22.0,25.112074183863378,ICU,977.0,999.0,2985.0
286,Switzerland,1.5,4.0,0.08,0.04,62.51186375389001,701.0,64.50000063122204,934.0,45.0,46.0,45.0,AWW,975.0,1083.0,3113.0
287,Switzerland,1.5,4.0,0.08,0.04,68.65822152572864,378.0,68.50000045302959,369.0,53.0,35.0,53.0,AWW,979.0,1047.0,2965.0
288,Switzerland,1.5,4.0,0.08,0.04,44.35863294295135,144.0,43.50000080868269,130.0,46.0,200.0,43.50000080868269,HARISS,941.0,1041.0,3093.0
289,Switzerland,1.5,4.0,0.08,0.04,71.36933783834085,1822.0,47.50000018893041,64.0,34.0,11.0,34.0,AWW,987.0,1029.0,2913.0
290,Switzerland,1.5,4.0,0.08,0.04,61.4295803819392,503.0,57.50000038822669,285.0,54.0,185.0,54.0,AWW,1005.0,1031.0,2935.0
291,Switzerland,1.5,4.0,0.08,0.04,59.821092643513516,3807.0,57.50000093651018,2667.0,15.0,5.0,15.0,AWW,915.0,1091.0,2991.0
292,Switzerland,1.5,4.0,0.08,0.04,54.982559839521755,1351.0,54.50000015451272,1258.0,16.0,3.0,16.0,AWW,942.0,1046.0,2940.0
293,Switzerland,1.5,4.0,0.08,0.04,59.901986209619835,411.0,57.50000024921523,311.0,52.0,165.0,52.0,AWW,993.0,997.0,2963.0
294,Switzerland,1.5,4.0,0.08,0.04,10.823067484703579,2.0,Inf,NaN,54.0,2.0,10.823067484703579,ICU,1022.0,1043.0,3028.0
295,Switzerland,1.5,4.0,0.08,0.04,63.03735600227301,285.0,68.50000048183394,578.0,47.0,37.0,47.0,AWW,996.0,1074.0,2893.0
296,Switzerland,1.5,4.0,0.08,0.04,55.074813876810424,210.0,57.50000008504273,281.0,55.0,208.0,55.0,AWW,986.0,1064.0,2969.0
297,Switzerland,1.5,4.0,0.08,0.04,89.90276080507762,896.0,85.50000079291966,584.0,50.0,28.0,50.0,AWW,948.0,1031.0,3080.0
298,Switzerland,1.5,4.0,0.08,0.04,66.61980067622109,1202.0,50.50000029998282,100.0,53.0,158.0,50.50000029998282,HARISS,974.0,1030.0,2981.0
299,Switzerland,1.5,4.0,0.08,0.04,60.173569207923,271.0,61.50000057424167,327.0,39.0,32.0,39.0,AWW,961.0,1075.0,2993.0
300,Switzerland,1.5,4.0,0.08,0.04,75.1381377176199,874.0,78.50000081453315,1425.0,54.0,97.0,54.0,AWW,986.0,1050.0,3075.0
301,Switzerland,1.5,4.0,0.08,0.04,60.90938176566381,191.0,75.50000021828646,1442.0,48.0,55.0,48.0,AWW,943.0,1048.0,2956.0
302,Switzerland,1.5,4.0,0.08,0.04,94.15245452229514,782.0,Inf,NaN,55.0,21.0,55.0,AWW,1040.0,1022.0,2922.0
303,Switzerland,1.5,4.0,0.08,0.04,42.08484925257358,683.0,33.50000021639797,182.0,49.0,1905.0,33.50000021639797,HARISS,948.0,1015.0,3021.0
304,Switzerland,1.5,4.0,0.08,0.04,61.00756445242179,956.0,61.50000006492086,1049.0,56.0,430.0,56.0,AWW,965.0,1031.0,2892.0
305,Switzerland,1.5,4.0,0.08,0.04,54.89745583608292,1169.0,61.50000093297919,3242.0,59.0,2164.0,54.89745583608292,ICU,976.0,1029.0,3060.0
306,Switzerland,1.5,4.0,0.08,0.04,35.099591919673564,5.0,75.50000001644572,824.0,64.0,124.0,35.099591919673564,ICU,910.0,1078.0,3021.0
307,Switzerland,1.5,4.0,0.08,0.04,27.304233457435423,1.0,Inf,NaN,54.0,1.0,27.304233457435423,ICU,997.0,1051.0,3040.0
308,Switzerland,1.5,4.0,0.08,0.04,60.45284368886122,296.0,33.500000183672924,9.0,47.0,68.0,33.500000183672924,HARISS,1005.0,1038.0,3029.0
309,Switzerland,1.5,4.0,0.08,0.04,61.159791562173716,252.0,68.50000063076415,705.0,56.0,118.0,56.0,AWW,953.0,1051.0,2964.0
310,Switzerland,1.5,4.0,0.08,0.04,56.88147151980118,791.0,64.50000078384244,2188.0,47.0,191.0,47.0,AWW,937.0,1060.0,3039.0
311,Switzerland,1.5,4.0,0.08,0.04,57.67213260395804,243.0,61.50000040015448,448.0,48.0,46.0,48.0,AWW,962.0,1098.0,2913.0
312,Switzerland,1.5,4.0,0.08,0.04,30.299041182981085,96.0,54.500000340086416,2570.0,43.0,490.0,30.299041182981085,ICU,972.0,1064.0,2936.0
313,Switzerland,1.5,4.0,0.08,0.04,70.57743565572265,2288.0,61.50000092415123,568.0,50.0,91.0,50.0,AWW,946.0,1039.0,2957.0
314,Switzerland,1.5,4.0,0.08,0.04,41.46726111388347,417.0,36.50000009419091,223.0,58.0,4022.0,36.50000009419091,HARISS,958.0,1092.0,3105.0
315,Switzerland,1.5,4.0,0.08,0.04,57.077324073066066,1270.0,61.50000076272636,2539.0,50.0,425.0,50.0,AWW,1022.0,1074.0,3019.0
316,Switzerland,1.5,4.0,0.08,0.04,48.84845079587014,1622.0,47.50000068709852,1341.0,51.0,2228.0,47.50000068709852,HARISS,955.0,1058.0,3093.0
317,Switzerland,1.5,4.0,0.08,0.04,59.799070479384504,942.0,61.50000074617846,1200.0,52.0,297.0,52.0,AWW,1012.0,1070.0,2976.0
318,Switzerland,1.5,4.0,0.08,0.04,65.56304168059827,697.0,68.5000004307188,1063.0,54.0,143.0,54.0,AWW,966.0,1024.0,3053.0
319,Switzerland,1.5,4.0,0.08,0.04,86.46206862854577,926.0,68.500000024805,107.0,55.0,54.0,55.0,AWW,951.0,1012.0,3024.0
320,Switzerland,1.5,4.0,0.08,0.04,40.967334994066114,97.0,50.50000053789445,450.0,53.0,656.0,40.967334994066114,ICU,934.0,1009.0,2905.0
321,Switzerland,1.5,4.0,0.08,0.04,49.593533656189294,329.0,36.50000086056738,61.0,39.0,79.0,36.50000086056738,HARISS,990.0,1097.0,2998.0
322,Switzerland,1.5,4.0,0.08,0.04,76.37630362547996,1580.0,75.50000073776617,1391.0,50.0,38.0,50.0,AWW,967.0,1045.0,2913.0
323,Switzerland,1.5,4.0,0.08,0.04,37.728033469350976,521.0,36.50000002877217,438.0,52.0,4410.0,36.50000002877217,HARISS,961.0,1078.0,3003.0
324,Switzerland,1.5,4.0,0.08,0.04,70.24087099765471,2032.0,61.500000614732485,504.0,34.0,7.0,34.0,AWW,952.0,1033.0,2965.0
325,Switzerland,1.5,4.0,0.08,0.04,30.236255112996062,58.0,36.50000049777426,164.0,37.0,173.0,30.236255112996062,ICU,957.0,1072.0,2975.0
326,Switzerland,1.5,4.0,0.08,0.04,37.4675580714257,258.0,50.500000593931986,1792.0,57.0,4793.0,37.4675580714257,ICU,995.0,998.0,3034.0
327,Switzerland,1.5,4.0,0.08,0.04,64.37290497231132,1778.0,61.50000027813871,1140.0,59.0,760.0,59.0,AWW,942.0,1092.0,2914.0
328,Switzerland,1.5,4.0,0.08,0.04,27.508372084893896,13.0,Inf,NaN,26.0,13.0,26.0,AWW,949.0,1014.0,2983.0
329,Switzerland,1.5,4.0,0.08,0.04,53.592590883911384,462.0,61.50000041329592,1399.0,16.0,9.0,16.0,AWW,970.0,1094.0,3060.0
330,Switzerland,1.5,4.0,0.08,0.04,57.17422449611052,195.0,68.50000023933534,1130.0,48.0,46.0,48.0,AWW,1012.0,1080.0,3102.0
331,Switzerland,1.5,4.0,0.08,0.04,50.970397167943425,288.0,54.50000025291165,465.0,52.0,338.0,50.970397167943425,ICU,999.0,1047.0,2999.0
332,Switzerland,1.5,4.0,0.08,0.04,56.77413237465649,61.0,61.50000090024672,113.0,57.0,61.0,56.77413237465649,ICU,1016.0,1083.0,3052.0
333,Switzerland,1.5,4.0,0.08,0.04,75.98359497879244,859.0,64.50000052706463,175.0,56.0,62.0,56.0,AWW,999.0,1047.0,2942.0
334,Switzerland,1.5,4.0,0.08,0.04,53.80566314837973,734.0,54.50000009942971,848.0,58.0,1348.0,53.80566314837973,ICU,945.0,1013.0,3083.0
335,Switzerland,1.5,4.0,0.08,0.04,49.75298980558393,660.0,50.50000007958393,724.0,57.0,2041.0,49.75298980558393,ICU,1002.0,998.0,3037.0
336,Switzerland,1.5,4.0,0.08,0.04,35.17131632146097,6.0,71.5000001791142,512.0,44.0,15.0,35.17131632146097,ICU,894.0,1147.0,3013.0
337,Switzerland,1.5,4.0,0.08,0.04,32.16031469466043,297.0,33.500000830576354,350.0,58.0,12833.0,32.16031469466043,ICU,987.0,1033.0,3012.0
338,Switzerland,1.5,4.0,0.08,0.04,75.12243758899383,1629.0,61.50000007418606,265.0,47.0,40.0,47.0,AWW,945.0,1020.0,2916.0
339,Switzerland,1.5,4.0,0.08,0.04,49.894714187201465,92.0,64.5000000732675,658.0,36.0,13.0,36.0,AWW,965.0,1038.0,2993.0
340,Switzerland,1.5,4.0,0.08,0.04,65.37286541950867,1055.0,61.50000066155872,614.0,55.0,205.0,55.0,AWW,1009.0,1076.0,3002.0
341,Switzerland,1.5,4.0,0.08,0.04,47.80934926986623,131.0,47.500000173840164,125.0,49.0,152.0,47.500000173840164,HARISS,989.0,1062.0,2916.0
342,Switzerland,1.5,4.0,0.08,0.04,76.61412863592788,450.0,71.5000004325685,237.0,59.0,48.0,59.0,AWW,1012.0,1087.0,3035.0
343,Switzerland,1.5,4.0,0.08,0.04,62.93351105882051,227.0,50.50000056662275,46.0,48.0,39.0,48.0,AWW,986.0,998.0,3057.0
344,Switzerland,1.5,4.0,0.08,0.04,65.25331628758966,62.0,85.50000030666695,1141.0,42.0,5.0,42.0,AWW,1021.0,986.0,2919.0
345,Switzerland,1.5,4.0,0.08,0.04,40.23997101473877,162.0,57.500000345050665,2178.0,56.0,1688.0,40.23997101473877,ICU,1001.0,1096.0,3074.0
346,Switzerland,1.5,4.0,0.08,0.04,66.88651294319872,289.0,64.50000057073565,207.0,66.0,250.0,64.50000057073565,HARISS,895.0,1013.0,2940.0
347,Switzerland,1.5,4.0,0.08,0.04,25.56970287533544,85.0,43.500000200314076,1503.0,42.0,1175.0,25.56970287533544,ICU,961.0,1013.0,3006.0
348,Switzerland,1.5,4.0,0.08,0.04,46.57845048676754,1547.0,43.50000097078156,934.0,55.0,5365.0,43.50000097078156,HARISS,1008.0,1007.0,2987.0
349,Switzerland,1.5,4.0,0.08,0.04,55.7083118425407,433.0,54.50000019663239,351.0,50.0,188.0,50.0,AWW,982.0,1042.0,2986.0
350,Switzerland,1.5,4.0,0.08,0.04,58.324758643410696,3029.0,54.50000098654456,1683.0,48.0,606.0,48.0,AWW,966.0,1087.0,3016.0
351,Switzerland,1.5,4.0,0.08,0.04,39.70764043146497,1388.0,33.50000029961965,559.0,57.0,16395.0,33.50000029961965,HARISS,922.0,1065.0,3013.0
352,Switzerland,1.5,4.0,0.08,0.04,59.336787904745414,2589.0,43.50000084303935,218.0,50.0,604.0,43.50000084303935,HARISS,966.0,1032.0,3042.0
353,Switzerland,1.5,4.0,0.08,0.04,68.01109467977732,366.0,82.50000068567508,3237.0,46.0,48.0,46.0,AWW,1022.0,1082.0,2976.0
354,Switzerland,1.5,4.0,0.08,0.04,59.4991118466084,213.0,64.50000040699982,487.0,44.0,33.0,44.0,AWW,1033.0,1041.0,3021.0
355,Switzerland,1.5,4.0,0.08,0.04,28.689891361480168,7.0,57.50000055763404,734.0,39.0,45.0,28.689891361480168,ICU,939.0,1070.0,3009.0
356,Switzerland,1.5,4.0,0.08,0.04,42.13480469593084,190.0,40.50000033079616,151.0,60.0,2131.0,40.50000033079616,HARISS,918.0,1110.0,3044.0
357,Switzerland,1.5,4.0,0.08,0.04,55.987454979451535,1855.0,43.50000062263295,295.0,57.0,2124.0,43.50000062263295,HARISS,927.0,1081.0,3014.0
358,Switzerland,1.5,4.0,0.08,0.04,64.28959313691126,1032.0,47.500000371972874,84.0,58.0,414.0,47.500000371972874,HARISS,934.0,961.0,2972.0
359,Switzerland,1.5,4.0,0.08,0.04,66.76632320831484,766.0,71.5000005888283,1504.0,39.0,15.0,39.0,AWW,960.0,1088.0,2994.0
360,Switzerland,1.5,4.0,0.08,0.04,68.75373712073723,952.0,64.50000080700032,526.0,54.0,114.0,54.0,AWW,991.0,1091.0,2952.0
361,Switzerland,1.5,4.0,0.08,0.04,18.56361954758635,29.0,29.50000094730331,63.0,56.0,63.0,18.56361954758635,ICU,936.0,1066.0,3071.0
362,Switzerland,1.5,4.0,0.08,0.04,44.45714577106355,165.0,54.500000651679215,811.0,52.0,527.0,44.45714577106355,ICU,959.0,1089.0,3141.0
363,Switzerland,1.5,4.0,0.08,0.04,71.06757922519463,432.0,71.50000097821113,460.0,51.0,20.0,51.0,AWW,956.0,1061.0,3003.0
364,Switzerland,1.5,4.0,0.08,0.04,60.06684217428286,836.0,57.50000011536525,553.0,62.0,1116.0,57.50000011536525,HARISS,987.0,1100.0,2975.0
365,Switzerland,1.5,4.0,0.08,0.04,73.97643888629803,474.0,71.50000084322062,337.0,45.0,37.0,45.0,AWW,992.0,1107.0,2897.0
366,Switzerland,1.5,4.0,0.08,0.04,7.64333590137274,15.0,Inf,NaN,18.0,39.0,7.64333590137274,ICU,998.0,1091.0,3088.0
367,Switzerland,1.5,4.0,0.08,0.04,38.788249023752336,18.0,78.50000018816002,3161.0,56.0,104.0,38.788249023752336,ICU,1010.0,1055.0,3063.0
368,Switzerland,1.5,4.0,0.08,0.04,83.65006792929051,1082.0,68.50000006290037,117.0,22.0,0.0,22.0,AWW,976.0,1033.0,2994.0
369,Switzerland,1.5,4.0,0.08,0.04,34.21071131138892,5.0,Inf,NaN,51.0,5.0,34.21071131138892,ICU,969.0,1055.0,2950.0
370,Switzerland,1.5,4.0,0.08,0.04,30.002718148431207,1.0,Inf,NaN,58.0,3.0,30.002718148431207,ICU,965.0,1084.0,3054.0
371,Switzerland,1.5,4.0,0.08,0.04,50.519464299505024,305.0,64.5000002444677,2249.0,48.0,208.0,48.0,AWW,989.0,1066.0,3065.0
372,Switzerland,1.5,4.0,0.08,0.04,52.72042125929687,575.0,47.500000404003444,260.0,49.0,334.0,47.500000404003444,HARISS,942.0,1107.0,2995.0
373,Switzerland,1.5,4.0,0.08,0.04,69.87032535852588,1478.0,75.5000007644017,3443.0,36.0,2.0,36.0,AWW,961.0,995.0,2972.0
374,Switzerland,1.5,4.0,0.08,0.04,56.73988420822332,1896.0,40.50000039214187,164.0,56.0,1687.0,40.50000039214187,HARISS,1003.0,1078.0,2933.0
375,Switzerland,1.5,4.0,0.08,0.04,48.12157341462508,76.0,61.500000401987755,527.0,42.0,44.0,42.0,AWW,977.0,1057.0,3027.0
376,Switzerland,1.5,4.0,0.08,0.04,32.552489321543035,601.0,36.50000069369229,1075.0,52.0,11620.0,32.552489321543035,ICU,962.0,1023.0,2994.0
377,Switzerland,1.5,4.0,0.08,0.04,69.6033297207191,947.0,61.50000039185474,283.0,52.0,67.0,52.0,AWW,951.0,1063.0,3033.0
378,Switzerland,1.5,4.0,0.08,0.04,54.659795178683005,2702.0,47.500000645501245,959.0,55.0,2828.0,47.500000645501245,HARISS,954.0,1062.0,2965.0
379,Switzerland,1.5,4.0,0.08,0.04,48.91716125951042,667.0,57.50000078070501,2502.0,44.0,305.0,44.0,AWW,978.0,1012.0,2925.0
380,Switzerland,1.5,4.0,0.08,0.04,40.78049442375383,24.0,85.50000028916278,2423.0,47.0,37.0,40.78049442375383,ICU,951.0,982.0,3006.0
381,Switzerland,1.5,4.0,0.08,0.04,61.39717325930086,2119.0,19.500000362641856,9.0,52.0,609.0,19.500000362641856,HARISS,941.0,1082.0,2957.0
382,Switzerland,1.5,4.0,0.08,0.04,79.23161395133276,427.0,85.50000050022891,925.0,46.0,33.0,46.0,AWW,936.0,1037.0,2984.0
383,Switzerland,1.5,4.0,0.08,0.04,70.1660527498162,211.0,78.50000096894645,692.0,52.0,24.0,52.0,AWW,941.0,1093.0,2927.0
384,Switzerland,1.5,4.0,0.08,0.04,73.85049521057907,1135.0,75.50000051773725,1473.0,53.0,70.0,53.0,AWW,939.0,1078.0,2951.0
385,Switzerland,1.5,4.0,0.08,0.04,19.781559371495366,10.0,Inf,NaN,38.0,10.0,19.781559371495366,ICU,953.0,1075.0,2956.0
386,Switzerland,1.5,4.0,0.08,0.04,59.494657819461985,137.0,64.50000036033887,294.0,56.0,87.0,56.0,AWW,1009.0,962.0,3039.0
387,Switzerland,1.5,4.0,0.08,0.04,69.23939065436785,498.0,68.50000085308106,462.0,29.0,8.0,29.0,AWW,992.0,1045.0,2991.0
388,Switzerland,1.5,4.0,0.08,0.04,33.50106590918712,9.0,Inf,NaN,57.0,9.0,33.50106590918712,ICU,1042.0,1064.0,2972.0
389,Switzerland,1.5,4.0,0.08,0.04,61.381814283751446,1495.0,47.500000910178954,200.0,46.0,165.0,46.0,AWW,990.0,1051.0,2964.0
390,Switzerland,1.5,4.0,0.08,0.04,42.276362107987936,372.0,50.50000035150238,1288.0,48.0,869.0,42.276362107987936,ICU,972.0,1077.0,3045.0
391,Switzerland,1.5,4.0,0.08,0.04,54.168823186321866,166.0,47.50000046525844,69.0,38.0,30.0,38.0,AWW,950.0,1048.0,2941.0
392,Switzerland,1.5,4.0,0.08,0.04,63.836778609696324,3091.0,47.50000090111617,205.0,42.0,83.0,42.0,AWW,1038.0,1081.0,2898.0
393,Switzerland,1.5,4.0,0.08,0.04,59.07953022161159,330.0,57.500000992944635,266.0,48.0,67.0,48.0,AWW,979.0,1030.0,3087.0
394,Switzerland,1.5,4.0,0.08,0.04,41.388403734756054,88.0,50.50000065636823,429.0,40.0,70.0,40.0,AWW,979.0,1040.0,3053.0
395,Switzerland,1.5,4.0,0.08,0.04,72.15921510172053,832.0,68.50000064489541,498.0,54.0,87.0,54.0,AWW,931.0,1064.0,2922.0
396,Switzerland,1.5,4.0,0.08,0.04,40.26743082490867,302.0,50.50000092962719,1565.0,62.0,8460.0,40.26743082490867,ICU,971.0,1091.0,2995.0
397,Switzerland,1.5,4.0,0.08,0.04,51.46458004286229,602.0,50.500000284878176,511.0,54.0,861.0,50.500000284878176,HARISS,921.0,960.0,2925.0
398,Switzerland,1.5,4.0,0.08,0.04,64.44313715805669,2509.0,29.50000058000317,17.0,59.0,1093.0,29.50000058000317,HARISS,929.0,1076.0,2955.0
399,Switzerland,1.5,4.0,0.08,0.04,59.289905798409855,338.0,68.50000066662308,1224.0,52.0,150.0,52.0,AWW,891.0,1131.0,2989.0
400,Switzerland,1.5,4.0,0.08,0.04,43.77811202293693,157.0,61.500000886970646,2323.0,56.0,999.0,43.77811202293693,ICU,991.0,1064.0,2975.0
401,Switzerland,1.5,4.0,0.08,0.04,55.00805404273654,84.0,57.50000071416045,118.0,58.0,127.0,55.00805404273654,ICU,945.0,1082.0,2977.0
402,Switzerland,1.5,4.0,0.08,0.04,80.70371308527996,585.0,78.50000092721997,481.0,58.0,38.0,58.0,AWW,956.0,1043.0,2939.0
403,Switzerland,1.5,4.0,0.08,0.04,62.17354017834228,607.0,68.50000072021075,1588.0,50.0,85.0,50.0,AWW,881.0,1109.0,3002.0
404,Switzerland,1.5,4.0,0.08,0.04,63.54529106638456,2130.0,57.50000093716595,931.0,40.0,100.0,40.0,AWW,956.0,1085.0,2995.0
405,Switzerland,1.5,4.0,0.08,0.04,64.59866464712366,564.0,68.50000057448625,1010.0,49.0,63.0,49.0,AWW,989.0,1021.0,2960.0
406,Switzerland,1.5,4.0,0.08,0.04,50.76573987416647,280.0,33.500000457973854,30.0,47.0,182.0,33.500000457973854,HARISS,994.0,1021.0,2917.0
407,Switzerland,1.5,4.0,0.08,0.04,53.44638017048455,180.0,61.5000007309948,534.0,63.0,667.0,53.44638017048455,ICU,1016.0,1060.0,2982.0
408,Switzerland,1.5,4.0,0.08,0.04,73.7259525253767,726.0,78.50000005977276,1415.0,48.0,23.0,48.0,AWW,923.0,1010.0,2973.0
409,Switzerland,1.5,4.0,0.08,0.04,63.45684817869901,944.0,68.50000064615185,2000.0,33.0,11.0,33.0,AWW,956.0,1073.0,2934.0
410,Switzerland,1.5,4.0,0.08,0.04,75.2130102499164,1629.0,54.50000023395372,110.0,59.0,191.0,54.50000023395372,HARISS,965.0,1003.0,2976.0
411,Switzerland,1.5,4.0,0.08,0.04,76.90418534625017,592.0,68.50000021514018,206.0,56.0,29.0,56.0,AWW,986.0,1076.0,2979.0
412,Switzerland,1.5,4.0,0.08,0.04,64.67122916576,521.0,68.50000011900717,976.0,49.0,44.0,49.0,AWW,945.0,1085.0,3048.0
413,Switzerland,1.5,4.0,0.08,0.04,72.08333555340593,863.0,78.50000053272979,2425.0,51.0,32.0,51.0,AWW,986.0,1083.0,2998.0
414,Switzerland,1.5,4.0,0.08,0.04,55.33515617680205,780.0,40.50000027692483,69.0,47.0,204.0,40.50000027692483,HARISS,1023.0,1114.0,2928.0
415,Switzerland,1.5,4.0,0.08,0.04,59.45538573463632,267.0,61.500000897915,344.0,61.0,321.0,59.45538573463632,ICU,998.0,1011.0,2985.0
416,Switzerland,1.5,4.0,0.08,0.04,52.04875126354273,542.0,57.500000974341724,1211.0,42.0,116.0,42.0,AWW,992.0,1054.0,2920.0
417,Switzerland,1.5,4.0,0.08,0.04,68.94627083136614,722.0,61.50000072338935,223.0,41.0,14.0,41.0,AWW,970.0,1068.0,2947.0
418,Switzerland,1.5,4.0,0.08,0.04,70.26636839407283,270.0,68.50000068989145,208.0,32.0,3.0,32.0,AWW,1018.0,1100.0,2998.0
419,Switzerland,1.5,4.0,0.08,0.04,69.45365809240555,1007.0,68.50000006041158,870.0,46.0,20.0,46.0,AWW,954.0,1070.0,3091.0
420,Switzerland,1.5,4.0,0.08,0.04,63.06012182742747,161.0,75.50000031122735,1112.0,55.0,43.0,55.0,AWW,936.0,1058.0,3045.0
421,Switzerland,1.5,4.0,0.08,0.04,60.14182748629047,735.0,43.50000073239523,79.0,37.0,33.0,37.0,AWW,993.0,1006.0,3003.0
422,Switzerland,1.5,4.0,0.08,0.04,48.715872851410495,297.0,50.500000054149204,378.0,46.0,190.0,46.0,AWW,966.0,1044.0,2930.0
423,Switzerland,1.5,4.0,0.08,0.04,30.88288039629142,73.0,36.50000040189546,162.0,57.0,2594.0,30.88288039629142,ICU,941.0,1050.0,2920.0
424,Switzerland,1.5,4.0,0.08,0.04,58.80863037531896,122.0,61.50000016317309,171.0,36.0,15.0,36.0,AWW,970.0,1086.0,2876.0
425,Switzerland,1.5,4.0,0.08,0.04,59.26373399365055,468.0,68.50000070801316,1677.0,48.0,94.0,48.0,AWW,960.0,1060.0,2961.0
426,Switzerland,1.5,4.0,0.08,0.04,71.91798831971418,1008.0,78.5000002874881,2775.0,36.0,16.0,36.0,AWW,1058.0,1036.0,2990.0
427,Switzerland,1.5,4.0,0.08,0.04,39.105342769242625,261.0,40.50000096348345,315.0,51.0,1486.0,39.105342769242625,ICU,943.0,1017.0,3049.0
428,Switzerland,1.5,4.0,0.08,0.04,63.782770142670394,733.0,71.50000089301321,2306.0,48.0,58.0,48.0,AWW,964.0,1073.0,2907.0
429,Switzerland,1.5,4.0,0.08,0.04,72.46463863670047,989.0,54.50000025627336,92.0,59.0,145.0,54.50000025627336,HARISS,966.0,1039.0,2875.0
430,Switzerland,1.5,4.0,0.08,0.04,50.9204398657577,252.0,64.5000002362746,2311.0,45.0,116.0,45.0,AWW,890.0,1036.0,2960.0
431,Switzerland,1.5,4.0,0.08,0.04,9.676294700291674,3.0,Inf,NaN,55.0,3.0,9.676294700291674,ICU,982.0,1040.0,3038.0
432,Switzerland,1.5,4.0,0.08,0.04,58.37052926465923,2970.0,50.50000063231831,911.0,21.0,13.0,21.0,AWW,935.0,1062.0,2961.0
433,Switzerland,1.5,4.0,0.08,0.04,68.129515158647,494.0,75.50000010184404,1592.0,56.0,80.0,56.0,AWW,983.0,1037.0,2963.0
434,Switzerland,1.5,4.0,0.08,0.04,58.35877395966369,353.0,47.50000017475588,52.0,53.0,139.0,47.50000017475588,HARISS,944.0,1015.0,3024.0
435,Switzerland,1.5,4.0,0.08,0.04,53.686576485003606,305.0,61.50000051125555,905.0,48.0,148.0,48.0,AWW,1025.0,1016.0,3030.0
436,Switzerland,1.5,4.0,0.08,0.04,71.89665975982052,630.0,61.50000006590764,182.0,46.0,24.0,46.0,AWW,962.0,1054.0,2985.0
437,Switzerland,1.5,4.0,0.08,0.04,55.56591172609135,324.0,40.50000071244026,44.0,50.0,161.0,40.50000071244026,HARISS,948.0,1058.0,3002.0
438,Switzerland,1.5,4.0,0.08,0.04,52.54870501401706,757.0,47.5000005658798,341.0,47.0,314.0,47.0,AWW,1024.0,1067.0,3007.0
439,Switzerland,1.5,4.0,0.08,0.04,43.725315948842294,234.0,47.500000465592635,405.0,58.0,2179.0,43.725315948842294,ICU,1014.0,1052.0,2920.0
440,Switzerland,1.5,4.0,0.08,0.04,60.75022803225769,553.0,43.50000013491647,38.0,59.0,432.0,43.50000013491647,HARISS,927.0,1073.0,3041.0
441,Switzerland,1.5,4.0,0.08,0.04,37.66909111775737,51.0,40.50000057678028,85.0,40.0,76.0,37.66909111775737,ICU,955.0,1099.0,3024.0
442,Switzerland,1.5,4.0,0.08,0.04,53.2060739940309,823.0,57.500000647354796,1506.0,38.0,76.0,38.0,AWW,954.0,1032.0,2907.0
443,Switzerland,1.5,4.0,0.08,0.04,21.428068409983272,0.0,Inf,NaN,62.0,0.0,21.428068409983272,ICU,938.0,1053.0,2997.0
444,Switzerland,1.5,4.0,0.08,0.04,48.492692197574485,297.0,54.500000406871,678.0,58.0,1124.0,48.492692197574485,ICU,998.0,995.0,2960.0
445,Switzerland,1.5,4.0,0.08,0.04,86.36879904597033,803.0,85.50000020483705,706.0,62.0,58.0,62.0,AWW,922.0,1100.0,2953.0
446,Switzerland,1.5,4.0,0.08,0.04,55.6984476295962,193.0,71.5000003158225,2143.0,57.0,239.0,55.6984476295962,ICU,951.0,1017.0,3041.0
447,Switzerland,1.5,4.0,0.08,0.04,77.5556911929582,289.0,85.5000009552492,1054.0,53.0,19.0,53.0,AWW,1031.0,997.0,3061.0
448,Switzerland,1.5,4.0,0.08,0.04,54.09020934535018,169.0,47.50000083256089,92.0,53.0,153.0,47.50000083256089,HARISS,1007.0,998.0,2972.0
449,Switzerland,1.5,4.0,0.08,0.04,70.4876106048881,1211.0,68.50000002102429,884.0,4.0,0.0,4.0,AWW,968.0,1088.0,2971.0
450,Switzerland,1.5,4.0,0.08,0.04,29.57088579997699,3.0,Inf,NaN,37.0,4.0,29.57088579997699,ICU,927.0,1071.0,3054.0
451,Switzerland,1.5,4.0,0.08,0.04,60.49047027194251,456.0,33.50000020339359,29.0,43.0,62.0,33.50000020339359,HARISS,1024.0,1027.0,2992.0
452,Switzerland,1.5,4.0,0.08,0.04,46.407479785785156,326.0,33.50000076074977,56.0,60.0,1900.0,33.50000076074977,HARISS,948.0,1108.0,3017.0
453,Switzerland,1.5,4.0,0.08,0.04,14.137106918689557,4.0,Inf,NaN,43.0,4.0,14.137106918689557,ICU,972.0,1044.0,3038.0
454,Switzerland,1.5,4.0,0.08,0.04,46.731185228826924,1444.0,43.5000003579633,847.0,60.0,10211.0,43.5000003579633,HARISS,970.0,1058.0,3006.0
455,Switzerland,1.5,4.0,0.08,0.04,42.66259629375993,28.0,68.50000033300633,760.0,57.0,159.0,42.66259629375993,ICU,956.0,1016.0,2967.0
456,Switzerland,1.5,4.0,0.08,0.04,66.10309671770419,1389.0,64.50000046570362,1094.0,46.0,76.0,46.0,AWW,935.0,1037.0,2916.0
457,Switzerland,1.5,4.0,0.08,0.04,26.20170828053723,6.0,Inf,NaN,38.0,6.0,26.20170828053723,ICU,988.0,1062.0,2964.0
458,Switzerland,1.5,4.0,0.08,0.04,75.7927042167843,1113.0,68.50000044012721,323.0,8.0,0.0,8.0,AWW,932.0,1057.0,2951.0
459,Switzerland,1.5,4.0,0.08,0.04,31.579701377849084,320.0,43.50000035965558,1740.0,43.0,1627.0,31.579701377849084,ICU,1037.0,1138.0,3003.0
460,Switzerland,1.5,4.0,0.08,0.04,17.290398564107882,0.0,Inf,NaN,54.0,0.0,17.290398564107882,ICU,939.0,1080.0,2986.0
461,Switzerland,1.5,4.0,0.08,0.04,46.16810753439137,296.0,54.500000572275965,1012.0,29.0,27.0,29.0,AWW,981.0,1057.0,2997.0
462,Switzerland,1.5,4.0,0.08,0.04,68.69796496270676,323.0,64.50000049306408,163.0,27.0,1.0,27.0,AWW,910.0,1065.0,2992.0
463,Switzerland,1.5,4.0,0.08,0.04,60.7410710861952,402.0,64.50000077013564,693.0,47.0,65.0,47.0,AWW,932.0,1039.0,2996.0
464,Switzerland,1.5,4.0,0.08,0.04,43.8610129393033,443.0,54.50000035245731,2164.0,40.0,241.0,40.0,AWW,994.0,1064.0,3005.0
465,Switzerland,1.5,4.0,0.08,0.04,37.89866778468165,389.0,47.50000062565028,1971.0,58.0,10177.0,37.89866778468165,ICU,946.0,1052.0,3026.0
466,Switzerland,1.5,4.0,0.08,0.04,53.94821750560003,219.0,64.50000014243855,1038.0,61.0,621.0,53.94821750560003,ICU,971.0,1079.0,3032.0
467,Switzerland,1.5,4.0,0.08,0.04,54.576891766272034,2163.0,47.50000093686788,721.0,50.0,1074.0,47.50000093686788,HARISS,979.0,1072.0,2969.0
468,Switzerland,1.5,4.0,0.08,0.04,84.78225383948845,1839.0,75.50000069935135,464.0,5.0,0.0,5.0,AWW,954.0,1065.0,2952.0
469,Switzerland,1.5,4.0,0.08,0.04,34.30713442067032,74.0,47.50000016545351,404.0,58.0,1649.0,34.30713442067032,ICU,890.0,1016.0,3063.0
470,Switzerland,1.5,4.0,0.08,0.04,76.66829221409556,873.0,71.50000002374651,461.0,54.0,64.0,54.0,AWW,977.0,1037.0,2972.0
471,Switzerland,1.5,4.0,0.08,0.04,53.656664316183196,594.0,47.50000050336031,248.0,41.0,93.0,41.0,AWW,968.0,1114.0,3032.0
472,Switzerland,1.5,4.0,0.08,0.04,62.05136478276462,143.0,68.50000086739658,371.0,58.0,85.0,58.0,AWW,1044.0,1079.0,2998.0
473,Switzerland,1.5,4.0,0.08,0.04,44.86653451324872,395.0,54.50000094621602,1414.0,47.0,523.0,44.86653451324872,ICU,951.0,1047.0,2985.0
474,Switzerland,1.5,4.0,0.08,0.04,48.80643008392223,255.0,50.500000546823244,320.0,58.0,914.0,48.80643008392223,ICU,939.0,1071.0,2998.0
475,Switzerland,1.5,4.0,0.08,0.04,58.170890641904634,135.0,78.50000052301736,2087.0,57.0,122.0,57.0,AWW,902.0,1068.0,3025.0
476,Switzerland,1.5,4.0,0.08,0.04,65.4923514374473,804.0,68.50000079329119,1174.0,59.0,373.0,59.0,AWW,953.0,1112.0,2970.0
477,Switzerland,1.5,4.0,0.08,0.04,57.390856537100966,153.0,64.50000017866962,431.0,25.0,8.0,25.0,AWW,983.0,1019.0,3067.0
478,Switzerland,1.5,4.0,0.08,0.04,61.52324786831171,830.0,50.50000038704162,133.0,52.0,165.0,50.50000038704162,HARISS,953.0,1145.0,2934.0
479,Switzerland,1.5,4.0,0.08,0.04,16.36728455799746,1.0,Inf,NaN,56.0,1.0,16.36728455799746,ICU,971.0,1057.0,3057.0
480,Switzerland,1.5,4.0,0.08,0.04,63.7632356741935,481.0,40.500000762387266,32.0,21.0,5.0,21.0,AWW,954.0,1063.0,2912.0
481,Switzerland,1.5,4.0,0.08,0.04,65.3347989907219,1234.0,61.50000050370622,675.0,39.0,36.0,39.0,AWW,936.0,1027.0,2931.0
482,Switzerland,1.5,4.0,0.08,0.04,65.13071147114367,121.0,78.50000092626753,495.0,54.0,77.0,54.0,AWW,1011.0,1026.0,3072.0
483,Switzerland,1.5,4.0,0.08,0.04,51.88164631294072,1024.0,22.500000737732154,12.0,46.0,353.0,22.500000737732154,HARISS,1009.0,1033.0,2997.0
484,Switzerland,1.5,4.0,0.08,0.04,63.66800118774657,1063.0,64.50000015676528,1228.0,49.0,121.0,49.0,AWW,923.0,1079.0,2975.0
485,Switzerland,1.5,4.0,0.08,0.04,36.78119585595001,148.0,40.50000010815375,262.0,56.0,2704.0,36.78119585595001,ICU,945.0,997.0,3004.0
486,Switzerland,1.5,4.0,0.08,0.04,80.64235014189481,308.0,71.5000000463155,109.0,42.0,46.0,42.0,AWW,986.0,1047.0,2957.0
487,Switzerland,1.5,4.0,0.08,0.04,71.37515225978709,1209.0,68.50000003112166,812.0,53.0,111.0,53.0,AWW,946.0,1054.0,2962.0
488,Switzerland,1.5,4.0,0.08,0.04,28.701777799548573,15.0,64.50000009709822,672.0,37.0,24.0,28.701777799548573,ICU,1013.0,1015.0,3046.0
489,Switzerland,1.5,4.0,0.08,0.04,61.283473807002736,1146.0,61.500000736191716,1171.0,50.0,195.0,50.0,AWW,932.0,1067.0,2874.0
490,Switzerland,1.5,4.0,0.08,0.04,79.11797209706778,728.0,85.50000038690486,1883.0,37.0,3.0,37.0,AWW,951.0,1015.0,2985.0
491,Switzerland,1.5,4.0,0.08,0.04,74.2878581704601,666.0,82.5000006341392,2299.0,38.0,15.0,38.0,AWW,983.0,1013.0,2964.0
492,Switzerland,1.5,4.0,0.08,0.04,9.16841065098278,4.0,Inf,NaN,23.0,6.0,9.16841065098278,ICU,1005.0,1062.0,2910.0
493,Switzerland,1.5,4.0,0.08,0.04,59.30397369577396,3211.0,50.5000009264197,793.0,63.0,5697.0,50.5000009264197,HARISS,971.0,1033.0,3029.0
494,Switzerland,1.5,4.0,0.08,0.04,79.03909136739274,822.0,82.50000088973268,1404.0,61.0,60.0,61.0,AWW,951.0,1059.0,2977.0
495,Switzerland,1.5,4.0,0.08,0.04,33.39942757004846,57.0,54.5000004410236,1696.0,52.0,1126.0,33.39942757004846,ICU,960.0,1120.0,3036.0
496,Switzerland,1.5,4.0,0.08,0.04,69.84871927724538,1026.0,50.50000032028156,53.0,43.0,17.0,43.0,AWW,932.0,1121.0,2920.0
497,Switzerland,1.5,4.0,0.08,0.04,61.08480186913304,946.0,54.50000091736118,330.0,48.0,86.0,48.0,AWW,987.0,1045.0,2899.0
498,Switzerland,1.5,4.0,0.08,0.04,82.25045186307484,164.0,Inf,NaN,44.0,9.0,44.0,AWW,1027.0,1035.0,2988.0
499,Switzerland,1.5,4.0,0.08,0.04,55.66418707923417,2121.0,43.500000240446376,302.0,60.0,4282.0,43.500000240446376,HARISS,977.0,1043.0,2892.0
500,Switzerland,1.5,4.0,0.08,0.04,45.04273507223137,53.0,29.5000008644198,13.0,51.0,66.0,29.5000008644198,HARISS,964.0,1030.0,2939.0
501,Switzerland,1.5,4.0,0.08,0.04,29.73125983371595,5.0,Inf,NaN,46.0,5.0,29.73125983371595,ICU,971.0,1008.0,2984.0
502,Switzerland,1.5,4.0,0.08,0.04,44.96554968454814,86.0,Inf,NaN,39.0,69.0,39.0,AWW,928.0,1074.0,2926.0
503,Switzerland,1.5,4.0,0.08,0.04,87.0966426121926,389.0,68.50000035594404,41.0,49.0,8.0,49.0,AWW,1025.0,1092.0,3090.0
504,Switzerland,1.5,4.0,0.08,0.04,43.47951635137343,574.0,50.500000129274795,1704.0,23.0,26.0,23.0,AWW,976.0,1054.0,3032.0
505,Switzerland,1.5,4.0,0.08,0.04,76.822837195495,3088.0,64.50000018104538,452.0,51.0,72.0,51.0,AWW,959.0,1036.0,2936.0
506,Switzerland,1.5,4.0,0.08,0.04,52.15129817784667,685.0,47.50000045912496,340.0,45.0,246.0,45.0,AWW,1006.0,1060.0,3010.0
507,Switzerland,1.5,4.0,0.08,0.04,61.47608291165527,1334.0,57.50000025090953,804.0,53.0,436.0,53.0,AWW,986.0,1045.0,2923.0
508,Switzerland,1.5,4.0,0.08,0.04,59.94140481244602,192.0,68.50000050722977,688.0,54.0,87.0,54.0,AWW,973.0,1059.0,3008.0
509,Switzerland,1.5,4.0,0.08,0.04,39.802070117071395,470.0,43.500000053884406,779.0,53.0,3315.0,39.802070117071395,ICU,997.0,1093.0,2935.0
510,Switzerland,1.5,4.0,0.08,0.04,59.505687877336435,275.0,68.500000592043,1116.0,39.0,5.0,39.0,AWW,1000.0,1024.0,3022.0
511,Switzerland,1.5,4.0,0.08,0.04,24.04235386395434,2.0,68.50000096863576,507.0,47.0,38.0,24.04235386395434,ICU,971.0,1098.0,3023.0
512,Switzerland,1.5,4.0,0.08,0.04,62.38237006735547,273.0,64.5000001991019,386.0,55.0,79.0,55.0,AWW,922.0,1041.0,2980.0
513,Switzerland,1.5,4.0,0.08,0.04,48.53148460527646,1853.0,29.50000045043511,161.0,49.0,1971.0,29.50000045043511,HARISS,996.0,1046.0,2967.0
514,Switzerland,1.5,4.0,0.08,0.04,63.36648270789209,261.0,57.500000256524864,132.0,62.0,228.0,57.500000256524864,HARISS,933.0,1066.0,3002.0
515,Switzerland,1.5,4.0,0.08,0.04,47.990656384773835,388.0,50.50000084349949,506.0,49.0,432.0,47.990656384773835,ICU,1010.0,1077.0,2950.0
516,Switzerland,1.5,4.0,0.08,0.04,50.71256135482922,148.0,64.5000001106429,1265.0,52.0,183.0,50.71256135482922,ICU,961.0,1060.0,2963.0
517,Switzerland,1.5,4.0,0.08,0.04,37.97442000138677,1.0,68.500000510451,137.0,34.0,0.0,34.0,AWW,999.0,1094.0,2963.0
518,Switzerland,1.5,4.0,0.08,0.04,72.18190828313598,2707.0,68.50000052086251,1597.0,8.0,0.0,8.0,AWW,949.0,996.0,2991.0
519,Switzerland,1.5,4.0,0.08,0.04,48.14481103150669,595.0,54.50000080934621,1696.0,54.0,1551.0,48.14481103150669,ICU,954.0,1087.0,2972.0
520,Switzerland,1.5,4.0,0.08,0.04,55.50837712162639,327.0,64.50000053963399,1045.0,50.0,153.0,50.0,AWW,974.0,1045.0,2998.0
521,Switzerland,1.5,4.0,0.08,0.04,37.81503416184136,242.0,57.50000002140061,4110.0,38.0,250.0,37.81503416184136,ICU,929.0,1059.0,3009.0
522,Switzerland,1.5,4.0,0.08,0.04,45.015771193013144,762.0,54.50000012744305,3326.0,35.0,130.0,35.0,AWW,975.0,1008.0,3125.0
523,Switzerland,1.5,4.0,0.08,0.04,60.0360342211447,131.0,75.50000022809238,1014.0,51.0,53.0,51.0,AWW,977.0,1070.0,3052.0
524,Switzerland,1.5,4.0,0.08,0.04,14.279245883057396,0.0,Inf,NaN,60.0,0.0,14.279245883057396,ICU,966.0,1022.0,3015.0
525,Switzerland,1.5,4.0,0.08,0.04,32.04346468651673,41.0,Inf,NaN,53.0,41.0,32.04346468651673,ICU,993.0,1021.0,2961.0
526,Switzerland,1.5,4.0,0.08,0.04,70.39409206783888,1175.0,57.50000054591341,217.0,39.0,21.0,39.0,AWW,960.0,1083.0,2877.0
527,Switzerland,1.5,4.0,0.08,0.04,51.48007106508305,121.0,61.50000083742466,493.0,43.0,40.0,43.0,AWW,962.0,1076.0,2920.0
528,Switzerland,1.5,4.0,0.08,0.04,25.032694050269814,6.0,Inf,NaN,44.0,6.0,25.032694050269814,ICU,998.0,1069.0,3032.0
529,Switzerland,1.5,4.0,0.08,0.04,71.64889667782396,406.0,82.5000002116568,1884.0,54.0,55.0,54.0,AWW,922.0,1057.0,2908.0
530,Switzerland,1.5,4.0,0.08,0.04,58.958735535486674,757.0,61.50000021726889,1119.0,47.0,136.0,47.0,AWW,944.0,1004.0,3051.0
531,Switzerland,1.5,4.0,0.08,0.04,32.15905018057312,10.0,Inf,NaN,13.0,0.0,13.0,AWW,940.0,1074.0,2992.0
532,Switzerland,1.5,4.0,0.08,0.04,47.63699656447154,158.0,40.5000002054177,49.0,60.0,922.0,40.5000002054177,HARISS,945.0,1063.0,2939.0
533,Switzerland,1.5,4.0,0.08,0.04,81.6293551491342,2099.0,71.500000478169,539.0,59.0,101.0,59.0,AWW,1000.0,1040.0,3025.0
534,Switzerland,1.5,4.0,0.08,0.04,77.04518466065939,2578.0,68.50000083181708,698.0,56.0,90.0,56.0,AWW,937.0,1066.0,2968.0
535,Switzerland,1.5,4.0,0.08,0.04,66.99971573292441,2771.0,57.500000227865826,666.0,50.0,197.0,50.0,AWW,920.0,1026.0,3087.0
536,Switzerland,1.5,4.0,0.08,0.04,70.07429843677255,976.0,78.5000000547965,3227.0,50.0,55.0,50.0,AWW,983.0,1059.0,3055.0
537,Switzerland,1.5,4.0,0.08,0.04,22.19258100233426,10.0,Inf,NaN,8.0,0.0,8.0,AWW,975.0,1047.0,3043.0
538,Switzerland,1.5,4.0,0.08,0.04,62.452890673607264,1383.0,50.50000075496653,228.0,55.0,437.0,50.50000075496653,HARISS,970.0,1033.0,3029.0
539,Switzerland,1.5,4.0,0.08,0.04,53.89604795268087,608.0,57.50000052698825,1008.0,53.0,553.0,53.0,AWW,971.0,1101.0,3028.0
540,Switzerland,1.5,4.0,0.08,0.04,70.55097607601114,477.0,71.50000015601805,553.0,61.0,129.0,61.0,AWW,915.0,1083.0,2900.0
541,Switzerland,1.5,4.0,0.08,0.04,87.17555042164143,1119.0,75.5000008151366,234.0,45.0,9.0,45.0,AWW,1025.0,1030.0,3012.0
542,Switzerland,1.5,4.0,0.08,0.04,44.77566124772095,789.0,50.500000682142705,2012.0,34.0,123.0,34.0,AWW,1009.0,1027.0,3010.0
543,Switzerland,1.5,4.0,0.08,0.04,53.84804050520629,1054.0,47.50000001789906,408.0,29.0,39.0,29.0,AWW,1015.0,1084.0,2955.0
544,Switzerland,1.5,4.0,0.08,0.04,49.221047646703155,754.0,43.50000078358774,407.0,57.0,2197.0,43.50000078358774,HARISS,918.0,1022.0,3027.0
545,Switzerland,1.5,4.0,0.08,0.04,49.56392960899563,88.0,Inf,NaN,59.0,118.0,49.56392960899563,ICU,1020.0,1088.0,2861.0
546,Switzerland,1.5,4.0,0.08,0.04,61.82551998843582,292.0,57.50000069305026,161.0,52.0,86.0,52.0,AWW,948.0,1004.0,3010.0
547,Switzerland,1.5,4.0,0.08,0.04,28.764526910831076,23.0,Inf,NaN,52.0,33.0,28.764526910831076,ICU,967.0,1036.0,2898.0
548,Switzerland,1.5,4.0,0.08,0.04,62.343055269318576,1969.0,57.500000253589484,972.0,52.0,432.0,52.0,AWW,1009.0,1002.0,2978.0
549,Switzerland,1.5,4.0,0.08,0.04,54.278403273087996,297.0,57.500000752414095,494.0,53.0,238.0,53.0,AWW,966.0,1047.0,3118.0
550,Switzerland,1.5,4.0,0.08,0.04,70.51215665207984,373.0,54.500000698766634,64.0,48.0,42.0,48.0,AWW,1035.0,1077.0,2941.0
551,Switzerland,1.5,4.0,0.08,0.04,65.69313490379713,346.0,54.500000261032916,57.0,54.0,53.0,54.0,AWW,950.0,1051.0,2920.0
552,Switzerland,1.5,4.0,0.08,0.04,34.90114896772815,1.0,Inf,NaN,50.0,1.0,34.90114896772815,ICU,937.0,1066.0,2900.0
553,Switzerland,1.5,4.0,0.08,0.04,80.54044528309355,703.0,78.50000038309916,514.0,47.0,16.0,47.0,AWW,873.0,1005.0,2923.0
554,Switzerland,1.5,4.0,0.08,0.04,59.96454021897238,1260.0,43.50000034366873,83.0,47.0,147.0,43.50000034366873,HARISS,965.0,1070.0,2997.0
555,Switzerland,1.5,4.0,0.08,0.04,43.6060979737899,6.0,29.50000013069147,4.0,24.0,0.0,24.0,AWW,989.0,1170.0,2947.0
556,Switzerland,1.5,4.0,0.08,0.04,69.8962260050691,692.0,78.5000005603717,2434.0,58.0,161.0,58.0,AWW,972.0,1021.0,2979.0
557,Switzerland,1.5,4.0,0.08,0.04,60.448340970734506,698.0,54.500000316124456,287.0,54.0,264.0,54.0,AWW,1015.0,1095.0,2990.0
558,Switzerland,1.5,4.0,0.08,0.04,63.03787934386549,1130.0,61.50000036533827,906.0,59.0,655.0,59.0,AWW,972.0,1050.0,3044.0
559,Switzerland,1.5,4.0,0.08,0.04,46.68839164744494,404.0,47.50000061587444,464.0,54.0,1236.0,46.68839164744494,ICU,1012.0,1048.0,2966.0
560,Switzerland,1.5,4.0,0.08,0.04,67.92703265984126,982.0,61.500000730803045,408.0,35.0,5.0,35.0,AWW,973.0,1086.0,3056.0
561,Switzerland,1.5,4.0,0.08,0.04,66.04067958365087,1153.0,71.50000007135945,2533.0,5.0,0.0,5.0,AWW,1007.0,1075.0,2900.0
562,Switzerland,1.5,4.0,0.08,0.04,55.66226976363591,196.0,61.50000023127596,389.0,51.0,114.0,51.0,AWW,938.0,986.0,2918.0
563,Switzerland,1.5,4.0,0.08,0.04,89.68589380859846,3364.0,82.50000050544527,1422.0,52.0,34.0,52.0,AWW,1061.0,1039.0,3009.0
564,Switzerland,1.5,4.0,0.08,0.04,33.01047885162052,155.0,50.50000076788921,1522.0,52.0,1867.0,33.01047885162052,ICU,989.0,1080.0,2846.0
565,Switzerland,1.5,4.0,0.08,0.04,47.339100606775524,7.0,Inf,NaN,39.0,3.0,39.0,AWW,976.0,1042.0,3044.0
566,Switzerland,1.5,4.0,0.08,0.04,62.979830323402396,1160.0,54.50000048740378,308.0,57.0,454.0,54.50000048740378,HARISS,931.0,1034.0,3028.0
567,Switzerland,1.5,4.0,0.08,0.04,75.46613509570659,1677.0,64.50000089674107,349.0,32.0,3.0,32.0,AWW,949.0,1061.0,3038.0
568,Switzerland,1.5,4.0,0.08,0.04,71.86996359333202,1928.0,61.50000038853813,449.0,11.0,0.0,11.0,AWW,949.0,1103.0,3010.0
569,Switzerland,1.5,4.0,0.08,0.04,59.482420099275856,527.0,47.500000619339005,83.0,54.0,251.0,47.500000619339005,HARISS,960.0,1071.0,2942.0
570,Switzerland,1.5,4.0,0.08,0.04,63.201541262659624,490.0,40.50000031974924,22.0,53.0,113.0,40.50000031974924,HARISS,946.0,1025.0,3043.0
571,Switzerland,1.5,4.0,0.08,0.04,70.24794895557568,283.0,64.50000007919304,107.0,40.0,12.0,40.0,AWW,994.0,1075.0,3002.0
572,Switzerland,1.5,4.0,0.08,0.04,78.5984541922953,1993.0,71.50000011396192,661.0,42.0,7.0,42.0,AWW,934.0,1088.0,2929.0
573,Switzerland,1.5,4.0,0.08,0.04,35.600626346274154,127.0,47.50000055354442,586.0,57.0,2130.0,35.600626346274154,ICU,975.0,1017.0,2897.0
574,Switzerland,1.5,4.0,0.08,0.04,54.838584955965764,578.0,47.50000053943505,213.0,47.0,196.0,47.0,AWW,1011.0,1149.0,3006.0
575,Switzerland,1.5,4.0,0.08,0.04,59.31232241202839,140.0,82.50000072265397,3038.0,53.0,79.0,53.0,AWW,992.0,1001.0,3029.0
576,Switzerland,1.5,4.0,0.08,0.04,55.42046921757579,1598.0,43.500000612175384,294.0,50.0,730.0,43.500000612175384,HARISS,966.0,1093.0,2937.0
577,Switzerland,1.5,4.0,0.08,0.04,65.68722466348763,631.0,57.50000061824837,204.0,29.0,4.0,29.0,AWW,934.0,1069.0,3018.0
578,Switzerland,1.5,4.0,0.08,0.04,42.79125297054257,169.0,47.5000003909211,228.0,51.0,263.0,42.79125297054257,ICU,993.0,1051.0,3037.0
579,Switzerland,1.5,4.0,0.08,0.04,72.62250170825601,898.0,75.50000012204299,1471.0,57.0,86.0,57.0,AWW,956.0,1064.0,2860.0
580,Switzerland,1.5,4.0,0.08,0.04,49.773235964831784,980.0,57.50000065750786,3223.0,68.0,15547.0,49.773235964831784,ICU,919.0,1083.0,3109.0
581,Switzerland,1.5,4.0,0.08,0.04,60.490097618239105,600.0,15.500000533574099,1.0,52.0,175.0,15.500000533574099,HARISS,987.0,1056.0,2972.0
582,Switzerland,1.5,4.0,0.08,0.04,45.85722441890197,810.0,40.50000043825284,311.0,50.0,1490.0,40.50000043825284,HARISS,919.0,1010.0,3029.0
583,Switzerland,1.5,4.0,0.08,0.04,82.07046238219735,831.0,78.50000066244016,494.0,54.0,22.0,54.0,AWW,960.0,1135.0,3030.0
584,Switzerland,1.5,4.0,0.08,0.04,43.131043557781595,1381.0,26.50000026123113,126.0,57.0,11593.0,26.50000026123113,HARISS,986.0,1121.0,2971.0
585,Switzerland,1.5,4.0,0.08,0.04,63.736540834962646,983.0,61.50000017148483,718.0,42.0,43.0,42.0,AWW,956.0,1028.0,2978.0
586,Switzerland,1.5,4.0,0.08,0.04,54.217464248795565,807.0,36.5000008241193,67.0,51.0,529.0,36.5000008241193,HARISS,989.0,1100.0,2973.0
587,Switzerland,1.5,4.0,0.08,0.04,75.2534741403363,428.0,75.50000095420964,440.0,50.0,11.0,50.0,AWW,937.0,1066.0,2952.0
588,Switzerland,1.5,4.0,0.08,0.04,37.58772751129656,324.0,40.50000028195225,507.0,31.0,106.0,31.0,AWW,988.0,1109.0,3024.0
589,Switzerland,1.5,4.0,0.08,0.04,46.50565190429013,54.0,68.50000003882167,1057.0,58.0,249.0,46.50565190429013,ICU,928.0,1083.0,2945.0
590,Switzerland,1.5,4.0,0.08,0.04,70.95665089888698,2794.0,47.50000096779066,64.0,57.0,275.0,47.50000096779066,HARISS,1018.0,1011.0,3021.0
591,Switzerland,1.5,4.0,0.08,0.04,72.75764228865782,863.0,71.500000283723,706.0,55.0,72.0,55.0,AWW,949.0,1087.0,2935.0
592,Switzerland,1.5,4.0,0.08,0.04,81.87085106453947,2293.0,68.50000076806883,362.0,54.0,69.0,54.0,AWW,925.0,1080.0,2997.0
593,Switzerland,1.5,4.0,0.08,0.04,46.47961600438339,1057.0,15.500000013469506,8.0,53.0,2668.0,15.500000013469506,HARISS,956.0,1036.0,2992.0
594,Switzerland,1.5,4.0,0.08,0.04,68.12602653155464,1104.0,50.50000066210461,132.0,41.0,33.0,41.0,AWW,1000.0,1061.0,2903.0
595,Switzerland,1.5,4.0,0.08,0.04,42.53518690166528,71.0,50.500000728921115,190.0,16.0,0.0,16.0,AWW,992.0,1023.0,3032.0
596,Switzerland,1.5,4.0,0.08,0.04,62.5095628554081,3666.0,57.50000082541561,1759.0,52.0,760.0,52.0,AWW,970.0,1056.0,3049.0
597,Switzerland,1.5,4.0,0.08,0.04,39.25342987148157,331.0,40.50000074943172,404.0,55.0,3367.0,39.25342987148157,ICU,982.0,1034.0,3034.0
598,Switzerland,1.5,4.0,0.08,0.04,35.08617649931286,471.0,33.50000079332784,378.0,47.0,3037.0,33.50000079332784,HARISS,978.0,1090.0,2993.0
599,Switzerland,1.5,4.0,0.08,0.04,58.08347331530554,2136.0,54.5000009458012,1308.0,55.0,1401.0,54.5000009458012,HARISS,931.0,1039.0,2978.0
600,Switzerland,1.5,4.0,0.08,0.04,32.2388199124863,56.0,33.50000060768551,68.0,52.0,823.0,32.2388199124863,ICU,983.0,1069.0,2941.0
601,Switzerland,1.5,4.0,0.08,0.04,44.13363826573955,535.0,43.50000078720498,496.0,53.0,2035.0,43.50000078720498,HARISS,924.0,1051.0,3038.0
602,Switzerland,1.5,4.0,0.08,0.04,46.22784044691385,331.0,36.50000075299063,78.0,56.0,1366.0,36.50000075299063,HARISS,1014.0,1042.0,3070.0
603,Switzerland,1.5,4.0,0.08,0.04,47.89692328078939,967.0,43.50000001512414,501.0,37.0,160.0,37.0,AWW,986.0,1064.0,3029.0
604,Switzerland,1.5,4.0,0.08,0.04,55.988207876380784,333.0,68.50000095710911,1999.0,51.0,191.0,51.0,AWW,961.0,1040.0,2889.0
605,Switzerland,1.5,4.0,0.08,0.04,16.61433853996673,5.0,61.50000028029833,2624.0,58.0,1592.0,16.61433853996673,ICU,947.0,1047.0,3020.0
606,Switzerland,1.5,4.0,0.08,0.04,67.51259376888862,1656.0,68.50000039945924,1887.0,26.0,4.0,26.0,AWW,972.0,1095.0,3003.0
607,Switzerland,1.5,4.0,0.08,0.04,67.98781852671668,5058.0,50.50000005891256,354.0,50.0,322.0,50.0,AWW,974.0,1094.0,3016.0
608,Switzerland,1.5,4.0,0.08,0.04,52.27557644282058,52.0,78.50000071621922,2166.0,44.0,14.0,44.0,AWW,973.0,971.0,2993.0
609,Switzerland,1.5,4.0,0.08,0.04,78.2286853058042,641.0,75.50000021084125,422.0,43.0,20.0,43.0,AWW,960.0,1070.0,2914.0
610,Switzerland,1.5,4.0,0.08,0.04,71.12245004834487,621.0,68.50000057384518,464.0,42.0,10.0,42.0,AWW,929.0,1024.0,2904.0
611,Switzerland,1.5,4.0,0.08,0.04,68.91746351112324,1671.0,61.500000662581925,536.0,32.0,11.0,32.0,AWW,968.0,1099.0,2891.0
612,Switzerland,1.5,4.0,0.08,0.04,48.88843691257236,233.0,57.5000003713488,753.0,50.0,265.0,48.88843691257236,ICU,985.0,1115.0,3045.0
613,Switzerland,1.5,4.0,0.08,0.04,47.78731802155079,230.0,50.50000086022033,350.0,48.0,237.0,47.78731802155079,ICU,996.0,1092.0,3056.0
614,Switzerland,1.5,4.0,0.08,0.04,51.64043499834871,2820.0,54.50000038368275,4432.0,57.0,6460.0,51.64043499834871,ICU,950.0,1058.0,2947.0
615,Switzerland,1.5,4.0,0.08,0.04,63.7090631817125,1051.0,61.500000837740025,782.0,54.0,284.0,54.0,AWW,993.0,993.0,3007.0
616,Switzerland,1.5,4.0,0.08,0.04,55.860630487985404,649.0,64.50000082268559,2395.0,54.0,498.0,54.0,AWW,966.0,1081.0,2910.0
617,Switzerland,1.5,4.0,0.08,0.04,27.472050205596037,15.0,Inf,NaN,63.0,15.0,27.472050205596037,ICU,966.0,1036.0,3052.0
618,Switzerland,1.5,4.0,0.08,0.04,67.55891643196752,2718.0,54.5000004338342,330.0,61.0,971.0,54.5000004338342,HARISS,963.0,1037.0,3017.0
619,Switzerland,1.5,4.0,0.08,0.04,49.46225616551652,133.0,68.50000009356788,2138.0,49.0,126.0,49.0,AWW,949.0,1001.0,2854.0
620,Switzerland,1.5,4.0,0.08,0.04,72.979753662122,2317.0,26.500000028643047,11.0,57.0,231.0,26.500000028643047,HARISS,980.0,999.0,3031.0
621,Switzerland,1.5,4.0,0.08,0.04,55.45369759162196,935.0,26.500000352719947,25.0,34.0,58.0,26.500000352719947,HARISS,972.0,1067.0,2941.0
622,Switzerland,1.5,4.0,0.08,0.04,34.78070928942475,36.0,57.50000082204851,1449.0,62.0,2856.0,34.78070928942475,ICU,939.0,1019.0,2967.0
623,Switzerland,1.5,4.0,0.08,0.04,48.8522582316776,48.0,Inf,NaN,47.0,48.0,47.0,AWW,998.0,1057.0,3108.0
624,Switzerland,1.5,4.0,0.08,0.04,84.60869414329167,1172.0,85.50000044628209,1343.0,60.0,41.0,60.0,AWW,979.0,1109.0,3022.0
625,Switzerland,1.5,4.0,0.08,0.04,60.95081968138462,101.0,71.50000070736247,379.0,40.0,11.0,40.0,AWW,961.0,1059.0,3049.0
626,Switzerland,1.5,4.0,0.08,0.04,67.14280882035675,3279.0,68.50000090023974,3940.0,49.0,195.0,49.0,AWW,962.0,1075.0,2937.0
627,Switzerland,1.5,4.0,0.08,0.04,77.01776105032816,1237.0,78.50000036317167,1531.0,59.0,96.0,59.0,AWW,970.0,1039.0,3062.0
628,Switzerland,1.5,4.0,0.08,0.04,44.629609935175445,1137.0,33.50000094038323,218.0,55.0,5641.0,33.50000094038323,HARISS,980.0,964.0,2992.0
629,Switzerland,1.5,4.0,0.08,0.04,47.7461987787966,1141.0,50.500000476751794,1661.0,52.0,2092.0,47.7461987787966,ICU,1014.0,1023.0,2965.0
630,Switzerland,1.5,4.0,0.08,0.04,48.34299637291516,148.0,57.500000454680396,509.0,6.0,0.0,6.0,AWW,940.0,1028.0,2950.0
631,Switzerland,1.5,4.0,0.08,0.04,59.07256549451698,1457.0,40.50000081834181,73.0,49.0,284.0,40.50000081834181,HARISS,934.0,1039.0,3070.0
632,Switzerland,1.5,4.0,0.08,0.04,58.02152143309383,612.0,61.500000375085975,1035.0,41.0,41.0,41.0,AWW,989.0,1042.0,2987.0
633,Switzerland,1.5,4.0,0.08,0.04,88.23692681744896,1240.0,82.50000083238349,497.0,30.0,7.0,30.0,AWW,994.0,1102.0,3066.0
634,Switzerland,1.5,4.0,0.08,0.04,80.11992861322636,3540.0,33.50000094781248,3.0,55.0,88.0,33.50000094781248,HARISS,984.0,1051.0,3020.0
635,Switzerland,1.5,4.0,0.08,0.04,69.68445251346417,1295.0,78.50000029606416,4558.0,36.0,11.0,36.0,AWW,958.0,1023.0,3002.0
636,Switzerland,1.5,4.0,0.08,0.04,41.16295267869159,339.0,47.50000087013735,817.0,52.0,1515.0,41.16295267869159,ICU,942.0,1068.0,3028.0
637,Switzerland,1.5,4.0,0.08,0.04,45.01081650123809,23.0,68.50000063977456,604.0,58.0,145.0,45.01081650123809,ICU,910.0,1079.0,2960.0
638,Switzerland,1.5,4.0,0.08,0.04,59.25351493264106,36.0,85.50000051319576,801.0,52.0,20.0,52.0,AWW,958.0,1066.0,3042.0
639,Switzerland,1.5,4.0,0.08,0.04,59.97773016195918,671.0,64.50000000016038,1315.0,56.0,375.0,56.0,AWW,986.0,1041.0,2968.0
640,Switzerland,1.5,4.0,0.08,0.04,55.54625176778611,942.0,47.50000070152687,272.0,58.0,1367.0,47.50000070152687,HARISS,967.0,1067.0,3009.0
641,Switzerland,1.5,4.0,0.08,0.04,76.71840887021112,1111.0,29.500000587107067,9.0,36.0,17.0,29.500000587107067,HARISS,980.0,1131.0,3028.0
642,Switzerland,1.5,4.0,0.08,0.04,72.8069476228356,356.0,61.50000098411075,79.0,45.0,5.0,45.0,AWW,932.0,1061.0,2929.0
643,Switzerland,1.5,4.0,0.08,0.04,34.77572950565093,20.0,Inf,NaN,66.0,20.0,34.77572950565093,ICU,988.0,1085.0,3013.0
644,Switzerland,1.5,4.0,0.08,0.04,88.98070327707026,2768.0,85.50000037451314,1812.0,47.0,10.0,47.0,AWW,990.0,1049.0,3014.0
645,Switzerland,1.5,4.0,0.08,0.04,45.146765131216014,413.0,61.50000062111826,4029.0,45.0,409.0,45.0,AWW,1018.0,1087.0,3018.0
646,Switzerland,1.5,4.0,0.08,0.04,47.53417767761485,382.0,50.50000000024299,609.0,34.0,52.0,34.0,AWW,962.0,1065.0,2966.0
647,Switzerland,1.5,4.0,0.08,0.04,61.9039406853588,574.0,64.50000099359966,848.0,46.0,59.0,46.0,AWW,979.0,1046.0,2985.0
648,Switzerland,1.5,4.0,0.08,0.04,63.473890310543815,643.0,57.500000462899,271.0,41.0,25.0,41.0,AWW,971.0,1065.0,3089.0
649,Switzerland,1.5,4.0,0.08,0.04,43.39921790471946,291.0,43.50000043715326,296.0,59.0,2747.0,43.39921790471946,ICU,907.0,1032.0,2952.0
650,Switzerland,1.5,4.0,0.08,0.04,34.464511245553176,175.0,36.500000341569546,228.0,51.0,1604.0,34.464511245553176,ICU,975.0,1078.0,3000.0
651,Switzerland,1.5,4.0,0.08,0.04,68.72447771586411,686.0,68.50000010203797,654.0,54.0,82.0,54.0,AWW,981.0,1034.0,2982.0
652,Switzerland,1.5,4.0,0.08,0.04,78.84307478741201,2731.0,61.500000072059095,219.0,49.0,40.0,49.0,AWW,996.0,986.0,3032.0
653,Switzerland,1.5,4.0,0.08,0.04,71.59884455381577,985.0,71.50000065300577,978.0,56.0,104.0,56.0,AWW,1009.0,1098.0,2954.0
654,Switzerland,1.5,4.0,0.08,0.04,76.38661408660981,709.0,75.50000008157942,614.0,53.0,44.0,53.0,AWW,940.0,1054.0,2993.0
655,Switzerland,1.5,4.0,0.08,0.04,61.12825280004265,254.0,29.50000055476806,5.0,57.0,148.0,29.50000055476806,HARISS,1037.0,1071.0,3008.0
656,Switzerland,1.5,4.0,0.08,0.04,70.26401911676307,1261.0,68.5000006684854,1029.0,45.0,48.0,45.0,AWW,972.0,1085.0,2980.0
657,Switzerland,1.5,4.0,0.08,0.04,43.09132489652531,647.0,43.500000558624365,679.0,37.0,269.0,37.0,AWW,943.0,1062.0,2955.0
658,Switzerland,1.5,4.0,0.08,0.04,51.433891659898606,68.0,50.50000048405938,59.0,58.0,161.0,50.50000048405938,HARISS,991.0,1030.0,2962.0
659,Switzerland,1.5,4.0,0.08,0.04,38.09633153492963,37.0,40.50000000447396,37.0,18.0,0.0,18.0,AWW,981.0,1090.0,2958.0
660,Switzerland,1.5,4.0,0.08,0.04,72.33923410026632,1912.0,64.50000040477043,609.0,50.0,61.0,50.0,AWW,1018.0,1063.0,3004.0
661,Switzerland,1.5,4.0,0.08,0.04,75.60154706590525,3013.0,47.50000060549158,76.0,54.0,166.0,47.50000060549158,HARISS,965.0,1078.0,2989.0
662,Switzerland,1.5,4.0,0.08,0.04,60.99115564355527,409.0,47.50000029433886,78.0,40.0,27.0,40.0,AWW,970.0,1055.0,2983.0
663,Switzerland,1.5,4.0,0.08,0.04,62.47015780569253,183.0,Inf,NaN,47.0,128.0,47.0,AWW,945.0,1082.0,2992.0
664,Switzerland,1.5,4.0,0.08,0.04,50.37758112785156,327.0,50.500000664957945,331.0,49.0,278.0,49.0,AWW,911.0,1073.0,3018.0
665,Switzerland,1.5,4.0,0.08,0.04,59.119419798411236,247.0,71.5000008891072,1476.0,41.0,14.0,41.0,AWW,1005.0,1093.0,2976.0
666,Switzerland,1.5,4.0,0.08,0.04,43.56885995307666,27.0,68.50000020538904,703.0,38.0,13.0,38.0,AWW,955.0,1055.0,2996.0
667,Switzerland,1.5,4.0,0.08,0.04,66.67568379018968,1810.0,50.50000084258341,164.0,47.0,97.0,47.0,AWW,970.0,1081.0,3011.0
668,Switzerland,1.5,4.0,0.08,0.04,64.38174677853809,1352.0,64.50000085622194,1373.0,53.0,249.0,53.0,AWW,1011.0,1004.0,2958.0
669,Switzerland,1.5,4.0,0.08,0.04,58.014136378179366,2543.0,29.500000347720636,42.0,44.0,354.0,29.500000347720636,HARISS,979.0,987.0,2989.0
670,Switzerland,1.5,4.0,0.08,0.04,65.30233792989777,328.0,61.500000139212965,205.0,48.0,30.0,48.0,AWW,980.0,1077.0,2990.0
671,Switzerland,1.5,4.0,0.08,0.04,47.85375748971523,136.0,47.5000009903347,126.0,29.0,7.0,29.0,AWW,1008.0,1065.0,3074.0
672,Switzerland,1.5,4.0,0.08,0.04,81.36246069782979,3987.0,36.50000046383026,24.0,38.0,27.0,36.50000046383026,HARISS,1047.0,987.0,2917.0
673,Switzerland,1.5,4.0,0.08,0.04,78.0066282267531,625.0,82.50000054089696,1264.0,49.0,22.0,49.0,AWW,997.0,1043.0,2876.0
674,Switzerland,1.5,4.0,0.08,0.04,47.43123447731879,948.0,50.50000001021107,1494.0,54.0,2375.0,47.43123447731879,ICU,956.0,1068.0,3057.0
675,Switzerland,1.5,4.0,0.08,0.04,18.226086655231192,8.0,Inf,NaN,43.0,12.0,18.226086655231192,ICU,944.0,1075.0,2969.0
676,Switzerland,1.5,4.0,0.08,0.04,52.79153683048451,84.0,68.50000053219733,550.0,53.0,85.0,52.79153683048451,ICU,915.0,1100.0,3010.0
677,Switzerland,1.5,4.0,0.08,0.04,63.94509002065998,2028.0,40.50000089220052,97.0,52.0,432.0,40.50000089220052,HARISS,902.0,1029.0,3002.0
678,Switzerland,1.5,4.0,0.08,0.04,74.79689723425909,1159.0,78.50000021458085,2095.0,51.0,73.0,51.0,AWW,972.0,1056.0,2914.0
679,Switzerland,1.5,4.0,0.08,0.04,65.56470863265353,1441.0,64.50000041453463,1269.0,40.0,17.0,40.0,AWW,959.0,1071.0,2955.0
680,Switzerland,1.5,4.0,0.08,0.04,59.7024514844756,34.0,82.50000087374671,1049.0,52.0,10.0,52.0,AWW,999.0,1033.0,3024.0
681,Switzerland,1.5,4.0,0.08,0.04,53.979413999872804,2325.0,40.50000022316831,294.0,54.0,2333.0,40.50000022316831,HARISS,956.0,976.0,3046.0
682,Switzerland,1.5,4.0,0.08,0.04,72.39613849999385,1942.0,68.50000084439911,1053.0,48.0,63.0,48.0,AWW,980.0,1067.0,3069.0
683,Switzerland,1.5,4.0,0.08,0.04,68.76736784334682,3030.0,64.50000083537715,1665.0,57.0,594.0,57.0,AWW,1027.0,1016.0,3071.0
684,Switzerland,1.5,4.0,0.08,0.04,71.13970457108069,4756.0,54.500000626639554,394.0,45.0,82.0,45.0,AWW,970.0,999.0,3050.0
685,Switzerland,1.5,4.0,0.08,0.04,34.49946145807493,25.0,Inf,NaN,54.0,25.0,34.49946145807493,ICU,993.0,1055.0,3025.0
686,Switzerland,1.5,4.0,0.08,0.04,47.739970410685466,450.0,54.5000008309557,1156.0,45.0,306.0,45.0,AWW,945.0,1014.0,3091.0
687,Switzerland,1.5,4.0,0.08,0.04,65.71937042535464,1740.0,57.500000107137794,499.0,64.0,1400.0,57.500000107137794,HARISS,951.0,1062.0,2940.0
688,Switzerland,1.5,4.0,0.08,0.04,56.51253287133192,328.0,64.5000008307686,1005.0,34.0,26.0,34.0,AWW,998.0,1018.0,2993.0
689,Switzerland,1.5,4.0,0.08,0.04,68.83830444001434,1073.0,71.50000010751394,1546.0,47.0,107.0,47.0,AWW,960.0,1061.0,2975.0
690,Switzerland,1.5,4.0,0.08,0.04,90.43048741310938,1656.0,82.50000030024634,710.0,44.0,45.0,44.0,AWW,991.0,1065.0,3053.0
691,Switzerland,1.5,4.0,0.08,0.04,80.52618359157556,444.0,Inf,NaN,53.0,47.0,53.0,AWW,954.0,1028.0,3019.0
692,Switzerland,1.5,4.0,0.08,0.04,25.47280905121827,2.0,Inf,NaN,53.0,3.0,25.47280905121827,ICU,884.0,1042.0,2967.0
693,Switzerland,1.5,4.0,0.08,0.04,43.18755053495034,23.0,50.50000088407208,54.0,48.0,41.0,43.18755053495034,ICU,981.0,1102.0,3028.0
694,Switzerland,1.5,4.0,0.08,0.04,47.41385637562304,96.0,64.50000048625603,944.0,49.0,113.0,47.41385637562304,ICU,914.0,1065.0,3055.0
695,Switzerland,1.5,4.0,0.08,0.04,54.90967987899222,550.0,61.500000367826736,1436.0,50.0,280.0,50.0,AWW,965.0,1020.0,3043.0
696,Switzerland,1.5,4.0,0.08,0.04,48.92785632379275,1005.0,50.50000088832138,1266.0,49.0,1019.0,48.92785632379275,ICU,996.0,1024.0,2962.0
697,Switzerland,1.5,4.0,0.08,0.04,69.37114114943114,1961.0,61.50000048183501,585.0,57.0,312.0,57.0,AWW,954.0,1033.0,2993.0
698,Switzerland,1.5,4.0,0.08,0.04,59.559489439400735,1082.0,61.50000096205884,1466.0,46.0,139.0,46.0,AWW,933.0,1105.0,2920.0
699,Switzerland,1.5,4.0,0.08,0.04,44.07612068258052,1332.0,43.50000075500045,1216.0,58.0,10959.0,43.50000075500045,HARISS,962.0,1071.0,2987.0
700,Switzerland,1.5,4.0,0.08,0.04,13.95023064433699,12.0,Inf,NaN,50.0,12.0,13.95023064433699,ICU,991.0,1038.0,3055.0
701,Switzerland,1.5,4.0,0.08,0.04,38.33373857993002,104.0,54.5000007650143,961.0,37.0,86.0,37.0,AWW,962.0,1158.0,2944.0
702,Switzerland,1.5,4.0,0.08,0.04,20.238462545874363,100.0,29.500000822514878,366.0,51.0,7014.0,20.238462545874363,ICU,973.0,1041.0,2895.0
703,Switzerland,1.5,4.0,0.08,0.04,55.46935199104133,135.0,68.50000002246911,819.0,47.0,53.0,47.0,AWW,911.0,1018.0,2953.0
704,Switzerland,1.5,4.0,0.08,0.04,67.14235950001775,1295.0,71.50000085984036,2438.0,48.0,87.0,48.0,AWW,975.0,1068.0,3002.0
705,Switzerland,1.5,4.0,0.08,0.04,78.23513649193282,3814.0,50.50000055869873,59.0,53.0,89.0,50.50000055869873,HARISS,988.0,1052.0,2977.0
706,Switzerland,1.5,4.0,0.08,0.04,52.048073370807714,289.0,57.50000054893899,594.0,59.0,711.0,52.048073370807714,ICU,948.0,1078.0,3049.0
707,Switzerland,1.5,4.0,0.08,0.04,52.07026903674564,808.0,50.500000556731734,609.0,40.0,134.0,40.0,AWW,913.0,1084.0,3001.0
708,Switzerland,1.5,4.0,0.08,0.04,45.21723159299402,23.0,82.5000007494631,2111.0,58.0,69.0,45.21723159299402,ICU,1001.0,1064.0,2979.0
709,Switzerland,1.5,4.0,0.08,0.04,63.744375184546406,1122.0,57.500000297750134,423.0,58.0,475.0,57.500000297750134,HARISS,953.0,1052.0,2884.0
710,Switzerland,1.5,4.0,0.08,0.04,32.7697862170546,94.0,Inf,NaN,57.0,108.0,32.7697862170546,ICU,980.0,1023.0,2909.0
711,Switzerland,1.5,4.0,0.08,0.04,14.442243372491818,21.0,Inf,NaN,49.0,32.0,14.442243372491818,ICU,958.0,1037.0,2929.0
712,Switzerland,1.5,4.0,0.08,0.04,50.545252651743844,307.0,50.50000097702162,306.0,55.0,566.0,50.50000097702162,HARISS,969.0,1100.0,2896.0
713,Switzerland,1.5,4.0,0.08,0.04,35.60166069121632,50.0,57.500000282133215,1267.0,39.0,79.0,35.60166069121632,ICU,1018.0,1035.0,3037.0
714,Switzerland,1.5,4.0,0.08,0.04,36.25136161286563,2.0,Inf,NaN,57.0,4.0,36.25136161286563,ICU,977.0,1014.0,2953.0
715,Switzerland,1.5,4.0,0.08,0.04,61.56929804527406,1252.0,54.500000013159635,455.0,37.0,17.0,37.0,AWW,901.0,1131.0,2934.0
716,Switzerland,1.5,4.0,0.08,0.04,69.47803387371953,2108.0,36.50000015706834,14.0,16.0,0.0,16.0,AWW,949.0,1071.0,2976.0
717,Switzerland,1.5,4.0,0.08,0.04,60.20334299889886,522.0,68.50000020091483,1899.0,54.0,200.0,54.0,AWW,971.0,1052.0,3031.0
718,Switzerland,1.5,4.0,0.08,0.04,52.21049293053161,1327.0,54.500000626219936,1887.0,45.0,471.0,45.0,AWW,935.0,1133.0,3064.0
719,Switzerland,1.5,4.0,0.08,0.04,74.14134058445184,1824.0,68.50000066793552,813.0,28.0,9.0,28.0,AWW,1026.0,1037.0,3063.0
720,Switzerland,1.5,4.0,0.08,0.04,24.861434242738554,0.0,Inf,NaN,52.0,0.0,24.861434242738554,ICU,946.0,1089.0,3001.0
721,Switzerland,1.5,4.0,0.08,0.04,47.93925975303621,440.0,57.50000050526761,2018.0,17.0,0.0,17.0,AWW,954.0,1121.0,2993.0
722,Switzerland,1.5,4.0,0.08,0.04,46.40434807480888,72.0,68.50000096523942,989.0,50.0,102.0,46.40434807480888,ICU,965.0,1049.0,2991.0
723,Switzerland,1.5,4.0,0.08,0.04,65.61516863042755,493.0,75.50000096420978,1638.0,44.0,93.0,44.0,AWW,936.0,1053.0,2969.0
724,Switzerland,1.5,4.0,0.08,0.04,63.00622093530587,797.0,64.50000083337508,1013.0,53.0,267.0,53.0,AWW,951.0,1046.0,2936.0
725,Switzerland,1.5,4.0,0.08,0.04,68.9304555934657,1219.0,71.50000083473236,1804.0,46.0,46.0,46.0,AWW,963.0,999.0,2952.0
726,Switzerland,1.5,4.0,0.08,0.04,49.36963388058879,130.0,12.50000088664283,61.0,53.0,181.0,12.50000088664283,HARISS,930.0,1061.0,3006.0
727,Switzerland,1.5,4.0,0.08,0.04,40.207439274341944,10.0,Inf,NaN,57.0,10.0,40.207439274341944,ICU,946.0,1033.0,3059.0
728,Switzerland,1.5,4.0,0.08,0.04,77.38758643296099,1990.0,68.50000015074905,589.0,50.0,49.0,50.0,AWW,999.0,1060.0,2893.0
729,Switzerland,1.5,4.0,0.08,0.04,48.1262964103122,112.0,57.50000067846373,519.0,56.0,416.0,48.1262964103122,ICU,967.0,1059.0,2937.0
730,Switzerland,1.5,4.0,0.08,0.04,74.76197958574498,674.0,85.50000080934282,3644.0,59.0,55.0,59.0,AWW,980.0,1016.0,2999.0
731,Switzerland,1.5,4.0,0.08,0.04,71.68047957432337,2114.0,64.50000088523244,722.0,40.0,30.0,40.0,AWW,983.0,1032.0,2970.0
732,Switzerland,1.5,4.0,0.08,0.04,58.585443257771345,292.0,68.5000007744162,1150.0,48.0,78.0,48.0,AWW,976.0,1017.0,3105.0
733,Switzerland,1.5,4.0,0.08,0.04,56.69404273548993,1066.0,50.5000003960182,442.0,59.0,1554.0,50.5000003960182,HARISS,983.0,999.0,3063.0
734,Switzerland,1.5,4.0,0.08,0.04,65.2861075421335,234.0,78.50000066393402,1753.0,46.0,26.0,46.0,AWW,936.0,1098.0,3044.0
735,Switzerland,1.5,4.0,0.08,0.04,55.07812495921435,442.0,57.500000106889516,649.0,61.0,1177.0,55.07812495921435,ICU,955.0,1060.0,2989.0
736,Switzerland,1.5,4.0,0.08,0.04,60.119177187455485,153.0,68.50000034704269,497.0,52.0,53.0,52.0,AWW,972.0,1024.0,2998.0
737,Switzerland,1.5,4.0,0.08,0.04,57.128873213949795,750.0,57.50000015089712,789.0,51.0,304.0,51.0,AWW,1021.0,1047.0,3014.0
738,Switzerland,1.5,4.0,0.08,0.04,60.90338099716353,336.0,71.50000074591169,1714.0,54.0,100.0,54.0,AWW,964.0,1139.0,3028.0
739,Switzerland,1.5,4.0,0.08,0.04,32.77464087007995,7.0,36.50000053831667,7.0,60.0,7.0,32.77464087007995,ICU,953.0,1039.0,3047.0
740,Switzerland,1.5,4.0,0.08,0.04,80.27806303256715,2029.0,78.5000008768035,1523.0,38.0,1.0,38.0,AWW,991.0,1041.0,2930.0
741,Switzerland,1.5,4.0,0.08,0.04,68.13636207173286,650.0,68.50000036779417,668.0,37.0,28.0,37.0,AWW,963.0,1053.0,2946.0
742,Switzerland,1.5,4.0,0.08,0.04,63.04420755055583,551.0,61.50000085982652,465.0,50.0,133.0,50.0,AWW,943.0,1103.0,3044.0
743,Switzerland,1.5,4.0,0.08,0.04,61.62032487601674,1383.0,54.50000061180001,484.0,63.0,1638.0,54.50000061180001,HARISS,944.0,1088.0,2966.0
744,Switzerland,1.5,4.0,0.08,0.04,55.2006980592678,778.0,57.50000033226548,1107.0,17.0,1.0,17.0,AWW,977.0,1004.0,3037.0
745,Switzerland,1.5,4.0,0.08,0.04,60.79070186961066,170.0,68.50000033203804,465.0,51.0,38.0,51.0,AWW,987.0,1102.0,2971.0
746,Switzerland,1.5,4.0,0.08,0.04,28.248218416464805,12.0,Inf,NaN,58.0,12.0,28.248218416464805,ICU,979.0,1057.0,3064.0
747,Switzerland,1.5,4.0,0.08,0.04,34.48509722823576,25.0,Inf,NaN,51.0,27.0,34.48509722823576,ICU,962.0,1022.0,2901.0
748,Switzerland,1.5,4.0,0.08,0.04,74.76896098675077,1173.0,64.50000057934284,229.0,53.0,38.0,53.0,AWW,935.0,1060.0,3042.0
749,Switzerland,1.5,4.0,0.08,0.04,51.54693375603527,305.0,57.50000053596524,786.0,52.0,337.0,51.54693375603527,ICU,955.0,1015.0,3054.0
750,Switzerland,1.5,4.0,0.08,0.04,94.19622138857417,305.0,Inf,NaN,32.0,2.0,32.0,AWW,906.0,1081.0,3066.0
751,Switzerland,1.5,4.0,0.08,0.04,51.27021788890474,194.0,47.500000584862974,117.0,43.0,58.0,43.0,AWW,965.0,1131.0,3000.0
752,Switzerland,1.5,4.0,0.08,0.04,48.6441438001521,659.0,36.50000002050041,112.0,54.0,1417.0,36.50000002050041,HARISS,988.0,1080.0,2998.0
753,Switzerland,1.5,4.0,0.08,0.04,45.06139363519887,1088.0,36.500000490646315,345.0,12.0,10.0,12.0,AWW,974.0,1037.0,3037.0
754,Switzerland,1.5,4.0,0.08,0.04,85.59408124496763,1786.0,82.5000009243491,1115.0,61.0,43.0,61.0,AWW,972.0,1038.0,3014.0
755,Switzerland,1.5,4.0,0.08,0.04,55.480738755069545,1241.0,61.50000062134913,3010.0,50.0,532.0,50.0,AWW,960.0,1081.0,3012.0
756,Switzerland,1.5,4.0,0.08,0.04,69.71251226462977,385.0,64.50000097819888,160.0,57.0,50.0,57.0,AWW,971.0,1059.0,2928.0
757,Switzerland,1.5,4.0,0.08,0.04,58.637424293726006,643.0,29.500000818453152,11.0,53.0,288.0,29.500000818453152,HARISS,950.0,1062.0,2914.0
758,Switzerland,1.5,4.0,0.08,0.04,45.59872039780731,65.0,54.50000099408172,280.0,51.0,167.0,45.59872039780731,ICU,963.0,1049.0,3091.0
759,Switzerland,1.5,4.0,0.08,0.04,44.33967067190397,39.0,43.50000083143095,37.0,49.0,42.0,43.50000083143095,HARISS,949.0,1086.0,2993.0
760,Switzerland,1.5,4.0,0.08,0.04,42.33937229959892,98.0,61.5000007087127,1718.0,18.0,0.0,18.0,AWW,959.0,1025.0,2915.0
761,Switzerland,1.5,4.0,0.08,0.04,44.69152866133258,466.0,47.50000037647777,722.0,39.0,191.0,39.0,AWW,975.0,1087.0,3089.0
762,Switzerland,1.5,4.0,0.08,0.04,59.55440603475772,648.0,68.50000063096282,2436.0,49.0,113.0,49.0,AWW,1006.0,1013.0,3102.0
763,Switzerland,1.5,4.0,0.08,0.04,42.77405916708332,381.0,26.500000053843955,55.0,57.0,2928.0,26.500000053843955,HARISS,963.0,1027.0,3041.0
764,Switzerland,1.5,4.0,0.08,0.04,90.15962939750756,1103.0,Inf,NaN,54.0,12.0,54.0,AWW,938.0,1032.0,2925.0
765,Switzerland,1.5,4.0,0.08,0.04,49.987003581547945,138.0,57.50000043452901,454.0,50.0,138.0,49.987003581547945,ICU,972.0,1059.0,3059.0
766,Switzerland,1.5,4.0,0.08,0.04,31.06890567212024,28.0,Inf,NaN,39.0,28.0,31.06890567212024,ICU,930.0,1020.0,3082.0
767,Switzerland,1.5,4.0,0.08,0.04,63.17619385808413,1465.0,29.500000375482045,7.0,58.0,692.0,29.500000375482045,HARISS,937.0,1033.0,2968.0
768,Switzerland,1.5,4.0,0.08,0.04,53.98706624201446,640.0,64.50000088620595,2958.0,59.0,1321.0,53.98706624201446,ICU,977.0,1066.0,3043.0
769,Switzerland,1.5,4.0,0.08,0.04,62.77873561427609,137.0,68.50000036628764,332.0,49.0,39.0,49.0,AWW,960.0,1054.0,2971.0
770,Switzerland,1.5,4.0,0.08,0.04,27.107913937687847,25.0,Inf,NaN,8.0,0.0,8.0,AWW,1024.0,1088.0,3049.0
771,Switzerland,1.5,4.0,0.08,0.04,62.552284123073065,963.0,61.50000090703739,815.0,30.0,4.0,30.0,AWW,991.0,1062.0,2982.0
772,Switzerland,1.5,4.0,0.08,0.04,92.53391557932844,127.0,Inf,NaN,53.0,11.0,53.0,AWW,1014.0,1050.0,2969.0
773,Switzerland,1.5,4.0,0.08,0.04,56.86807098412172,206.0,78.50000033843928,4821.0,53.0,119.0,53.0,AWW,957.0,1069.0,2970.0
774,Switzerland,1.5,4.0,0.08,0.04,59.900549995144104,1920.0,57.50000013669115,1360.0,56.0,1069.0,56.0,AWW,946.0,1078.0,2953.0
775,Switzerland,1.5,4.0,0.08,0.04,52.576259886187906,201.0,64.50000096681228,1187.0,34.0,12.0,34.0,AWW,1044.0,978.0,3025.0
776,Switzerland,1.5,4.0,0.08,0.04,68.8157380981213,1539.0,54.50000083896147,229.0,53.0,193.0,53.0,AWW,991.0,1029.0,2943.0
777,Switzerland,1.5,4.0,0.08,0.04,61.20954600765639,639.0,68.50000048170641,1923.0,56.0,300.0,56.0,AWW,984.0,1028.0,3037.0
778,Switzerland,1.5,4.0,0.08,0.04,46.35903316787133,763.0,47.500000019323956,885.0,37.0,192.0,37.0,AWW,925.0,996.0,3064.0
779,Switzerland,1.5,4.0,0.08,0.04,62.514012688265076,390.0,71.50000092173697,1160.0,26.0,5.0,26.0,AWW,917.0,1139.0,3071.0
780,Switzerland,1.5,4.0,0.08,0.04,48.76086704615384,1109.0,50.50000055026988,1449.0,49.0,1162.0,48.76086704615384,ICU,970.0,1080.0,3023.0
781,Switzerland,1.5,4.0,0.08,0.04,69.21951884501915,509.0,68.50000021472077,450.0,41.0,15.0,41.0,AWW,970.0,1031.0,3005.0
782,Switzerland,1.5,4.0,0.08,0.04,62.26532471894074,1678.0,57.5000006252602,827.0,25.0,1.0,25.0,AWW,1005.0,1059.0,2992.0
783,Switzerland,1.5,4.0,0.08,0.04,26.413543007498333,207.0,29.500000925170283,302.0,43.0,2128.0,26.413543007498333,ICU,941.0,1048.0,3116.0
784,Switzerland,1.5,4.0,0.08,0.04,70.05200935536926,2107.0,68.50000017089519,1694.0,54.0,280.0,54.0,AWW,976.0,1120.0,3043.0
785,Switzerland,1.5,4.0,0.08,0.04,22.024847198226205,1.0,54.500000002033026,490.0,52.0,379.0,22.024847198226205,ICU,949.0,1035.0,2933.0
786,Switzerland,1.5,4.0,0.08,0.04,75.07116532997674,1720.0,54.500000920498394,73.0,37.0,9.0,37.0,AWW,922.0,1090.0,2966.0
787,Switzerland,1.5,4.0,0.08,0.04,73.70067251902377,3751.0,22.500000884460647,14.0,58.0,380.0,22.500000884460647,HARISS,969.0,1020.0,2968.0
788,Switzerland,1.5,4.0,0.08,0.04,55.3452118542762,749.0,50.500000042068365,333.0,6.0,0.0,6.0,AWW,1028.0,1032.0,2994.0
789,Switzerland,1.5,4.0,0.08,0.04,51.71004587814869,2116.0,43.500000181320566,648.0,24.0,33.0,24.0,AWW,951.0,1072.0,2962.0
790,Switzerland,1.5,4.0,0.08,0.04,95.22990034647496,650.0,61.50000027151886,83.0,20.0,1.0,20.0,AWW,937.0,1109.0,2865.0
791,Switzerland,1.5,4.0,0.08,0.04,45.589755871236406,1033.0,43.50000030990168,798.0,55.0,3766.0,43.50000030990168,HARISS,986.0,1022.0,2979.0
792,Switzerland,1.5,4.0,0.08,0.04,40.29649904236791,969.0,33.50000098062433,322.0,59.0,19396.0,33.50000098062433,HARISS,959.0,1057.0,2994.0
793,Switzerland,1.5,4.0,0.08,0.04,68.92240915488956,687.0,78.50000091296597,2658.0,60.0,220.0,60.0,AWW,988.0,1023.0,2892.0
794,Switzerland,1.5,4.0,0.08,0.04,53.06951073590597,194.0,54.500000981150386,254.0,53.0,191.0,53.0,AWW,986.0,996.0,3100.0
795,Switzerland,1.5,4.0,0.08,0.04,63.60970400752836,1009.0,47.50000095438022,82.0,59.0,504.0,47.50000095438022,HARISS,965.0,1019.0,2945.0
796,Switzerland,1.5,4.0,0.08,0.04,52.44119509104755,242.0,61.50000084953212,947.0,54.0,299.0,52.44119509104755,ICU,973.0,1059.0,3059.0
797,Switzerland,1.5,4.0,0.08,0.04,75.93691722514662,780.0,78.50000036539932,1114.0,50.0,31.0,50.0,AWW,981.0,1079.0,2956.0
798,Switzerland,1.5,4.0,0.08,0.04,46.048376654406475,93.0,75.50000002409422,6099.0,54.0,228.0,46.048376654406475,ICU,962.0,1010.0,2975.0
799,Switzerland,1.5,4.0,0.08,0.04,38.783732772989396,616.0,40.500000630384534,799.0,60.0,16389.0,38.783732772989396,ICU,938.0,1007.0,3012.0
800,Switzerland,1.5,4.0,0.08,0.04,20.38512405502356,4.0,Inf,NaN,44.0,4.0,20.38512405502356,ICU,917.0,1018.0,2993.0
801,Switzerland,1.5,4.0,0.08,0.04,57.234856849885965,647.0,47.500000868362505,127.0,58.0,716.0,47.500000868362505,HARISS,947.0,1054.0,3006.0
802,Switzerland,1.5,4.0,0.08,0.04,19.101959853084427,22.0,Inf,NaN,11.0,0.0,11.0,AWW,1014.0,1040.0,2937.0
803,Switzerland,1.5,4.0,0.08,0.04,26.219537124679846,32.0,29.50000052567005,67.0,49.0,95.0,26.219537124679846,ICU,993.0,1057.0,2976.0
804,Switzerland,1.5,4.0,0.08,0.04,46.3786184131311,570.0,47.50000023234877,670.0,35.0,99.0,35.0,AWW,961.0,1027.0,3075.0
805,Switzerland,1.5,4.0,0.08,0.04,30.779851461261167,131.0,19.500000566107467,21.0,40.0,520.0,19.500000566107467,HARISS,974.0,1071.0,2823.0
806,Switzerland,1.5,4.0,0.08,0.04,75.04286337484393,754.0,61.50000044248482,114.0,56.0,53.0,56.0,AWW,987.0,1038.0,3044.0
807,Switzerland,1.5,4.0,0.08,0.04,66.50391885990638,990.0,61.50000017966134,496.0,45.0,72.0,45.0,AWW,1000.0,1027.0,3022.0
808,Switzerland,1.5,4.0,0.08,0.04,32.98632950832393,16.0,71.50000015993724,1541.0,55.0,132.0,32.98632950832393,ICU,975.0,1045.0,2951.0
809,Switzerland,1.5,4.0,0.08,0.04,66.76302965409482,791.0,64.50000063232986,604.0,50.0,72.0,50.0,AWW,919.0,1061.0,2998.0
810,Switzerland,1.5,4.0,0.08,0.04,66.37690599317739,682.0,54.50000017367002,120.0,41.0,27.0,41.0,AWW,973.0,1074.0,2903.0
811,Switzerland,1.5,4.0,0.08,0.04,40.27580632623805,1041.0,12.50000047375531,24.0,56.0,10774.0,12.50000047375531,HARISS,1001.0,1067.0,3008.0
812,Switzerland,1.5,4.0,0.08,0.04,77.35876488927713,1800.0,71.50000093269915,791.0,45.0,21.0,45.0,AWW,993.0,1097.0,2906.0
813,Switzerland,1.5,4.0,0.08,0.04,55.049597293849715,957.0,54.50000079000181,892.0,45.0,247.0,45.0,AWW,977.0,1081.0,3016.0
814,Switzerland,1.5,4.0,0.08,0.04,62.692535106907805,188.0,50.500000244044195,35.0,42.0,11.0,42.0,AWW,1004.0,1053.0,2998.0
815,Switzerland,1.5,4.0,0.08,0.04,55.233371413959354,1877.0,33.50000058096701,43.0,56.0,2123.0,33.50000058096701,HARISS,971.0,1084.0,3017.0
816,Switzerland,1.5,4.0,0.08,0.04,50.880741326354915,1966.0,47.50000087515958,1184.0,53.0,2724.0,47.50000087515958,HARISS,972.0,1093.0,2912.0
817,Switzerland,1.5,4.0,0.08,0.04,24.656583560873536,102.0,33.50000004725511,301.0,51.0,4308.0,24.656583560873536,ICU,1034.0,1036.0,3015.0
818,Switzerland,1.5,4.0,0.08,0.04,34.424524963850544,72.0,57.50000035745478,3071.0,51.0,1087.0,34.424524963850544,ICU,945.0,1060.0,2970.0
819,Switzerland,1.5,4.0,0.08,0.04,55.63713685115642,401.0,68.50000061036671,2902.0,63.0,1242.0,55.63713685115642,ICU,936.0,1047.0,3105.0
820,Switzerland,1.5,4.0,0.08,0.04,56.71865087262315,685.0,57.500000395201035,785.0,54.0,473.0,54.0,AWW,1026.0,1045.0,3010.0
821,Switzerland,1.5,4.0,0.08,0.04,55.1011449082011,52.0,78.50000098036786,1411.0,51.0,38.0,51.0,AWW,982.0,1034.0,3048.0
822,Switzerland,1.5,4.0,0.08,0.04,36.0929184049732,355.0,43.50000005888571,1004.0,34.0,262.0,34.0,AWW,1001.0,1044.0,3052.0
823,Switzerland,1.5,4.0,0.08,0.04,71.34991446582586,1275.0,68.50000027015895,843.0,51.0,75.0,51.0,AWW,940.0,1074.0,2942.0
824,Switzerland,1.5,4.0,0.08,0.04,54.85089013536854,1234.0,61.500000191591205,3390.0,55.0,1273.0,54.85089013536854,ICU,957.0,1038.0,3044.0
825,Switzerland,1.5,4.0,0.08,0.04,66.88798946577663,600.0,57.500000283856856,177.0,47.0,38.0,47.0,AWW,969.0,1055.0,3054.0
826,Switzerland,1.5,4.0,0.08,0.04,10.204794530455032,20.0,Inf,NaN,38.0,20.0,10.204794530455032,ICU,932.0,1032.0,2947.0
827,Switzerland,1.5,4.0,0.08,0.04,71.02126348826553,1041.0,47.500000754208315,40.0,45.0,34.0,45.0,AWW,944.0,1027.0,2849.0
828,Switzerland,1.5,4.0,0.08,0.04,48.26305566615159,441.0,47.500000953975935,380.0,43.0,173.0,43.0,AWW,997.0,1051.0,3024.0
829,Switzerland,1.5,4.0,0.08,0.04,68.00993109059907,1373.0,40.50000064004933,36.0,41.0,38.0,40.50000064004933,HARISS,1019.0,1071.0,2878.0
830,Switzerland,1.5,4.0,0.08,0.04,48.42746270456896,413.0,43.50000003415817,189.0,59.0,1983.0,43.50000003415817,HARISS,973.0,1051.0,3031.0
831,Switzerland,1.5,4.0,0.08,0.04,73.23038611944015,1069.0,78.5000001953978,2434.0,21.0,0.0,21.0,AWW,953.0,1028.0,2968.0
832,Switzerland,1.5,4.0,0.08,0.04,30.519107396706886,441.0,33.50000070880064,645.0,48.0,5797.0,30.519107396706886,ICU,988.0,1064.0,2950.0
833,Switzerland,1.5,4.0,0.08,0.04,49.45680627484445,145.0,61.50000016259537,777.0,60.0,611.0,49.45680627484445,ICU,966.0,993.0,2965.0
834,Switzerland,1.5,4.0,0.08,0.04,11.289697000349731,2.0,Inf,NaN,34.0,2.0,11.289697000349731,ICU,961.0,1066.0,2969.0
835,Switzerland,1.5,4.0,0.08,0.04,53.09478379646726,1265.0,54.50000091735582,1565.0,47.0,533.0,47.0,AWW,995.0,1045.0,2957.0
836,Switzerland,1.5,4.0,0.08,0.04,43.89562161583583,1024.0,43.50000061456969,978.0,50.0,2652.0,43.50000061456969,HARISS,949.0,1017.0,2975.0
837,Switzerland,1.5,4.0,0.08,0.04,17.621649122993375,21.0,Inf,NaN,55.0,40.0,17.621649122993375,ICU,958.0,1073.0,3009.0
838,Switzerland,1.5,4.0,0.08,0.04,57.51286603176336,1135.0,57.50000043513826,1131.0,45.0,159.0,45.0,AWW,1001.0,1038.0,2943.0
839,Switzerland,1.5,4.0,0.08,0.04,23.323570730619085,195.0,Inf,NaN,47.0,287.0,23.323570730619085,ICU,936.0,1083.0,2961.0
840,Switzerland,1.5,4.0,0.08,0.04,51.61199468178532,656.0,57.50000064783405,1727.0,57.0,1578.0,51.61199468178532,ICU,955.0,1009.0,3001.0
841,Switzerland,1.5,4.0,0.08,0.04,54.425456951236605,583.0,47.500000287129,236.0,57.0,857.0,47.500000287129,HARISS,935.0,1011.0,3042.0
842,Switzerland,1.5,4.0,0.08,0.04,31.84129986126111,258.0,47.50000081266134,2965.0,57.0,12647.0,31.84129986126111,ICU,983.0,1040.0,2918.0
843,Switzerland,1.5,4.0,0.08,0.04,52.364389613569564,70.0,68.50000010000866,448.0,53.0,75.0,52.364389613569564,ICU,951.0,1061.0,3072.0
844,Switzerland,1.5,4.0,0.08,0.04,62.1405635504747,1713.0,47.50000015231129,230.0,56.0,714.0,47.50000015231129,HARISS,911.0,1084.0,3048.0
845,Switzerland,1.5,4.0,0.08,0.04,60.11932250818432,557.0,50.50000048854495,159.0,51.0,171.0,50.50000048854495,HARISS,1006.0,1008.0,2895.0
846,Switzerland,1.5,4.0,0.08,0.04,57.306087162053984,1761.0,57.50000045538716,1814.0,51.0,667.0,51.0,AWW,960.0,1067.0,2937.0
847,Switzerland,1.5,4.0,0.08,0.04,63.470108716536494,170.0,71.50000090543173,424.0,52.0,57.0,52.0,AWW,967.0,1053.0,2967.0
848,Switzerland,1.5,4.0,0.08,0.04,35.3140452501745,59.0,57.500000452684525,1311.0,14.0,2.0,14.0,AWW,942.0,1023.0,3023.0
849,Switzerland,1.5,4.0,0.08,0.04,16.430479596065418,3.0,Inf,NaN,51.0,3.0,16.430479596065418,ICU,972.0,1011.0,3004.0
850,Switzerland,1.5,4.0,0.08,0.04,38.46322846877669,67.0,Inf,NaN,45.0,71.0,38.46322846877669,ICU,1029.0,1082.0,2986.0
851,Switzerland,1.5,4.0,0.08,0.04,32.00743573809693,20.0,57.500000466454836,741.0,54.0,450.0,32.00743573809693,ICU,967.0,1011.0,2974.0
852,Switzerland,1.5,4.0,0.08,0.04,38.52191898899883,85.0,54.50000082937604,1121.0,56.0,1393.0,38.52191898899883,ICU,990.0,1002.0,3125.0
853,Switzerland,1.5,4.0,0.08,0.04,62.72064933230691,1431.0,64.50000067990524,1875.0,43.0,82.0,43.0,AWW,1012.0,1035.0,3182.0
854,Switzerland,1.5,4.0,0.08,0.04,30.33759520732491,29.0,61.50000015740362,2320.0,37.0,67.0,30.33759520732491,ICU,977.0,1041.0,2961.0
855,Switzerland,1.5,4.0,0.08,0.04,52.221089783798654,419.0,54.50000086937681,554.0,56.0,690.0,52.221089783798654,ICU,955.0,1016.0,3077.0
856,Switzerland,1.5,4.0,0.08,0.04,58.62624601685722,1386.0,50.500000660531626,404.0,51.0,431.0,50.500000660531626,HARISS,971.0,1010.0,2999.0
857,Switzerland,1.5,4.0,0.08,0.04,47.263032223355665,697.0,33.50000068331174,86.0,42.0,296.0,33.50000068331174,HARISS,1002.0,1059.0,3054.0
858,Switzerland,1.5,4.0,0.08,0.04,81.88497612418178,3196.0,75.50000081840841,1277.0,43.0,16.0,43.0,AWW,959.0,1055.0,2988.0
859,Switzerland,1.5,4.0,0.08,0.04,84.97223461594663,997.0,78.50000024258865,383.0,32.0,5.0,32.0,AWW,964.0,1026.0,3048.0
860,Switzerland,1.5,4.0,0.08,0.04,49.150163064865616,536.0,26.500000420833025,20.0,60.0,2286.0,26.500000420833025,HARISS,988.0,1043.0,2990.0
861,Switzerland,1.5,4.0,0.08,0.04,31.289067068980273,5.0,36.50000010401705,5.0,40.0,5.0,31.289067068980273,ICU,904.0,1043.0,2860.0
862,Switzerland,1.5,4.0,0.08,0.04,49.646514135262805,68.0,57.50000080607358,198.0,44.0,32.0,44.0,AWW,1014.0,1060.0,3004.0
863,Switzerland,1.5,4.0,0.08,0.04,53.122789533427685,1782.0,57.500000591586215,3280.0,51.0,1324.0,51.0,AWW,971.0,1021.0,2988.0
864,Switzerland,1.5,4.0,0.08,0.04,70.67324920669833,461.0,78.50000054386952,1511.0,41.0,31.0,41.0,AWW,983.0,1120.0,2914.0
865,Switzerland,1.5,4.0,0.08,0.04,73.05620490774439,846.0,82.50000099819333,3331.0,52.0,34.0,52.0,AWW,937.0,1056.0,2976.0
866,Switzerland,1.5,4.0,0.08,0.04,67.53969656488258,985.0,78.5000001809401,5669.0,49.0,40.0,49.0,AWW,988.0,1079.0,3060.0
867,Switzerland,1.5,4.0,0.08,0.04,68.69688910165004,1949.0,61.500000247007996,639.0,54.0,204.0,54.0,AWW,951.0,1059.0,2961.0
868,Switzerland,1.5,4.0,0.08,0.04,14.824399968624212,25.0,Inf,NaN,49.0,25.0,14.824399968624212,ICU,1008.0,1060.0,3037.0
869,Switzerland,1.5,4.0,0.08,0.04,43.84229200953589,584.0,36.500000651130335,192.0,54.0,2941.0,36.500000651130335,HARISS,995.0,1020.0,3066.0
870,Switzerland,1.5,4.0,0.08,0.04,55.90977531703794,3487.0,36.50000062706411,180.0,42.0,413.0,36.50000062706411,HARISS,953.0,1069.0,2975.0
871,Switzerland,1.5,4.0,0.08,0.04,56.1779456682546,242.0,78.50000098723122,6032.0,42.0,29.0,42.0,AWW,921.0,1084.0,2953.0
872,Switzerland,1.5,4.0,0.08,0.04,49.36432009846083,1031.0,36.500000898503636,115.0,41.0,252.0,36.500000898503636,HARISS,956.0,1067.0,2959.0
873,Switzerland,1.5,4.0,0.08,0.04,58.2252683069836,923.0,54.50000080988885,530.0,45.0,133.0,45.0,AWW,1022.0,1080.0,2986.0
874,Switzerland,1.5,4.0,0.08,0.04,68.12452669247469,441.0,64.50000070302333,276.0,55.0,79.0,55.0,AWW,986.0,1039.0,3037.0
875,Switzerland,1.5,4.0,0.08,0.04,53.79013314587858,356.0,54.500000421967755,379.0,63.0,1228.0,53.79013314587858,ICU,941.0,1106.0,2951.0
876,Switzerland,1.5,4.0,0.08,0.04,54.602283624019776,307.0,64.5000007865013,1367.0,47.0,80.0,47.0,AWW,1025.0,1058.0,3171.0
877,Switzerland,1.5,4.0,0.08,0.04,62.78684208156414,2355.0,54.500000109463244,699.0,43.0,133.0,43.0,AWW,1015.0,1059.0,3023.0
878,Switzerland,1.5,4.0,0.08,0.04,53.5037450458426,373.0,47.50000092847191,159.0,48.0,175.0,47.50000092847191,HARISS,964.0,1069.0,2997.0
879,Switzerland,1.5,4.0,0.08,0.04,49.78255600576837,1201.0,47.500000110029596,891.0,60.0,4816.0,47.500000110029596,HARISS,987.0,1085.0,2937.0
880,Switzerland,1.5,4.0,0.08,0.04,53.72601477260224,390.0,54.50000058656265,416.0,55.0,445.0,53.72601477260224,ICU,924.0,1052.0,3034.0
881,Switzerland,1.5,4.0,0.08,0.04,66.42861853250963,1350.0,68.50000068767585,1824.0,30.0,3.0,30.0,AWW,999.0,1079.0,3053.0
882,Switzerland,1.5,4.0,0.08,0.04,76.5534974731709,164.0,Inf,NaN,59.0,27.0,59.0,AWW,1019.0,1048.0,3003.0
883,Switzerland,1.5,4.0,0.08,0.04,60.875275267823284,1658.0,29.500000753094746,9.0,26.0,5.0,26.0,AWW,925.0,1103.0,3036.0
884,Switzerland,1.5,4.0,0.08,0.04,68.54600913867701,1258.0,57.50000042939646,247.0,42.0,33.0,42.0,AWW,979.0,1029.0,3013.0
885,Switzerland,1.5,4.0,0.08,0.04,72.4976795902205,411.0,75.50000088144468,636.0,51.0,24.0,51.0,AWW,979.0,1098.0,2933.0
886,Switzerland,1.5,4.0,0.08,0.04,56.077414636752714,1101.0,57.500000228664426,1380.0,53.0,674.0,53.0,AWW,1008.0,986.0,3032.0
887,Switzerland,1.5,4.0,0.08,0.04,59.28099029842764,3163.0,54.50000000979962,1542.0,57.0,2245.0,54.50000000979962,HARISS,980.0,1030.0,3110.0
888,Switzerland,1.5,4.0,0.08,0.04,67.2623186509071,3504.0,54.50000001472626,516.0,45.0,120.0,45.0,AWW,1009.0,1046.0,3059.0
889,Switzerland,1.5,4.0,0.08,0.04,52.1106027057758,477.0,61.500000772070166,2131.0,13.0,0.0,13.0,AWW,990.0,1090.0,2995.0
890,Switzerland,1.5,4.0,0.08,0.04,46.697626171034976,246.0,47.50000037413386,292.0,43.0,144.0,43.0,AWW,982.0,1087.0,2979.0
891,Switzerland,1.5,4.0,0.08,0.04,65.17157386246282,490.0,50.500000522918924,61.0,61.0,264.0,50.500000522918924,HARISS,965.0,1029.0,2953.0
892,Switzerland,1.5,4.0,0.08,0.04,75.6912727878079,1856.0,78.50000044992231,2746.0,48.0,29.0,48.0,AWW,987.0,1061.0,3127.0
893,Switzerland,1.5,4.0,0.08,0.04,73.12333612479871,1629.0,61.500000001326654,314.0,63.0,385.0,61.500000001326654,HARISS,930.0,1083.0,3010.0
894,Switzerland,1.5,4.0,0.08,0.04,58.351436172337024,542.0,61.50000034760117,870.0,46.0,67.0,46.0,AWW,963.0,1039.0,2980.0
895,Switzerland,1.5,4.0,0.08,0.04,75.01811550976868,617.0,82.5000006363769,1821.0,48.0,16.0,48.0,AWW,944.0,1096.0,2940.0
896,Switzerland,1.5,4.0,0.08,0.04,62.91342100327793,1749.0,54.50000076485544,518.0,51.0,294.0,51.0,AWW,996.0,1041.0,3008.0
897,Switzerland,1.5,4.0,0.08,0.04,51.28622764292141,865.0,57.50000050791801,2231.0,45.0,311.0,45.0,AWW,1001.0,1047.0,2963.0
898,Switzerland,1.5,4.0,0.08,0.04,65.4862543096518,3803.0,61.50000049560156,2168.0,57.0,1148.0,57.0,AWW,952.0,1101.0,3029.0
899,Switzerland,1.5,4.0,0.08,0.04,43.5488078583144,12.0,75.50000024021139,1725.0,51.0,44.0,43.5488078583144,ICU,981.0,1099.0,2928.0
900,Switzerland,1.5,4.0,0.08,0.04,45.045099434217626,578.0,50.50000077888545,1268.0,34.0,136.0,34.0,AWW,1036.0,1115.0,2977.0
901,Switzerland,1.5,4.0,0.08,0.04,60.80588676106941,336.0,78.5000007565117,4320.0,50.0,60.0,50.0,AWW,1009.0,1067.0,3030.0
902,Switzerland,1.5,4.0,0.08,0.04,49.998189836555014,40.0,68.50000009431466,413.0,45.0,21.0,45.0,AWW,966.0,1047.0,2992.0
903,Switzerland,1.5,4.0,0.08,0.04,63.440676578546864,511.0,61.50000027821305,382.0,29.0,9.0,29.0,AWW,998.0,1036.0,3015.0
904,Switzerland,1.5,4.0,0.08,0.04,65.33483555631013,173.0,78.50000015909038,1204.0,50.0,29.0,50.0,AWW,975.0,1086.0,3001.0
905,Switzerland,1.5,4.0,0.08,0.04,43.05369529399351,1029.0,36.500000665250816,317.0,60.0,13945.0,36.500000665250816,HARISS,918.0,1015.0,2908.0
906,Switzerland,1.5,4.0,0.08,0.04,17.344981083747786,10.0,Inf,NaN,32.0,10.0,17.344981083747786,ICU,896.0,1058.0,3078.0
907,Switzerland,1.5,4.0,0.08,0.04,44.10032377877244,81.0,57.50000071467718,588.0,25.0,7.0,25.0,AWW,1004.0,1047.0,2882.0
908,Switzerland,1.5,4.0,0.08,0.04,50.71342520834379,1493.0,54.500000994563486,2773.0,37.0,162.0,37.0,AWW,996.0,1089.0,2913.0
909,Switzerland,1.5,4.0,0.08,0.04,58.20881842117685,81.0,61.50000096062448,117.0,52.0,42.0,52.0,AWW,967.0,1065.0,2896.0
910,Switzerland,1.5,4.0,0.08,0.04,83.10509910254703,2270.0,78.50000099861708,1186.0,42.0,13.0,42.0,AWW,909.0,1024.0,3072.0
911,Switzerland,1.5,4.0,0.08,0.04,63.042079254698145,1790.0,57.50000082440492,737.0,9.0,1.0,9.0,AWW,1028.0,1042.0,2990.0
912,Switzerland,1.5,4.0,0.08,0.04,73.05374080381915,1999.0,57.50000064149387,368.0,51.0,197.0,51.0,AWW,906.0,1018.0,3000.0
913,Switzerland,1.5,4.0,0.08,0.04,22.282733675251734,2.0,Inf,NaN,52.0,2.0,22.282733675251734,ICU,941.0,1042.0,2998.0
914,Switzerland,1.5,4.0,0.08,0.04,44.208599090941206,170.0,57.50000012102601,1292.0,46.0,221.0,44.208599090941206,ICU,965.0,1035.0,2998.0
915,Switzerland,1.5,4.0,0.08,0.04,41.15468235005649,1262.0,43.50000064518677,1770.0,50.0,4507.0,41.15468235005649,ICU,995.0,1030.0,2995.0
916,Switzerland,1.5,4.0,0.08,0.04,34.92551622446189,142.0,54.5000002693804,2430.0,40.0,290.0,34.92551622446189,ICU,974.0,1106.0,2921.0
917,Switzerland,1.5,4.0,0.08,0.04,52.826039305978156,246.0,40.50000023202597,51.0,48.0,133.0,40.50000023202597,HARISS,982.0,1064.0,2928.0
918,Switzerland,1.5,4.0,0.08,0.04,48.22436993081313,301.0,50.50000030014893,424.0,56.0,937.0,48.22436993081313,ICU,999.0,1101.0,3064.0
919,Switzerland,1.5,4.0,0.08,0.04,71.51681299786316,442.0,75.50000057138327,763.0,53.0,38.0,53.0,AWW,1012.0,1076.0,2959.0
920,Switzerland,1.5,4.0,0.08,0.04,40.6663128292738,1045.0,40.50000075102591,1009.0,11.0,2.0,11.0,AWW,998.0,1088.0,3046.0
921,Switzerland,1.5,4.0,0.08,0.04,50.6265879386747,308.0,22.50000007457478,3.0,51.0,330.0,22.50000007457478,HARISS,944.0,1059.0,3014.0
922,Switzerland,1.5,4.0,0.08,0.04,51.9006981901879,135.0,26.50000004741623,4.0,51.0,126.0,26.50000004741623,HARISS,950.0,1095.0,2956.0
923,Switzerland,1.5,4.0,0.08,0.04,59.92702216188181,386.0,57.500000676968234,276.0,43.0,50.0,43.0,AWW,961.0,1031.0,2998.0
924,Switzerland,1.5,4.0,0.08,0.04,38.1497107236804,157.0,47.50000034552198,560.0,55.0,1637.0,38.1497107236804,ICU,982.0,1000.0,3036.0
925,Switzerland,1.5,4.0,0.08,0.04,76.12934859442811,820.0,68.500000716803,265.0,54.0,47.0,54.0,AWW,974.0,1079.0,2987.0
926,Switzerland,1.5,4.0,0.08,0.04,25.327398274500947,70.0,40.50000038075883,895.0,50.0,3594.0,25.327398274500947,ICU,997.0,1024.0,2975.0
927,Switzerland,1.5,4.0,0.08,0.04,36.31477225536668,14.0,36.500000077510926,14.0,55.0,14.0,36.31477225536668,ICU,1043.0,1043.0,2970.0
928,Switzerland,1.5,4.0,0.08,0.04,66.58954708749056,2058.0,61.50000016546012,964.0,53.0,237.0,53.0,AWW,954.0,1042.0,3019.0
929,Switzerland,1.5,4.0,0.08,0.04,43.08759314516215,32.0,71.5000004792628,1568.0,51.0,72.0,43.08759314516215,ICU,973.0,1028.0,3005.0
930,Switzerland,1.5,4.0,0.08,0.04,29.158041980573273,27.0,Inf,NaN,47.0,27.0,29.158041980573273,ICU,939.0,1093.0,2967.0
931,Switzerland,1.5,4.0,0.08,0.04,61.4591579149115,958.0,57.500000086027796,502.0,47.0,75.0,47.0,AWW,954.0,1082.0,2975.0
932,Switzerland,1.5,4.0,0.08,0.04,43.907950800554495,1378.0,22.500000419055404,83.0,52.0,4625.0,22.500000419055404,HARISS,983.0,968.0,2987.0
933,Switzerland,1.5,4.0,0.08,0.04,45.329703666037354,43.0,61.5000005932179,701.0,62.0,763.0,45.329703666037354,ICU,983.0,1059.0,3036.0
934,Switzerland,1.5,4.0,0.08,0.04,54.952825185550275,723.0,64.50000086590246,2919.0,56.0,867.0,54.952825185550275,ICU,1004.0,1037.0,2889.0
935,Switzerland,1.5,4.0,0.08,0.04,46.340652530782776,47.0,75.5000001360563,3399.0,55.0,168.0,46.340652530782776,ICU,1020.0,1048.0,2986.0
936,Switzerland,1.5,4.0,0.08,0.04,51.472267915314916,677.0,54.50000068565932,1057.0,58.0,1707.0,51.472267915314916,ICU,1094.0,1050.0,2989.0
937,Switzerland,1.5,4.0,0.08,0.04,65.774588091861,725.0,57.50000018244825,231.0,62.0,427.0,57.50000018244825,HARISS,967.0,1053.0,3092.0
938,Switzerland,1.5,4.0,0.08,0.04,55.565523041101066,2022.0,47.50000073555905,648.0,14.0,0.0,14.0,AWW,1016.0,1021.0,2994.0
939,Switzerland,1.5,4.0,0.08,0.04,46.66835741112867,1118.0,47.50000055841777,1253.0,51.0,2100.0,46.66835741112867,ICU,889.0,1023.0,2940.0
940,Switzerland,1.5,4.0,0.08,0.04,46.11563038304881,199.0,54.50000083782261,675.0,48.0,247.0,46.11563038304881,ICU,979.0,1079.0,3011.0
941,Switzerland,1.5,4.0,0.08,0.04,29.62654171246052,67.0,33.50000077223853,67.0,54.0,67.0,29.62654171246052,ICU,997.0,1043.0,2975.0
942,Switzerland,1.5,4.0,0.08,0.04,83.25584722299453,2415.0,71.50000084535823,394.0,54.0,33.0,54.0,AWW,990.0,1052.0,2989.0
943,Switzerland,1.5,4.0,0.08,0.04,52.128111355719845,183.0,68.50000023770869,1945.0,59.0,469.0,52.128111355719845,ICU,957.0,1097.0,2941.0
944,Switzerland,1.5,4.0,0.08,0.04,37.822312036420115,310.0,40.50000008938023,442.0,50.0,1848.0,37.822312036420115,ICU,1014.0,1082.0,2992.0
945,Switzerland,1.5,4.0,0.08,0.04,61.47218795888241,309.0,64.50000093855782,498.0,9.0,0.0,9.0,AWW,982.0,1065.0,2947.0
946,Switzerland,1.5,4.0,0.08,0.04,63.31533793265182,1350.0,68.50000052632676,2918.0,44.0,79.0,44.0,AWW,1033.0,1087.0,3022.0
947,Switzerland,1.5,4.0,0.08,0.04,64.4266695053474,1371.0,57.500000659089686,494.0,51.0,183.0,51.0,AWW,971.0,1029.0,2969.0
948,Switzerland,1.5,4.0,0.08,0.04,74.59954098984466,2442.0,75.50000046374151,2808.0,37.0,5.0,37.0,AWW,977.0,1014.0,2941.0
949,Switzerland,1.5,4.0,0.08,0.04,47.9893679433217,95.0,Inf,NaN,59.0,95.0,47.9893679433217,ICU,901.0,1079.0,2972.0
950,Switzerland,1.5,4.0,0.08,0.04,51.66045797647228,926.0,47.50000066428632,501.0,51.0,839.0,47.50000066428632,HARISS,954.0,1044.0,3005.0
951,Switzerland,1.5,4.0,0.08,0.04,70.73225995838358,855.0,68.50000080412453,607.0,41.0,10.0,41.0,AWW,1003.0,1018.0,2907.0
952,Switzerland,1.5,4.0,0.08,0.04,55.47335698972415,212.0,68.50000071550689,1333.0,43.0,34.0,43.0,AWW,926.0,1079.0,2974.0
953,Switzerland,1.5,4.0,0.08,0.04,43.714329021713034,73.0,Inf,NaN,52.0,80.0,43.714329021713034,ICU,971.0,1045.0,2992.0
954,Switzerland,1.5,4.0,0.08,0.04,66.77917886747144,130.0,78.50000025982827,558.0,47.0,21.0,47.0,AWW,951.0,1029.0,2988.0
955,Switzerland,1.5,4.0,0.08,0.04,42.58433046209641,1078.0,47.50000094444671,2292.0,53.0,5332.0,42.58433046209641,ICU,949.0,1016.0,3009.0
956,Switzerland,1.5,4.0,0.08,0.04,45.46033110532929,33.0,61.500000947287575,775.0,63.0,985.0,45.46033110532929,ICU,961.0,1008.0,2984.0
957,Switzerland,1.5,4.0,0.08,0.04,57.20412157946464,188.0,68.5000009228209,1042.0,52.0,94.0,52.0,AWW,963.0,1090.0,2910.0
958,Switzerland,1.5,4.0,0.08,0.04,61.63588238094458,180.0,61.500000114515785,174.0,54.0,64.0,54.0,AWW,1016.0,1108.0,2915.0
959,Switzerland,1.5,4.0,0.08,0.04,70.30803392222975,2890.0,54.50000000035677,250.0,24.0,0.0,24.0,AWW,953.0,1038.0,2907.0
960,Switzerland,1.5,4.0,0.08,0.04,57.38318311302737,1557.0,54.50000055014533,1016.0,54.0,961.0,54.0,AWW,936.0,996.0,3036.0
961,Switzerland,1.5,4.0,0.08,0.04,19.720194278024636,9.0,Inf,NaN,56.0,9.0,19.720194278024636,ICU,997.0,1070.0,2963.0
962,Switzerland,1.5,4.0,0.08,0.04,63.337832346747575,2953.0,54.500000085858126,798.0,55.0,862.0,54.500000085858126,HARISS,1021.0,1081.0,2922.0
963,Switzerland,1.5,4.0,0.08,0.04,68.19649032740745,2438.0,57.5000007713534,441.0,25.0,0.0,25.0,AWW,1028.0,1077.0,2972.0
964,Switzerland,1.5,4.0,0.08,0.04,49.958724388276956,957.0,40.50000093218088,243.0,46.0,530.0,40.50000093218088,HARISS,942.0,1065.0,2949.0
965,Switzerland,1.5,4.0,0.08,0.04,73.11851179944671,4187.0,68.50000062035909,2202.0,48.0,147.0,48.0,AWW,959.0,1097.0,2938.0
966,Switzerland,1.5,4.0,0.08,0.04,23.53288937293749,8.0,Inf,NaN,21.0,7.0,21.0,AWW,952.0,1047.0,2974.0
967,Switzerland,1.5,4.0,0.08,0.04,38.9507889633254,6.0,Inf,NaN,50.0,6.0,38.9507889633254,ICU,933.0,1049.0,2984.0
968,Switzerland,1.5,4.0,0.08,0.04,69.72744662161396,731.0,78.50000066691655,2815.0,52.0,70.0,52.0,AWW,977.0,1109.0,3033.0
969,Switzerland,1.5,4.0,0.08,0.04,60.29335639741304,82.0,78.50000015749094,1655.0,57.0,46.0,57.0,AWW,924.0,1058.0,2958.0
970,Switzerland,1.5,4.0,0.08,0.04,70.6880406090236,579.0,68.50000041837653,415.0,32.0,0.0,32.0,AWW,996.0,1009.0,3015.0
971,Switzerland,1.5,4.0,0.08,0.04,51.462054209174376,4287.0,36.50000087696884,572.0,47.0,2361.0,36.50000087696884,HARISS,962.0,1116.0,2998.0
972,Switzerland,1.5,4.0,0.08,0.04,55.78149694305639,87.0,64.50000089495568,344.0,45.0,30.0,45.0,AWW,968.0,1086.0,2996.0
973,Switzerland,1.5,4.0,0.08,0.04,64.51034222753887,565.0,61.50000036876382,345.0,56.0,152.0,56.0,AWW,1016.0,1091.0,3065.0
974,Switzerland,1.5,4.0,0.08,0.04,67.51171174969927,747.0,40.50000012519635,32.0,50.0,89.0,40.50000012519635,HARISS,975.0,1056.0,3021.0
975,Switzerland,1.5,4.0,0.08,0.04,51.899133073066615,931.0,50.500000593627966,762.0,52.0,942.0,50.500000593627966,HARISS,963.0,1000.0,3026.0
976,Switzerland,1.5,4.0,0.08,0.04,37.89615522521144,15.0,Inf,NaN,60.0,17.0,37.89615522521144,ICU,1009.0,1052.0,2977.0
977,Switzerland,1.5,4.0,0.08,0.04,10.88656934531884,0.0,Inf,NaN,61.0,0.0,10.88656934531884,ICU,947.0,1052.0,2919.0
978,Switzerland,1.5,4.0,0.08,0.04,71.66085106972987,702.0,47.50000045009937,60.0,55.0,115.0,47.50000045009937,HARISS,938.0,1062.0,2863.0
979,Switzerland,1.5,4.0,0.08,0.04,54.91610357164544,1124.0,50.50000066032659,566.0,66.0,5752.0,50.50000066032659,HARISS,1032.0,1019.0,2991.0
980,Switzerland,1.5,4.0,0.08,0.04,41.80384829729436,85.0,54.5000000743437,440.0,48.0,169.0,41.80384829729436,ICU,947.0,1099.0,2940.0
981,Switzerland,1.5,4.0,0.08,0.04,27.794573123132917,169.0,26.50000085863394,169.0,44.0,169.0,26.50000085863394,HARISS,929.0,1003.0,2977.0
982,Switzerland,1.5,4.0,0.08,0.04,46.804276542300535,193.0,57.50000029541168,1096.0,45.0,133.0,45.0,AWW,983.0,1017.0,2971.0
983,Switzerland,1.5,4.0,0.08,0.04,55.64720298738158,167.0,57.50000004638305,221.0,42.0,26.0,42.0,AWW,976.0,1055.0,2925.0
984,Switzerland,1.5,4.0,0.08,0.04,20.54647904319585,19.0,Inf,NaN,53.0,23.0,20.54647904319585,ICU,972.0,1065.0,3052.0
985,Switzerland,1.5,4.0,0.08,0.04,67.06505513561731,2026.0,57.50000002312088,568.0,41.0,51.0,41.0,AWW,950.0,1092.0,3068.0
986,Switzerland,1.5,4.0,0.08,0.04,53.36743855330572,836.0,57.50000022115786,1576.0,54.0,926.0,53.36743855330572,ICU,938.0,1063.0,2992.0
987,Switzerland,1.5,4.0,0.08,0.04,78.14242698411825,4353.0,68.50000059758311,1056.0,54.0,159.0,54.0,AWW,936.0,1040.0,2962.0
988,Switzerland,1.5,4.0,0.08,0.04,56.37104381208606,767.0,43.500000847033746,115.0,51.0,328.0,43.500000847033746,HARISS,995.0,1079.0,2997.0
989,Switzerland,1.5,4.0,0.08,0.04,64.4622299693313,2919.0,54.500000516641286,611.0,61.0,1673.0,54.500000516641286,HARISS,959.0,1094.0,2985.0
990,Switzerland,1.5,4.0,0.08,0.04,62.422673610345775,103.0,68.5000007587096,224.0,62.0,98.0,62.0,AWW,978.0,1113.0,3077.0
991,Switzerland,1.5,4.0,0.08,0.04,65.24491648069599,355.0,82.50000034941337,4705.0,51.0,62.0,51.0,AWW,1004.0,1105.0,3005.0
992,Switzerland,1.5,4.0,0.08,0.04,20.459447936651017,0.0,Inf,NaN,54.0,0.0,20.459447936651017,ICU,1011.0,998.0,3037.0
993,Switzerland,1.5,4.0,0.08,0.04,48.47405466511906,254.0,43.50000024227732,98.0,43.0,89.0,43.0,AWW,998.0,993.0,2934.0
994,Switzerland,1.5,4.0,0.08,0.04,42.35546379928008,3.0,Inf,NaN,57.0,4.0,42.35546379928008,ICU,989.0,1094.0,3048.0
995,Switzerland,1.5,4.0,0.08,0.04,57.466642005118544,597.0,68.50000055902095,2839.0,34.0,33.0,34.0,AWW,963.0,1070.0,2943.0
996,Switzerland,1.5,4.0,0.08,0.04,75.99453289697014,3455.0,68.50000064648033,1074.0,33.0,8.0,33.0,AWW,949.0,1025.0,2982.0
997,Switzerland,1.5,4.0,0.08,0.04,53.75476281052109,345.0,57.50000095510585,584.0,47.0,118.0,47.0,AWW,997.0,1018.0,2974.0
998,Switzerland,1.5,4.0,0.08,0.04,75.83325472523252,2335.0,68.50000053784505,814.0,52.0,87.0,52.0,AWW,942.0,1039.0,2954.0
999,Switzerland,1.5,4.0,0.08,0.04,47.18891090179668,396.0,57.50000077264505,1616.0,56.0,1324.0,47.18891090179668,ICU,1013.0,1061.0,2971.0
1000,Switzerland,1.5,4.0,0.08,0.04,74.6237425771842,1092.0,47.500000893569286,38.0,50.0,46.0,47.500000893569286,HARISS,967.0,1049.0,2967.0
