sample_id,country,R0,gen_time,p_det,false_positive_rate,icu_detection_time,icu_local_cases,hariss_detection_time,hariss_local_cases,aww_ctt1_detection_time,aww_ctt1_local_cases,aww_ctt2_detection_time,aww_ctt2_local_cases,earliest_detection_time_ctt1,earliest_surveillance_type_ctt1,earliest_detection_time_ctt2,earliest_surveillance_type_ctt2,total_latent,total_infectious,total_detectable
1,Switzerland,2.0,4.0,0.08,0.04,41.52128741429564,4255.0,33.5000004553497,558.0,28.0,148.0,37.0,1308.0,28.0,AWW,33.5000004553497,HARISS,5151.0,4707.0,10498.0
2,Switzerland,2.0,4.0,0.08,0.04,30.702000483798336,3178.0,26.500000878672196,1447.0,33.0,4685.0,36.0,7755.0,26.500000878672196,HARISS,26.500000878672196,HARISS,5108.0,4873.0,10468.0
3,Switzerland,2.0,4.0,0.08,0.04,55.463671159621995,135596.0,36.50000045952051,1579.0,31.0,308.0,40.0,4488.0,31.0,AWW,36.50000045952051,HARISS,5205.0,4792.0,10527.0
4,Switzerland,2.0,4.0,0.08,0.04,41.882042970444715,5420.0,22.50000080686759,37.0,16.0,0.0,37.0,1798.0,16.0,AWW,22.50000080686759,HARISS,5117.0,4833.0,10615.0
5,Switzerland,2.0,4.0,0.08,0.04,44.44894583955032,5921.0,40.50000095202358,2308.0,23.0,18.0,24.0,24.0,23.0,AWW,24.0,AWW,5074.0,4769.0,10629.0
6,Switzerland,2.0,4.0,0.08,0.04,41.84260311518896,7009.0,36.500000720169545,1735.0,35.0,1073.0,38.0,2572.0,35.0,AWW,36.500000720169545,HARISS,5050.0,4828.0,10701.0
7,Switzerland,2.0,4.0,0.08,0.04,38.60208397536212,1020.0,43.50000031153799,4072.0,30.0,53.0,33.0,147.0,30.0,AWW,33.0,AWW,5167.0,4719.0,10621.0
8,Switzerland,2.0,4.0,0.08,0.04,19.05820407499207,522.0,19.500000547199427,596.0,32.0,6527.0,42.0,50775.0,19.05820407499207,ICU,19.05820407499207,ICU,5053.0,4797.0,10703.0
9,Switzerland,2.0,4.0,0.08,0.04,40.24339348609329,4715.0,43.50000085101763,9911.0,17.0,13.0,33.0,804.0,17.0,AWW,33.0,AWW,4920.0,4884.0,10639.0
10,Switzerland,2.0,4.0,0.08,0.04,31.206830815372886,957.0,36.500000084218605,4919.0,35.0,3180.0,36.0,4284.0,31.206830815372886,ICU,31.206830815372886,ICU,5052.0,4751.0,10786.0
11,Switzerland,2.0,4.0,0.08,0.04,28.13276849398583,349.0,36.50000064123937,1848.0,26.0,191.0,31.0,686.0,26.0,AWW,28.13276849398583,ICU,5111.0,4781.0,10728.0
12,Switzerland,2.0,4.0,0.08,0.04,34.87205158873549,1376.0,36.50000058393388,1924.0,28.0,248.0,40.0,4507.0,28.0,AWW,34.87205158873549,ICU,5137.0,4734.0,10525.0
13,Switzerland,2.0,4.0,0.08,0.04,47.23985493604278,14632.0,40.50000096880147,2660.0,25.0,25.0,38.0,1273.0,25.0,AWW,38.0,AWW,5072.0,4686.0,10700.0
14,Switzerland,2.0,4.0,0.08,0.04,16.747102117598274,97.0,29.50000011025465,2557.0,6.0,4.0,38.0,18763.0,6.0,AWW,16.747102117598274,ICU,5139.0,4854.0,10600.0
15,Switzerland,2.0,4.0,0.08,0.04,45.2479945813709,14129.0,33.50000058260347,649.0,29.0,212.0,34.0,744.0,29.0,AWW,33.50000058260347,HARISS,5192.0,4731.0,10667.0
16,Switzerland,2.0,4.0,0.08,0.04,50.2579796541705,33823.0,36.50000015530324,1216.0,27.0,27.0,39.0,2511.0,27.0,AWW,36.50000015530324,HARISS,5098.0,4697.0,10641.0
17,Switzerland,2.0,4.0,0.08,0.04,37.1927269102357,2070.0,40.50000042971156,4300.0,17.0,21.0,29.0,317.0,17.0,AWW,29.0,AWW,5119.0,4768.0,10681.0
18,Switzerland,2.0,4.0,0.08,0.04,28.39220896223197,1494.0,29.500000635288263,1973.0,25.0,679.0,32.0,3427.0,25.0,AWW,28.39220896223197,ICU,5079.0,4827.0,10772.0
19,Switzerland,2.0,4.0,0.08,0.04,52.699092912459896,45632.0,29.50000092613666,366.0,15.0,2.0,36.0,1143.0,15.0,AWW,29.50000092613666,HARISS,5106.0,4788.0,10488.0
20,Switzerland,2.0,4.0,0.08,0.04,25.285146515653242,168.0,36.50000042686084,2230.0,21.0,55.0,27.0,251.0,21.0,AWW,25.285146515653242,ICU,5117.0,4705.0,10731.0
21,Switzerland,2.0,4.0,0.08,0.04,18.97393026372783,13.0,33.50000067820663,797.0,15.0,2.0,37.0,1975.0,15.0,AWW,18.97393026372783,ICU,5140.0,4808.0,10853.0
22,Switzerland,2.0,4.0,0.08,0.04,28.247821114660546,1030.0,12.500000711725843,46.0,29.0,1169.0,35.0,3793.0,12.500000711725843,HARISS,12.500000711725843,HARISS,5057.0,4845.0,10588.0
23,Switzerland,2.0,4.0,0.08,0.04,24.1107678748809,1514.0,22.500000198134952,1149.0,17.0,363.0,34.0,8407.0,17.0,AWW,22.500000198134952,HARISS,5116.0,4718.0,10601.0
24,Switzerland,2.0,4.0,0.08,0.04,25.442313793735316,1044.0,33.50000047886716,4153.0,29.0,1933.0,30.0,2250.0,25.442313793735316,ICU,25.442313793735316,ICU,5046.0,4865.0,10722.0
25,Switzerland,2.0,4.0,0.08,0.04,41.407487505807154,4828.0,33.50000081521086,836.0,33.0,749.0,34.0,950.0,33.0,AWW,33.50000081521086,HARISS,5116.0,4857.0,10743.0
26,Switzerland,2.0,4.0,0.08,0.04,48.14435208250992,18999.0,36.50000000281238,1364.0,25.0,28.0,37.0,1575.0,25.0,AWW,36.50000000281238,HARISS,4975.0,4656.0,10451.0
27,Switzerland,2.0,4.0,0.08,0.04,52.322314654272795,39960.0,36.500000795386946,504.0,27.0,47.0,39.0,1138.0,27.0,AWW,36.500000795386946,HARISS,5007.0,4783.0,10664.0
28,Switzerland,2.0,4.0,0.08,0.04,21.474843244873483,140.0,36.50000032552276,2644.0,33.0,1273.0,34.0,1591.0,21.474843244873483,ICU,21.474843244873483,ICU,5087.0,4872.0,10653.0
29,Switzerland,2.0,4.0,0.08,0.04,23.48576942606044,126.0,29.50000045428753,1075.0,19.0,17.0,30.0,1246.0,19.0,AWW,23.48576942606044,ICU,5134.0,4791.0,10871.0
30,Switzerland,2.0,4.0,0.08,0.04,37.712016947406546,4739.0,33.5000008719166,1787.0,31.0,875.0,32.0,1163.0,31.0,AWW,32.0,AWW,5157.0,4810.0,10831.0
31,Switzerland,2.0,4.0,0.08,0.04,55.07439310429703,36219.0,40.50000041451959,1864.0,16.0,1.0,17.0,2.0,16.0,AWW,17.0,AWW,5016.0,4672.0,10674.0
32,Switzerland,2.0,4.0,0.08,0.04,23.87331447074797,272.0,33.50000064105546,2385.0,29.0,881.0,37.0,5495.0,23.87331447074797,ICU,23.87331447074797,ICU,5194.0,4838.0,10799.0
33,Switzerland,2.0,4.0,0.08,0.04,41.313102564101634,8310.0,29.500000588272805,311.0,19.0,17.0,18.0,10.0,19.0,AWW,18.0,AWW,5169.0,4903.0,10714.0
34,Switzerland,2.0,4.0,0.08,0.04,40.679665463402124,7510.0,36.500000600381476,2883.0,28.0,200.0,28.0,200.0,28.0,AWW,28.0,AWW,5089.0,4829.0,10662.0
35,Switzerland,2.0,4.0,0.08,0.04,39.940791746048845,1053.0,40.50000094522951,1238.0,24.0,8.0,36.0,366.0,24.0,AWW,36.0,AWW,5161.0,4819.0,10495.0
36,Switzerland,2.0,4.0,0.08,0.04,35.9133603988229,3233.0,29.50000094285433,803.0,35.0,2627.0,36.0,3305.0,29.50000094285433,HARISS,29.50000094285433,HARISS,5014.0,4688.0,10657.0
37,Switzerland,2.0,4.0,0.08,0.04,34.26666020051042,2750.0,22.500000358242954,176.0,32.0,1688.0,40.0,9175.0,22.500000358242954,HARISS,22.500000358242954,HARISS,4991.0,4874.0,10728.0
38,Switzerland,2.0,4.0,0.08,0.04,33.756044787043336,518.0,33.50000074179179,483.0,27.0,94.0,35.0,683.0,27.0,AWW,33.50000074179179,HARISS,5155.0,4872.0,10726.0
39,Switzerland,2.0,4.0,0.08,0.04,41.045564523913974,4423.0,36.500000558551946,1510.0,17.0,2.0,31.0,405.0,17.0,AWW,31.0,AWW,5022.0,4913.0,10613.0
40,Switzerland,2.0,4.0,0.08,0.04,44.47256520788028,9175.0,40.50000063313087,3227.0,22.0,10.0,37.0,1252.0,22.0,AWW,37.0,AWW,5132.0,4706.0,10408.0
41,Switzerland,2.0,4.0,0.08,0.04,32.103242109638714,5324.0,19.50000037271604,228.0,29.0,3042.0,33.0,6211.0,19.50000037271604,HARISS,19.50000037271604,HARISS,5108.0,4768.0,10611.0
42,Switzerland,2.0,4.0,0.08,0.04,39.862207248109215,2017.0,36.500000666068225,758.0,30.0,62.0,37.0,876.0,30.0,AWW,36.500000666068225,HARISS,5126.0,4699.0,10874.0
43,Switzerland,2.0,4.0,0.08,0.04,41.090951234384875,3078.0,43.50000021799511,5471.0,7.0,0.0,7.0,0.0,7.0,AWW,7.0,AWW,5070.0,4827.0,10740.0
44,Switzerland,2.0,4.0,0.08,0.04,46.83153739489777,9604.0,33.50000073368254,489.0,18.0,0.0,36.0,844.0,18.0,AWW,33.50000073368254,HARISS,5085.0,4785.0,10673.0
45,Switzerland,2.0,4.0,0.08,0.04,32.507118828606664,444.0,40.500000144159245,2646.0,25.0,84.0,30.0,263.0,25.0,AWW,30.0,AWW,5021.0,4788.0,10919.0
46,Switzerland,2.0,4.0,0.08,0.04,24.88873024277709,1035.0,29.5000007538507,2955.0,22.0,485.0,38.0,16187.0,22.0,AWW,24.88873024277709,ICU,5170.0,4791.0,10772.0
47,Switzerland,2.0,4.0,0.08,0.04,38.698097038850676,2629.0,43.50000092236807,8162.0,24.0,22.0,36.0,1320.0,24.0,AWW,36.0,AWW,5083.0,4880.0,10553.0
48,Switzerland,2.0,4.0,0.08,0.04,57.4515884182714,88095.0,47.50000007195395,7855.0,27.0,20.0,43.0,1891.0,27.0,AWW,43.0,AWW,5008.0,4680.0,10841.0
49,Switzerland,2.0,4.0,0.08,0.04,20.44938728742618,2109.0,15.500000184724712,651.0,3.0,0.0,36.0,39670.0,3.0,AWW,15.500000184724712,HARISS,4994.0,4792.0,10697.0
50,Switzerland,2.0,4.0,0.08,0.04,46.57675605585281,6700.0,29.5000000335342,130.0,22.0,15.0,35.0,479.0,22.0,AWW,29.5000000335342,HARISS,5052.0,4796.0,10628.0
51,Switzerland,2.0,4.0,0.08,0.04,44.04343344001388,10530.0,33.50000064379592,590.0,32.0,376.0,36.0,1235.0,32.0,AWW,33.50000064379592,HARISS,5121.0,4697.0,10380.0
52,Switzerland,2.0,4.0,0.08,0.04,49.339952795618544,55402.0,36.50000068731675,2987.0,32.0,882.0,35.0,2023.0,32.0,AWW,35.0,AWW,5142.0,4805.0,10660.0
53,Switzerland,2.0,4.0,0.08,0.04,51.58557796330588,27603.0,47.50000057071347,10160.0,27.0,23.0,42.0,2311.0,27.0,AWW,42.0,AWW,5077.0,4788.0,10654.0
54,Switzerland,2.0,4.0,0.08,0.04,46.66121015014615,19003.0,43.500000007315606,9098.0,34.0,990.0,35.0,1240.0,34.0,AWW,35.0,AWW,5156.0,4787.0,10583.0
55,Switzerland,2.0,4.0,0.08,0.04,49.27365309910331,22194.0,43.50000051564534,5974.0,24.0,35.0,25.0,50.0,24.0,AWW,25.0,AWW,5346.0,4775.0,10762.0
56,Switzerland,2.0,4.0,0.08,0.04,30.024232466233716,2861.0,26.500000292116844,1171.0,18.0,159.0,36.0,9288.0,18.0,AWW,26.500000292116844,HARISS,5080.0,4706.0,10556.0
57,Switzerland,2.0,4.0,0.08,0.04,47.77400891385672,11314.0,47.500000170821046,10595.0,29.0,56.0,35.0,289.0,29.0,AWW,35.0,AWW,5112.0,4717.0,10656.0
58,Switzerland,2.0,4.0,0.08,0.04,13.243416017899548,18.0,36.50000059706181,993.0,32.0,309.0,33.0,419.0,13.243416017899548,ICU,13.243416017899548,ICU,4987.0,4839.0,10724.0
59,Switzerland,2.0,4.0,0.08,0.04,45.65355607326664,15921.0,29.50000030108543,310.0,24.0,67.0,36.0,1675.0,24.0,AWW,29.50000030108543,HARISS,5077.0,4733.0,10656.0
60,Switzerland,2.0,4.0,0.08,0.04,53.92755411889141,84280.0,36.50000017535185,1886.0,27.0,87.0,36.0,1697.0,27.0,AWW,36.0,AWW,5132.0,4854.0,10476.0
61,Switzerland,2.0,4.0,0.08,0.04,44.70505877024067,5579.0,40.50000007742952,2267.0,15.0,2.0,15.0,2.0,15.0,AWW,15.0,AWW,5040.0,4653.0,10651.0
62,Switzerland,2.0,4.0,0.08,0.04,42.035536395297655,4658.0,36.50000023581733,1467.0,25.0,100.0,34.0,883.0,25.0,AWW,34.0,AWW,5199.0,4770.0,10603.0
63,Switzerland,2.0,4.0,0.08,0.04,30.3672664316309,1380.0,26.500000784929,512.0,26.0,461.0,27.0,563.0,26.0,AWW,26.500000784929,HARISS,5130.0,4812.0,10605.0
64,Switzerland,2.0,4.0,0.08,0.04,31.992412705710958,1143.0,29.500000735136638,685.0,15.0,0.0,30.0,749.0,15.0,AWW,29.500000735136638,HARISS,5149.0,4925.0,10716.0
65,Switzerland,2.0,4.0,0.08,0.04,36.96081371841351,970.0,43.500000290774366,4812.0,28.0,119.0,34.0,475.0,28.0,AWW,34.0,AWW,5181.0,4827.0,10644.0
66,Switzerland,2.0,4.0,0.08,0.04,43.882829287351946,10177.0,36.50000079826158,1316.0,21.0,15.0,22.0,21.0,21.0,AWW,22.0,AWW,5094.0,4750.0,10635.0
67,Switzerland,2.0,4.0,0.08,0.04,34.77125775242423,1401.0,40.50000090874454,5518.0,15.0,0.0,8.0,0.0,15.0,AWW,8.0,AWW,5153.0,4796.0,10722.0
68,Switzerland,2.0,4.0,0.08,0.04,40.5718695665256,7406.0,33.50000066146164,1081.0,30.0,403.0,35.0,1731.0,30.0,AWW,33.50000066146164,HARISS,4967.0,4865.0,10556.0
69,Switzerland,2.0,4.0,0.08,0.04,10.334443049166804,2.0,43.5000009235598,3543.0,24.0,8.0,37.0,581.0,10.334443049166804,ICU,10.334443049166804,ICU,5089.0,4738.0,10692.0
70,Switzerland,2.0,4.0,0.08,0.04,28.49423559444939,171.0,33.50000065288881,627.0,7.0,0.0,39.0,2464.0,7.0,AWW,28.49423559444939,ICU,5140.0,4806.0,10512.0
71,Switzerland,2.0,4.0,0.08,0.04,47.5485110813402,19179.0,40.500000897199016,4016.0,25.0,30.0,38.0,2368.0,25.0,AWW,38.0,AWW,5092.0,4877.0,10664.0
72,Switzerland,2.0,4.0,0.08,0.04,49.65686128766507,18686.0,29.50000044083809,113.0,28.0,89.0,32.0,204.0,28.0,AWW,29.50000044083809,HARISS,5057.0,4809.0,10675.0
73,Switzerland,2.0,4.0,0.08,0.04,22.732634818109243,63.0,33.50000073991721,1501.0,29.0,605.0,29.0,605.0,22.732634818109243,ICU,22.732634818109243,ICU,5075.0,4699.0,10685.0
74,Switzerland,2.0,4.0,0.08,0.04,43.37601730847672,8968.0,29.50000040760619,400.0,23.0,42.0,24.0,63.0,23.0,AWW,24.0,AWW,5052.0,4766.0,10623.0
75,Switzerland,2.0,4.0,0.08,0.04,33.189997989131165,2461.0,33.500000314003046,2641.0,31.0,1504.0,32.0,1896.0,31.0,AWW,32.0,AWW,5101.0,4820.0,10700.0
76,Switzerland,2.0,4.0,0.08,0.04,40.80189345048825,3383.0,40.500000778339434,3142.0,11.0,0.0,18.0,2.0,11.0,AWW,18.0,AWW,5086.0,4787.0,10746.0
77,Switzerland,2.0,4.0,0.08,0.04,33.453654685679126,1055.0,36.50000019540637,2292.0,27.0,307.0,37.0,2597.0,27.0,AWW,33.453654685679126,ICU,5058.0,4788.0,10563.0
78,Switzerland,2.0,4.0,0.08,0.04,31.016436132751515,1000.0,29.50000096010726,707.0,30.0,800.0,31.0,999.0,29.50000096010726,HARISS,29.50000096010726,HARISS,5200.0,4860.0,10497.0
79,Switzerland,2.0,4.0,0.08,0.04,34.473404177748336,2083.0,36.500000396018685,3327.0,34.0,1870.0,39.0,5777.0,34.0,AWW,34.473404177748336,ICU,4983.0,4679.0,10696.0
80,Switzerland,2.0,4.0,0.08,0.04,49.001104762648076,20057.0,40.50000047326485,2126.0,13.0,1.0,28.0,72.0,13.0,AWW,28.0,AWW,5110.0,4730.0,10693.0
81,Switzerland,2.0,4.0,0.08,0.04,53.569568380831186,58927.0,33.50000029281488,515.0,25.0,47.0,39.0,1797.0,25.0,AWW,33.50000029281488,HARISS,5070.0,4852.0,10605.0
82,Switzerland,2.0,4.0,0.08,0.04,49.425843217723255,29672.0,40.50000060152133,4118.0,24.0,11.0,35.0,921.0,24.0,AWW,35.0,AWW,4982.0,4842.0,10466.0
83,Switzerland,2.0,4.0,0.08,0.04,38.73503077532592,3049.0,33.500000278870836,928.0,32.0,616.0,35.0,1330.0,32.0,AWW,33.500000278870836,HARISS,5057.0,4760.0,10655.0
84,Switzerland,2.0,4.0,0.08,0.04,51.417780864370854,35031.0,43.500000107436996,5427.0,18.0,3.0,34.0,307.0,18.0,AWW,34.0,AWW,5003.0,4708.0,10824.0
85,Switzerland,2.0,4.0,0.08,0.04,46.894494027041794,11870.0,43.500000142034395,5486.0,20.0,4.0,34.0,447.0,20.0,AWW,34.0,AWW,5114.0,4883.0,10538.0
86,Switzerland,2.0,4.0,0.08,0.04,36.91874688497918,1261.0,29.500000049803614,194.0,23.0,52.0,35.0,783.0,23.0,AWW,29.500000049803614,HARISS,5077.0,4884.0,10375.0
87,Switzerland,2.0,4.0,0.08,0.04,25.45303692367435,97.0,33.500000105526176,1164.0,18.0,4.0,31.0,594.0,18.0,AWW,25.45303692367435,ICU,5017.0,4694.0,10786.0
88,Switzerland,2.0,4.0,0.08,0.04,28.723076744547324,1528.0,33.5000009347294,4952.0,19.0,113.0,26.0,847.0,19.0,AWW,26.0,AWW,5155.0,4796.0,10468.0
89,Switzerland,2.0,4.0,0.08,0.04,44.10627362169629,14279.0,40.50000020930749,6124.0,23.0,59.0,35.0,1452.0,23.0,AWW,35.0,AWW,5161.0,4793.0,10594.0
90,Switzerland,2.0,4.0,0.08,0.04,48.91909332830244,23921.0,40.50000026612513,2968.0,32.0,281.0,33.0,365.0,32.0,AWW,33.0,AWW,5082.0,4766.0,10499.0
91,Switzerland,2.0,4.0,0.08,0.04,61.73984793017921,406241.0,36.50000024919841,1187.0,21.0,17.0,40.0,2503.0,21.0,AWW,36.50000024919841,HARISS,5023.0,4800.0,10709.0
92,Switzerland,2.0,4.0,0.08,0.04,49.77574303637169,55899.0,36.500000781452826,2294.0,22.0,82.0,26.0,175.0,22.0,AWW,26.0,AWW,5211.0,4780.0,10658.0
93,Switzerland,2.0,4.0,0.08,0.04,20.99020123035403,214.0,33.50000099883666,4332.0,12.0,14.0,32.0,3105.0,12.0,AWW,20.99020123035403,ICU,4988.0,4756.0,10765.0
94,Switzerland,2.0,4.0,0.08,0.04,33.58970765692144,267.0,33.50000046627848,264.0,28.0,63.0,32.0,183.0,28.0,AWW,32.0,AWW,4910.0,4787.0,10649.0
95,Switzerland,2.0,4.0,0.08,0.04,45.95119316973653,46638.0,29.500000883513305,1257.0,9.0,0.0,10.0,0.0,9.0,AWW,10.0,AWW,5062.0,4781.0,10597.0
96,Switzerland,2.0,4.0,0.08,0.04,36.990905186629064,701.0,36.50000054237607,626.0,24.0,23.0,32.0,188.0,24.0,AWW,32.0,AWW,5135.0,4832.0,10499.0
97,Switzerland,2.0,4.0,0.08,0.04,32.60671249622155,1266.0,36.50000042014194,3222.0,26.0,192.0,36.0,2879.0,26.0,AWW,32.60671249622155,ICU,5061.0,4744.0,10504.0
98,Switzerland,2.0,4.0,0.08,0.04,46.15901417259368,10756.0,40.50000051326925,2257.0,16.0,1.0,30.0,130.0,16.0,AWW,30.0,AWW,5129.0,4700.0,10652.0
99,Switzerland,2.0,4.0,0.08,0.04,45.70058846438384,9877.0,40.50000090055127,2772.0,23.0,21.0,38.0,1466.0,23.0,AWW,38.0,AWW,5105.0,4803.0,10772.0
100,Switzerland,2.0,4.0,0.08,0.04,42.6977736770252,4294.0,36.500000519057814,897.0,35.0,590.0,38.0,1323.0,35.0,AWW,36.500000519057814,HARISS,5174.0,4745.0,10702.0
101,Switzerland,2.0,4.0,0.08,0.04,50.818181226321144,20329.0,43.50000099475508,2602.0,30.0,50.0,37.0,391.0,30.0,AWW,37.0,AWW,5012.0,4816.0,10625.0
102,Switzerland,2.0,4.0,0.08,0.04,51.710339660048625,26047.0,47.50000094920234,10089.0,26.0,27.0,37.0,725.0,26.0,AWW,37.0,AWW,5036.0,4807.0,10548.0
103,Switzerland,2.0,4.0,0.08,0.04,28.846386958045997,294.0,29.500000666142167,339.0,28.0,238.0,29.0,304.0,28.0,AWW,28.846386958045997,ICU,5069.0,4816.0,10698.0
104,Switzerland,2.0,4.0,0.08,0.04,28.874650310887272,452.0,33.50000046639453,2067.0,25.0,103.0,34.0,2359.0,25.0,AWW,28.874650310887272,ICU,5104.0,4800.0,10622.0
105,Switzerland,2.0,4.0,0.08,0.04,26.62901579977401,1913.0,22.500000902443432,1033.0,22.0,963.0,39.0,24504.0,22.0,AWW,22.500000902443432,HARISS,5114.0,4817.0,10668.0
106,Switzerland,2.0,4.0,0.08,0.04,30.809599114602225,1687.0,33.50000096712725,3195.0,29.0,1027.0,35.0,4397.0,29.0,AWW,30.809599114602225,ICU,5030.0,4842.0,10832.0
107,Switzerland,2.0,4.0,0.08,0.04,56.03828627793042,95272.0,33.50000025145331,241.0,15.0,1.0,32.0,169.0,15.0,AWW,32.0,AWW,5061.0,4790.0,10676.0
108,Switzerland,2.0,4.0,0.08,0.04,59.18552947073262,360053.0,33.50000080548197,1179.0,23.0,56.0,30.0,423.0,23.0,AWW,30.0,AWW,5071.0,4725.0,10634.0
109,Switzerland,2.0,4.0,0.08,0.04,40.41406523688101,5931.0,29.500000021893772,490.0,23.0,113.0,37.0,2692.0,23.0,AWW,29.500000021893772,HARISS,5083.0,4738.0,10579.0
110,Switzerland,2.0,4.0,0.08,0.04,45.32078710406602,5874.0,40.50000047503287,1757.0,19.0,2.0,33.0,208.0,19.0,AWW,33.0,AWW,5252.0,4830.0,10648.0
111,Switzerland,2.0,4.0,0.08,0.04,31.24556396842515,1826.0,26.500000063748498,557.0,22.0,140.0,35.0,4144.0,22.0,AWW,26.500000063748498,HARISS,5101.0,4782.0,10502.0
112,Switzerland,2.0,4.0,0.08,0.04,40.76441322372732,2430.0,40.50000040492031,2260.0,30.0,161.0,39.0,1541.0,30.0,AWW,39.0,AWW,4921.0,4785.0,10573.0
113,Switzerland,2.0,4.0,0.08,0.04,42.17646810035447,3999.0,22.50000088130743,21.0,21.0,15.0,22.0,20.0,21.0,AWW,22.0,AWW,5174.0,4725.0,10511.0
114,Switzerland,2.0,4.0,0.08,0.04,41.10826188827645,1585.0,43.50000003975175,2838.0,28.0,42.0,37.0,554.0,28.0,AWW,37.0,AWW,5048.0,4821.0,10474.0
115,Switzerland,2.0,4.0,0.08,0.04,63.759531908281446,413109.0,40.500000454922194,4667.0,23.0,2.0,33.0,541.0,23.0,AWW,33.0,AWW,5157.0,4885.0,10710.0
116,Switzerland,2.0,4.0,0.08,0.04,32.994779444563584,4230.0,36.50000014722039,9666.0,28.0,1298.0,34.0,5330.0,28.0,AWW,32.994779444563584,ICU,5027.0,4869.0,10595.0
117,Switzerland,2.0,4.0,0.08,0.04,24.247499383001063,354.0,40.500000089674614,7549.0,30.0,1132.0,31.0,1322.0,24.247499383001063,ICU,24.247499383001063,ICU,5033.0,4998.0,10708.0
118,Switzerland,2.0,4.0,0.08,0.04,51.70705642627256,18118.0,36.50000051124064,406.0,24.0,10.0,19.0,4.0,24.0,AWW,19.0,AWW,5195.0,4738.0,10676.0
119,Switzerland,2.0,4.0,0.08,0.04,7.7244087945013575,1.0,40.50000019116014,3807.0,26.0,159.0,35.0,1202.0,7.7244087945013575,ICU,7.7244087945013575,ICU,5116.0,4808.0,10486.0
120,Switzerland,2.0,4.0,0.08,0.04,43.04041049594454,6502.0,36.500000665127494,1146.0,26.0,46.0,31.0,220.0,26.0,AWW,31.0,AWW,4976.0,4646.0,10706.0
121,Switzerland,2.0,4.0,0.08,0.04,41.23843494893165,3278.0,40.50000014886451,2676.0,10.0,0.0,36.0,688.0,10.0,AWW,36.0,AWW,5089.0,4861.0,10598.0
122,Switzerland,2.0,4.0,0.08,0.04,31.697483316644934,249.0,36.50000091196436,802.0,17.0,0.0,32.0,263.0,17.0,AWW,31.697483316644934,ICU,5121.0,4707.0,10755.0
123,Switzerland,2.0,4.0,0.08,0.04,30.94305358364171,755.0,26.50000049675498,270.0,25.0,200.0,39.0,4788.0,25.0,AWW,26.50000049675498,HARISS,5162.0,4885.0,10754.0
124,Switzerland,2.0,4.0,0.08,0.04,41.40919348011781,5044.0,33.500000864764736,964.0,24.0,56.0,11.0,0.0,24.0,AWW,11.0,AWW,5019.0,4695.0,10724.0
125,Switzerland,2.0,4.0,0.08,0.04,54.29578652281822,38678.0,40.500000300365905,1798.0,25.0,44.0,6.0,0.0,25.0,AWW,6.0,AWW,5132.0,4823.0,10774.0
126,Switzerland,2.0,4.0,0.08,0.04,41.28977822924756,1969.0,26.5000000694829,46.0,25.0,29.0,37.0,626.0,25.0,AWW,26.5000000694829,HARISS,4985.0,4786.0,10602.0
127,Switzerland,2.0,4.0,0.08,0.04,55.885203334363524,96399.0,29.50000095547576,48.0,20.0,1.0,40.0,1572.0,20.0,AWW,29.50000095547576,HARISS,5129.0,4891.0,10913.0
128,Switzerland,2.0,4.0,0.08,0.04,44.52469127975427,6613.0,36.500000940193644,786.0,31.0,162.0,36.0,674.0,31.0,AWW,36.0,AWW,5187.0,4788.0,10619.0
129,Switzerland,2.0,4.0,0.08,0.04,30.039954977291323,337.0,43.50000091303332,6397.0,19.0,8.0,32.0,492.0,19.0,AWW,30.039954977291323,ICU,5139.0,4711.0,10595.0
130,Switzerland,2.0,4.0,0.08,0.04,44.56805465432564,5816.0,40.50000010512172,2240.0,26.0,32.0,36.0,852.0,26.0,AWW,36.0,AWW,5191.0,4816.0,10629.0
131,Switzerland,2.0,4.0,0.08,0.04,38.83447176854865,4804.0,33.50000020246253,1377.0,29.0,368.0,30.0,499.0,29.0,AWW,30.0,AWW,5078.0,4732.0,10524.0
132,Switzerland,2.0,4.0,0.08,0.04,17.944922348983738,67.0,26.50000014725497,469.0,24.0,336.0,24.0,336.0,17.944922348983738,ICU,17.944922348983738,ICU,5246.0,4750.0,10818.0
133,Switzerland,2.0,4.0,0.08,0.04,9.475079558860617,2.0,40.500000040880295,4908.0,10.0,2.0,34.0,1364.0,9.475079558860617,ICU,9.475079558860617,ICU,5150.0,4724.0,10614.0
134,Switzerland,2.0,4.0,0.08,0.04,35.30993963653446,3552.0,26.500000820355474,611.0,11.0,1.0,31.0,1440.0,11.0,AWW,26.500000820355474,HARISS,5120.0,4773.0,10790.0
135,Switzerland,2.0,4.0,0.08,0.04,26.35546077400601,213.0,36.50000051598196,2117.0,20.0,49.0,14.0,12.0,20.0,AWW,14.0,AWW,5178.0,4813.0,10685.0
136,Switzerland,2.0,4.0,0.08,0.04,54.957022558484034,59294.0,43.50000010765967,3847.0,28.0,56.0,32.0,175.0,28.0,AWW,32.0,AWW,5067.0,4721.0,10613.0
137,Switzerland,2.0,4.0,0.08,0.04,39.96104374543817,3320.0,40.50000067070498,3748.0,28.0,135.0,29.0,177.0,28.0,AWW,29.0,AWW,4994.0,4892.0,10757.0
138,Switzerland,2.0,4.0,0.08,0.04,49.33755103485328,14683.0,40.50000076811237,1456.0,33.0,171.0,39.0,1026.0,33.0,AWW,39.0,AWW,5131.0,4653.0,10761.0
139,Switzerland,2.0,4.0,0.08,0.04,49.20326326365075,17378.0,33.50000005277391,484.0,24.0,95.0,36.0,797.0,24.0,AWW,33.50000005277391,HARISS,5112.0,4799.0,10658.0
140,Switzerland,2.0,4.0,0.08,0.04,34.31653600162821,1968.0,19.500000583920848,51.0,28.0,461.0,29.0,588.0,19.500000583920848,HARISS,19.500000583920848,HARISS,5068.0,4761.0,10558.0
141,Switzerland,2.0,4.0,0.08,0.04,38.66126091566881,1968.0,36.50000040877191,1132.0,16.0,2.0,29.0,163.0,16.0,AWW,29.0,AWW,4956.0,4754.0,10548.0
142,Switzerland,2.0,4.0,0.08,0.04,40.58565897061053,1784.0,33.500000321249544,262.0,20.0,9.0,24.0,17.0,20.0,AWW,24.0,AWW,5054.0,4717.0,10788.0
143,Switzerland,2.0,4.0,0.08,0.04,41.52753100314574,10081.0,33.50000017648032,1644.0,13.0,10.0,13.0,10.0,13.0,AWW,13.0,AWW,5072.0,4843.0,10511.0
144,Switzerland,2.0,4.0,0.08,0.04,38.97037247914449,2084.0,33.50000089405657,640.0,30.0,214.0,35.0,916.0,30.0,AWW,33.50000089405657,HARISS,5032.0,4850.0,10360.0
145,Switzerland,2.0,4.0,0.08,0.04,27.960104598363426,321.0,29.500000944530075,455.0,27.0,247.0,28.0,327.0,27.0,AWW,27.960104598363426,ICU,5129.0,4883.0,10689.0
146,Switzerland,2.0,4.0,0.08,0.04,34.565241690357084,404.0,43.50000055621952,3652.0,14.0,0.0,22.0,10.0,14.0,AWW,22.0,AWW,5063.0,4876.0,10658.0
147,Switzerland,2.0,4.0,0.08,0.04,40.71189733113533,4951.0,29.500000887902505,595.0,29.0,535.0,35.0,1976.0,29.0,AWW,29.500000887902505,HARISS,5176.0,4776.0,10734.0
148,Switzerland,2.0,4.0,0.08,0.04,48.55651584646627,98683.0,29.50000043980693,1436.0,20.0,16.0,40.0,16775.0,20.0,AWW,29.50000043980693,HARISS,4996.0,4863.0,10658.0
149,Switzerland,2.0,4.0,0.08,0.04,38.417495209521896,2752.0,33.50000043968192,848.0,33.0,746.0,40.0,3888.0,33.0,AWW,33.50000043968192,HARISS,5121.0,4793.0,10543.0
150,Switzerland,2.0,4.0,0.08,0.04,35.688468456954844,1972.0,33.50000094329544,1172.0,31.0,696.0,6.0,0.0,31.0,AWW,6.0,AWW,5131.0,4835.0,10590.0
151,Switzerland,2.0,4.0,0.08,0.04,46.65549552297464,12134.0,36.50000013246722,756.0,29.0,72.0,33.0,238.0,29.0,AWW,33.0,AWW,5143.0,4861.0,10630.0
152,Switzerland,2.0,4.0,0.08,0.04,45.27541353902989,8670.0,40.5000008278827,2639.0,32.0,254.0,33.0,340.0,32.0,AWW,33.0,AWW,5108.0,4784.0,10510.0
153,Switzerland,2.0,4.0,0.08,0.04,65.0262016216114,173011.0,47.50000034351188,7076.0,27.0,18.0,32.0,114.0,27.0,AWW,32.0,AWW,5062.0,4758.0,10686.0
154,Switzerland,2.0,4.0,0.08,0.04,43.295699011375014,21022.0,29.500000760545362,861.0,25.0,227.0,39.0,8185.0,25.0,AWW,29.500000760545362,HARISS,5111.0,4739.0,10837.0
155,Switzerland,2.0,4.0,0.08,0.04,23.55289510627642,2084.0,22.50000053461338,1642.0,24.0,2317.0,37.0,24040.0,22.50000053461338,HARISS,22.50000053461338,HARISS,5063.0,4782.0,10729.0
156,Switzerland,2.0,4.0,0.08,0.04,37.292002198814274,2571.0,40.50000012056838,5305.0,24.0,25.0,35.0,1351.0,24.0,AWW,35.0,AWW,5004.0,4848.0,10688.0
157,Switzerland,2.0,4.0,0.08,0.04,51.70925020053465,62328.0,33.50000029494754,1193.0,28.0,349.0,35.0,1684.0,28.0,AWW,33.50000029494754,HARISS,4972.0,4734.0,10718.0
158,Switzerland,2.0,4.0,0.08,0.04,26.419224902712354,99.0,43.50000056658594,9187.0,30.0,341.0,36.0,1488.0,26.419224902712354,ICU,26.419224902712354,ICU,5220.0,4652.0,10532.0
159,Switzerland,2.0,4.0,0.08,0.04,56.4966389796552,86546.0,40.500000342907526,1331.0,25.0,6.0,40.0,1133.0,25.0,AWW,40.0,AWW,5081.0,4697.0,10533.0
160,Switzerland,2.0,4.0,0.08,0.04,51.82967922036164,76885.0,33.50000089103119,1024.0,27.0,91.0,34.0,1183.0,27.0,AWW,33.50000089103119,HARISS,5067.0,4734.0,10625.0
161,Switzerland,2.0,4.0,0.08,0.04,44.78705032902356,5363.0,36.500000368592374,441.0,11.0,0.0,34.0,195.0,11.0,AWW,34.0,AWW,5151.0,4737.0,10517.0
162,Switzerland,2.0,4.0,0.08,0.04,39.35634204766319,10382.0,33.50000085440395,2521.0,26.0,407.0,26.0,407.0,26.0,AWW,26.0,AWW,5093.0,4698.0,10877.0
163,Switzerland,2.0,4.0,0.08,0.04,47.75229788161752,6924.0,47.50000001757102,6476.0,26.0,5.0,35.0,220.0,26.0,AWW,35.0,AWW,5140.0,4792.0,10861.0
164,Switzerland,2.0,4.0,0.08,0.04,35.909306510687856,3067.0,29.500000171715755,714.0,29.0,655.0,35.0,2482.0,29.0,AWW,29.500000171715755,HARISS,5248.0,4782.0,10574.0
165,Switzerland,2.0,4.0,0.08,0.04,23.486473337871125,6.0,43.50000079335937,4064.0,24.0,7.0,31.0,51.0,23.486473337871125,ICU,23.486473337871125,ICU,5073.0,4871.0,10500.0
166,Switzerland,2.0,4.0,0.08,0.04,29.711269484233256,546.0,36.50000068409414,3227.0,27.0,217.0,38.0,4394.0,27.0,AWW,29.711269484233256,ICU,4953.0,4868.0,10704.0
167,Switzerland,2.0,4.0,0.08,0.04,17.284630439806953,5.0,40.50000028955853,3536.0,24.0,150.0,31.0,511.0,17.284630439806953,ICU,17.284630439806953,ICU,5032.0,4777.0,10724.0
168,Switzerland,2.0,4.0,0.08,0.04,47.15575872163341,8135.0,40.50000073572967,1449.0,15.0,0.0,38.0,765.0,15.0,AWW,38.0,AWW,5263.0,4823.0,10771.0
169,Switzerland,2.0,4.0,0.08,0.04,39.51962006341636,2522.0,26.500000081109352,113.0,29.0,171.0,37.0,1260.0,26.500000081109352,HARISS,26.500000081109352,HARISS,5075.0,4878.0,10726.0
170,Switzerland,2.0,4.0,0.08,0.04,51.0075893971531,23671.0,33.50000000003726,224.0,26.0,61.0,31.0,141.0,26.0,AWW,31.0,AWW,5094.0,4766.0,10674.0
171,Switzerland,2.0,4.0,0.08,0.04,54.56078768748157,38544.0,33.500000076361964,269.0,15.0,0.0,14.0,0.0,15.0,AWW,14.0,AWW,5030.0,4823.0,10750.0
172,Switzerland,2.0,4.0,0.08,0.04,44.18407924122872,14834.0,33.5000005296568,761.0,27.0,68.0,28.0,93.0,27.0,AWW,28.0,AWW,5153.0,4850.0,10581.0
173,Switzerland,2.0,4.0,0.08,0.04,45.42023183396272,7833.0,40.50000093770966,2545.0,20.0,7.0,30.0,118.0,20.0,AWW,30.0,AWW,5231.0,4891.0,10625.0
174,Switzerland,2.0,4.0,0.08,0.04,37.63973782575189,3035.0,36.5000001988855,2299.0,26.0,150.0,38.0,3319.0,26.0,AWW,36.5000001988855,HARISS,5044.0,4785.0,10680.0
175,Switzerland,2.0,4.0,0.08,0.04,40.01555178238675,12412.0,36.500000269928904,5602.0,24.0,308.0,36.0,5041.0,24.0,AWW,36.0,AWW,4931.0,4790.0,10757.0
176,Switzerland,2.0,4.0,0.08,0.04,55.57299772862517,145885.0,29.500000877416557,431.0,26.0,119.0,38.0,3294.0,26.0,AWW,29.500000877416557,HARISS,5166.0,4825.0,10696.0
177,Switzerland,2.0,4.0,0.08,0.04,52.08537021013867,33020.0,40.50000089376625,1477.0,27.0,27.0,31.0,64.0,27.0,AWW,31.0,AWW,5084.0,4912.0,10776.0
178,Switzerland,2.0,4.0,0.08,0.04,42.95548579971292,5177.0,36.50000044516033,986.0,36.0,874.0,39.0,1886.0,36.0,AWW,36.50000044516033,HARISS,5075.0,4758.0,10598.0
179,Switzerland,2.0,4.0,0.08,0.04,31.25015258558565,1914.0,26.500000298758028,674.0,22.0,233.0,31.0,1803.0,22.0,AWW,26.500000298758028,HARISS,5096.0,4871.0,10560.0
180,Switzerland,2.0,4.0,0.08,0.04,38.193502916249685,8490.0,33.50000036889536,2895.0,20.0,82.0,35.0,4047.0,20.0,AWW,33.50000036889536,HARISS,5170.0,4693.0,10717.0
181,Switzerland,2.0,4.0,0.08,0.04,34.81970069716445,1484.0,40.50000020564131,5197.0,21.0,48.0,22.0,54.0,21.0,AWW,22.0,AWW,5087.0,4805.0,10513.0
182,Switzerland,2.0,4.0,0.08,0.04,45.1208638240961,8338.0,40.50000013826814,2628.0,31.0,229.0,32.0,297.0,31.0,AWW,32.0,AWW,5044.0,4850.0,10653.0
183,Switzerland,2.0,4.0,0.08,0.04,32.83909614005769,452.0,36.50000011963731,978.0,24.0,13.0,10.0,0.0,24.0,AWW,10.0,AWW,5106.0,4881.0,10743.0
184,Switzerland,2.0,4.0,0.08,0.04,44.66160288016129,5223.0,43.50000021237494,3946.0,27.0,63.0,41.0,2251.0,27.0,AWW,41.0,AWW,5039.0,4713.0,10825.0
185,Switzerland,2.0,4.0,0.08,0.04,47.872692453137695,14991.0,33.50000048448806,461.0,22.0,12.0,23.0,20.0,22.0,AWW,23.0,AWW,5138.0,4780.0,10773.0
186,Switzerland,2.0,4.0,0.08,0.04,12.318330903937337,0.0,40.50000028488472,1972.0,20.0,0.0,27.0,28.0,12.318330903937337,ICU,12.318330903937337,ICU,5029.0,4839.0,10585.0
187,Switzerland,2.0,4.0,0.08,0.04,25.02329198595049,90.0,26.500000613184724,91.0,30.0,112.0,34.0,270.0,25.02329198595049,ICU,25.02329198595049,ICU,5163.0,4861.0,10725.0
188,Switzerland,2.0,4.0,0.08,0.04,47.47890178904927,13485.0,40.50000073185136,2500.0,17.0,2.0,33.0,492.0,17.0,AWW,33.0,AWW,5014.0,4897.0,10608.0
189,Switzerland,2.0,4.0,0.08,0.04,32.55835185436311,2879.0,33.500000089626724,3670.0,24.0,102.0,36.0,6504.0,24.0,AWW,32.55835185436311,ICU,5332.0,4728.0,10735.0
190,Switzerland,2.0,4.0,0.08,0.04,45.15329631115549,5628.0,43.50000053408364,3600.0,20.0,8.0,34.0,278.0,20.0,AWW,34.0,AWW,5050.0,4827.0,10689.0
191,Switzerland,2.0,4.0,0.08,0.04,37.991793771275105,1368.0,36.500000979565776,971.0,26.0,49.0,39.0,1756.0,26.0,AWW,36.500000979565776,HARISS,5241.0,4711.0,10727.0
192,Switzerland,2.0,4.0,0.08,0.04,51.69261500232722,44454.0,40.50000033321048,2732.0,22.0,14.0,32.0,306.0,22.0,AWW,32.0,AWW,5103.0,4723.0,10756.0
193,Switzerland,2.0,4.0,0.08,0.04,55.19871836076625,78348.0,40.50000043975908,4094.0,24.0,44.0,25.0,71.0,24.0,AWW,25.0,AWW,5193.0,4898.0,10632.0
194,Switzerland,2.0,4.0,0.08,0.04,31.96721769960186,1154.0,33.5000004319671,1563.0,25.0,133.0,26.0,211.0,25.0,AWW,26.0,AWW,5095.0,4709.0,10607.0
195,Switzerland,2.0,4.0,0.08,0.04,50.88672410460721,16534.0,40.500000303217334,1054.0,30.0,57.0,27.0,30.0,30.0,AWW,27.0,AWW,5140.0,4769.0,10621.0
196,Switzerland,2.0,4.0,0.08,0.04,42.35911130353494,4228.0,40.50000099961477,2616.0,29.0,126.0,35.0,669.0,29.0,AWW,35.0,AWW,5220.0,4830.0,10566.0
197,Switzerland,2.0,4.0,0.08,0.04,50.44770251096654,31135.0,36.500000853841726,1084.0,13.0,0.0,26.0,97.0,13.0,AWW,26.0,AWW,5100.0,4785.0,10798.0
198,Switzerland,2.0,4.0,0.08,0.04,54.099710370475634,59670.0,22.500000772243563,8.0,32.0,150.0,33.0,220.0,22.500000772243563,HARISS,22.500000772243563,HARISS,5098.0,4845.0,10535.0
199,Switzerland,2.0,4.0,0.08,0.04,34.732248905436315,520.0,43.500000263388934,4208.0,31.0,223.0,32.0,272.0,31.0,AWW,32.0,AWW,5173.0,4693.0,10690.0
200,Switzerland,2.0,4.0,0.08,0.04,29.155333775236887,3650.0,29.500000470081773,3954.0,33.0,8713.0,36.0,15810.0,29.155333775236887,ICU,29.155333775236887,ICU,5086.0,4888.0,10782.0
201,Switzerland,2.0,4.0,0.08,0.04,11.920227747656144,5.0,36.50000031104317,460.0,17.0,8.0,21.0,18.0,11.920227747656144,ICU,11.920227747656144,ICU,5212.0,4800.0,10619.0
202,Switzerland,2.0,4.0,0.08,0.04,49.63256845345639,13526.0,43.500000747764375,3085.0,26.0,26.0,37.0,688.0,26.0,AWW,37.0,AWW,5201.0,4864.0,10681.0
203,Switzerland,2.0,4.0,0.08,0.04,53.494685976189466,59776.0,40.5000008048524,2940.0,28.0,88.0,32.0,299.0,28.0,AWW,32.0,AWW,5158.0,4745.0,10663.0
204,Switzerland,2.0,4.0,0.08,0.04,23.899334662076782,114.0,33.50000007239546,1030.0,18.0,32.0,37.0,2507.0,18.0,AWW,23.899334662076782,ICU,5224.0,4671.0,10641.0
205,Switzerland,2.0,4.0,0.08,0.04,36.68344596726755,1426.0,40.50000009350558,3653.0,32.0,414.0,39.0,2517.0,32.0,AWW,36.68344596726755,ICU,5081.0,4659.0,10773.0
206,Switzerland,2.0,4.0,0.08,0.04,49.47894880238589,20101.0,36.500000132749385,713.0,5.0,0.0,36.0,629.0,5.0,AWW,36.0,AWW,5242.0,4799.0,10730.0
207,Switzerland,2.0,4.0,0.08,0.04,45.2416713661729,13958.0,33.500000124578264,847.0,25.0,88.0,36.0,1528.0,25.0,AWW,33.500000124578264,HARISS,5209.0,4788.0,10722.0
208,Switzerland,2.0,4.0,0.08,0.04,46.4512989108157,40596.0,40.50000082797656,11150.0,20.0,26.0,34.0,2990.0,20.0,AWW,34.0,AWW,5100.0,4766.0,10610.0
209,Switzerland,2.0,4.0,0.08,0.04,47.375910658197796,26364.0,40.500000613539704,6211.0,18.0,8.0,19.0,9.0,18.0,AWW,19.0,AWW,5083.0,4909.0,10767.0
210,Switzerland,2.0,4.0,0.08,0.04,40.46278985096298,12567.0,33.500000047166935,3101.0,33.0,2800.0,37.0,6103.0,33.0,AWW,33.500000047166935,HARISS,5158.0,4722.0,10653.0
211,Switzerland,2.0,4.0,0.08,0.04,37.950129012666174,1368.0,43.500000155946395,5681.0,13.0,0.0,37.0,1092.0,13.0,AWW,37.0,AWW,5039.0,4861.0,10599.0
212,Switzerland,2.0,4.0,0.08,0.04,27.627879301954113,42.0,40.500000974932625,2001.0,15.0,0.0,38.0,969.0,15.0,AWW,27.627879301954113,ICU,5197.0,4770.0,10583.0
213,Switzerland,2.0,4.0,0.08,0.04,57.158298425074385,78120.0,43.500000209912315,3051.0,24.0,3.0,38.0,659.0,24.0,AWW,38.0,AWW,5038.0,4923.0,10749.0
214,Switzerland,2.0,4.0,0.08,0.04,56.11583988249422,90258.0,43.50000079676637,4156.0,32.0,121.0,36.0,441.0,32.0,AWW,36.0,AWW,5167.0,4714.0,10594.0
215,Switzerland,2.0,4.0,0.08,0.04,32.150523089576694,663.0,33.50000023937485,907.0,24.0,83.0,30.0,404.0,24.0,AWW,30.0,AWW,5053.0,4917.0,10649.0
216,Switzerland,2.0,4.0,0.08,0.04,50.498502088056945,30448.0,40.5000000537067,2577.0,12.0,0.0,36.0,1125.0,12.0,AWW,36.0,AWW,5000.0,4775.0,10843.0
217,Switzerland,2.0,4.0,0.08,0.04,34.84418040952295,2174.0,26.500000860145757,532.0,35.0,2251.0,39.0,5349.0,26.500000860145757,HARISS,26.500000860145757,HARISS,5081.0,4772.0,10577.0
218,Switzerland,2.0,4.0,0.08,0.04,42.832202072540035,4915.0,36.50000096440592,938.0,22.0,35.0,37.0,1074.0,22.0,AWW,36.50000096440592,HARISS,5222.0,4767.0,10626.0
219,Switzerland,2.0,4.0,0.08,0.04,35.639345875627654,1521.0,36.500000028327094,1869.0,32.0,707.0,33.0,886.0,32.0,AWW,33.0,AWW,5065.0,4857.0,10499.0
220,Switzerland,2.0,4.0,0.08,0.04,34.991056726195126,1907.0,40.50000005867878,5048.0,20.0,12.0,33.0,1224.0,20.0,AWW,33.0,AWW,5075.0,4774.0,10747.0
221,Switzerland,2.0,4.0,0.08,0.04,44.49160778126746,11353.0,40.50000019352268,4348.0,31.0,497.0,32.0,609.0,31.0,AWW,32.0,AWW,5260.0,4736.0,10452.0
222,Switzerland,2.0,4.0,0.08,0.04,41.02410794122665,5736.0,33.500000083549125,886.0,19.0,24.0,39.0,3556.0,19.0,AWW,33.500000083549125,HARISS,4994.0,4856.0,10751.0
223,Switzerland,2.0,4.0,0.08,0.04,37.98556979736271,1075.0,33.500000761713025,265.0,13.0,0.0,35.0,459.0,13.0,AWW,33.500000761713025,HARISS,5073.0,4885.0,10545.0
224,Switzerland,2.0,4.0,0.08,0.04,42.79782974936921,7001.0,40.50000055405095,4434.0,30.0,188.0,33.0,545.0,30.0,AWW,33.0,AWW,5113.0,4632.0,10657.0
225,Switzerland,2.0,4.0,0.08,0.04,15.808380345094934,9.0,33.500000258070756,216.0,28.0,32.0,39.0,918.0,15.808380345094934,ICU,15.808380345094934,ICU,5132.0,4869.0,10689.0
226,Switzerland,2.0,4.0,0.08,0.04,35.8227822214453,1311.0,33.50000043533082,733.0,26.0,60.0,31.0,420.0,26.0,AWW,31.0,AWW,5100.0,4875.0,10526.0
227,Switzerland,2.0,4.0,0.08,0.04,45.18914141392663,4618.0,40.5000002514801,1031.0,16.0,0.0,33.0,101.0,16.0,AWW,33.0,AWW,5099.0,4834.0,10523.0
228,Switzerland,2.0,4.0,0.08,0.04,47.885864542450136,19661.0,40.500000178290854,3444.0,17.0,2.0,36.0,985.0,17.0,AWW,36.0,AWW,5180.0,4798.0,10585.0
229,Switzerland,2.0,4.0,0.08,0.04,36.585410238744856,2246.0,29.50000065795058,292.0,28.0,191.0,31.0,479.0,28.0,AWW,29.50000065795058,HARISS,5145.0,4833.0,10764.0
230,Switzerland,2.0,4.0,0.08,0.04,51.526676869549156,47462.0,29.500000652050264,136.0,17.0,0.0,37.0,995.0,17.0,AWW,29.500000652050264,HARISS,5001.0,4766.0,10646.0
231,Switzerland,2.0,4.0,0.08,0.04,40.637034692723745,3221.0,22.500000273844226,26.0,18.0,14.0,33.0,523.0,18.0,AWW,22.500000273844226,HARISS,5041.0,4890.0,10726.0
232,Switzerland,2.0,4.0,0.08,0.04,36.220958828644235,1446.0,33.50000062463363,831.0,32.0,600.0,33.0,741.0,32.0,AWW,33.0,AWW,5091.0,4921.0,10639.0
233,Switzerland,2.0,4.0,0.08,0.04,31.072571973825127,1513.0,33.50000023087061,2860.0,26.0,327.0,31.0,1487.0,26.0,AWW,31.0,AWW,5083.0,4810.0,10727.0
234,Switzerland,2.0,4.0,0.08,0.04,43.17452343495815,10040.0,29.500000413063034,431.0,24.0,36.0,39.0,4468.0,24.0,AWW,29.500000413063034,HARISS,4970.0,4721.0,10465.0
235,Switzerland,2.0,4.0,0.08,0.04,28.109440973402187,1344.0,26.500000225593645,994.0,22.0,312.0,35.0,3942.0,22.0,AWW,26.500000225593645,HARISS,5093.0,4681.0,10497.0
236,Switzerland,2.0,4.0,0.08,0.04,55.50709618605077,79448.0,47.50000037451607,10896.0,34.0,243.0,34.0,243.0,34.0,AWW,34.0,AWW,5047.0,4860.0,10758.0
237,Switzerland,2.0,4.0,0.08,0.04,48.3177016177326,15325.0,43.50000019995813,4525.0,23.0,13.0,37.0,791.0,23.0,AWW,37.0,AWW,5182.0,4647.0,10708.0
238,Switzerland,2.0,4.0,0.08,0.04,31.73568912245636,472.0,29.50000058857067,245.0,19.0,6.0,32.0,501.0,19.0,AWW,29.50000058857067,HARISS,5141.0,4751.0,10738.0
239,Switzerland,2.0,4.0,0.08,0.04,29.32603821444775,369.0,40.500000114088046,6218.0,17.0,6.0,34.0,1231.0,17.0,AWW,29.32603821444775,ICU,5328.0,4923.0,10683.0
240,Switzerland,2.0,4.0,0.08,0.04,41.34010375930362,3371.0,36.50000018975338,1169.0,25.0,94.0,35.0,811.0,25.0,AWW,35.0,AWW,5238.0,4781.0,10668.0
241,Switzerland,2.0,4.0,0.08,0.04,42.29269826529409,4299.0,43.50000096297395,5843.0,28.0,85.0,29.0,109.0,28.0,AWW,29.0,AWW,5184.0,4695.0,10589.0
242,Switzerland,2.0,4.0,0.08,0.04,39.11115302111761,2578.0,33.50000065159724,674.0,24.0,58.0,25.0,76.0,24.0,AWW,25.0,AWW,4996.0,4854.0,10434.0
243,Switzerland,2.0,4.0,0.08,0.04,39.75774681905159,3830.0,40.50000032937623,4566.0,16.0,4.0,32.0,508.0,16.0,AWW,32.0,AWW,5121.0,4839.0,10622.0
244,Switzerland,2.0,4.0,0.08,0.04,52.236427998304045,54775.0,36.500000546830464,1364.0,24.0,39.0,34.0,760.0,24.0,AWW,34.0,AWW,5205.0,4710.0,10526.0
245,Switzerland,2.0,4.0,0.08,0.04,54.25518564827014,41236.0,26.50000083342,43.0,26.0,36.0,29.0,86.0,26.0,AWW,26.50000083342,HARISS,5090.0,4798.0,10533.0
246,Switzerland,2.0,4.0,0.08,0.04,54.5562237982079,52153.0,33.500000776903505,286.0,26.0,18.0,27.0,28.0,26.0,AWW,27.0,AWW,4927.0,4922.0,10653.0
247,Switzerland,2.0,4.0,0.08,0.04,56.79354934388522,89598.0,40.500000797208116,1741.0,26.0,50.0,39.0,1211.0,26.0,AWW,39.0,AWW,5115.0,4756.0,10625.0
248,Switzerland,2.0,4.0,0.08,0.04,37.72282623887711,3191.0,40.5000008243747,6296.0,21.0,27.0,33.0,769.0,21.0,AWW,33.0,AWW,5054.0,4840.0,10633.0
249,Switzerland,2.0,4.0,0.08,0.04,31.380409127077577,355.0,33.500000859959094,647.0,30.0,225.0,31.0,316.0,30.0,AWW,31.0,AWW,5024.0,4744.0,10790.0
250,Switzerland,2.0,4.0,0.08,0.04,35.51324405658271,1500.0,36.50000052133673,1917.0,27.0,81.0,28.0,125.0,27.0,AWW,28.0,AWW,5056.0,4708.0,10527.0
251,Switzerland,2.0,4.0,0.08,0.04,46.55109880883622,8177.0,40.50000008851327,1804.0,11.0,0.0,36.0,627.0,11.0,AWW,36.0,AWW,5098.0,4785.0,10558.0
252,Switzerland,2.0,4.0,0.08,0.04,44.74837456493189,5213.0,36.50000091126551,611.0,16.0,11.0,34.0,295.0,16.0,AWW,34.0,AWW,5133.0,4758.0,10626.0
253,Switzerland,2.0,4.0,0.08,0.04,40.74216862549761,3401.0,29.500000470555534,292.0,30.0,327.0,34.0,785.0,29.500000470555534,HARISS,29.500000470555534,HARISS,5099.0,4768.0,10680.0
254,Switzerland,2.0,4.0,0.08,0.04,33.00097075203153,1018.0,33.500000188896,1119.0,21.0,17.0,15.0,0.0,21.0,AWW,15.0,AWW,5131.0,4791.0,10759.0
255,Switzerland,2.0,4.0,0.08,0.04,31.97587190065334,1734.0,29.500000405091924,919.0,28.0,619.0,27.0,470.0,28.0,AWW,27.0,AWW,5146.0,4706.0,10428.0
256,Switzerland,2.0,4.0,0.08,0.04,56.95728928754656,87594.0,40.500000067111884,1269.0,12.0,0.0,36.0,318.0,12.0,AWW,36.0,AWW,5055.0,4888.0,10661.0
257,Switzerland,2.0,4.0,0.08,0.04,25.109975768866423,183.0,12.50000088353001,10.0,26.0,215.0,27.0,252.0,12.50000088353001,HARISS,12.50000088353001,HARISS,5050.0,4708.0,10558.0
258,Switzerland,2.0,4.0,0.08,0.04,33.764617571026356,528.0,33.500000739276565,485.0,34.0,568.0,38.0,1409.0,33.500000739276565,HARISS,33.500000739276565,HARISS,5075.0,4695.0,10663.0
259,Switzerland,2.0,4.0,0.08,0.04,53.69643462020669,41675.0,43.50000048828807,2993.0,32.0,125.0,37.0,423.0,32.0,AWW,37.0,AWW,5046.0,4795.0,10755.0
260,Switzerland,2.0,4.0,0.08,0.04,21.46659800563005,2118.0,19.500000922140625,1382.0,27.0,6317.0,18.0,950.0,19.500000922140625,HARISS,18.0,AWW,5160.0,4835.0,10776.0
261,Switzerland,2.0,4.0,0.08,0.04,38.02036336712695,3475.0,40.50000018293561,6688.0,6.0,0.0,37.0,2618.0,6.0,AWW,37.0,AWW,5215.0,4811.0,10586.0
262,Switzerland,2.0,4.0,0.08,0.04,44.21299156926128,8944.0,40.50000000434607,3505.0,19.0,19.0,35.0,822.0,19.0,AWW,35.0,AWW,5084.0,4754.0,10523.0
263,Switzerland,2.0,4.0,0.08,0.04,45.20243156833375,9812.0,36.50000087027921,1370.0,25.0,54.0,35.0,961.0,25.0,AWW,35.0,AWW,5031.0,4787.0,10502.0
264,Switzerland,2.0,4.0,0.08,0.04,41.402940004692574,4053.0,40.500000997562836,3196.0,28.0,154.0,37.0,1214.0,28.0,AWW,37.0,AWW,5110.0,4808.0,10581.0
265,Switzerland,2.0,4.0,0.08,0.04,45.41467126178967,7141.0,40.50000054839538,2046.0,19.0,3.0,40.0,1839.0,19.0,AWW,40.0,AWW,5146.0,4735.0,10609.0
266,Switzerland,2.0,4.0,0.08,0.04,50.80814809638552,42833.0,40.50000015844125,3982.0,29.0,195.0,32.0,499.0,29.0,AWW,32.0,AWW,5167.0,4834.0,10734.0
267,Switzerland,2.0,4.0,0.08,0.04,44.40849879120124,4095.0,33.5000005545673,258.0,10.0,0.0,21.0,16.0,10.0,AWW,21.0,AWW,5102.0,4727.0,10589.0
268,Switzerland,2.0,4.0,0.08,0.04,61.043216079735984,486425.0,36.500000765535255,2171.0,25.0,13.0,26.0,33.0,25.0,AWW,26.0,AWW,5010.0,4696.0,10620.0
269,Switzerland,2.0,4.0,0.08,0.04,48.47196578850232,7852.0,36.50000090988384,457.0,17.0,2.0,25.0,36.0,17.0,AWW,25.0,AWW,5106.0,4712.0,10606.0
270,Switzerland,2.0,4.0,0.08,0.04,34.617596120486255,2487.0,22.500000389758426,184.0,21.0,127.0,41.0,10852.0,21.0,AWW,22.500000389758426,HARISS,5159.0,4720.0,10665.0
271,Switzerland,2.0,4.0,0.08,0.04,50.61930847338241,39009.0,33.50000047554559,766.0,28.0,202.0,34.0,849.0,28.0,AWW,33.50000047554559,HARISS,5127.0,4784.0,10706.0
272,Switzerland,2.0,4.0,0.08,0.04,53.00143370288787,44270.0,40.500000218970335,2244.0,20.0,1.0,32.0,210.0,20.0,AWW,32.0,AWW,5110.0,4798.0,10333.0
273,Switzerland,2.0,4.0,0.08,0.04,46.15170173667105,6406.0,40.500000547579695,1597.0,31.0,109.0,32.0,143.0,31.0,AWW,32.0,AWW,5131.0,4812.0,10601.0
274,Switzerland,2.0,4.0,0.08,0.04,29.141045951215837,452.0,40.5000009798364,6768.0,24.0,82.0,36.0,2047.0,24.0,AWW,29.141045951215837,ICU,5104.0,4673.0,11010.0
275,Switzerland,2.0,4.0,0.08,0.04,51.79118185666813,77090.0,33.50000048276109,1128.0,14.0,0.0,32.0,720.0,14.0,AWW,32.0,AWW,5038.0,4788.0,10667.0
276,Switzerland,2.0,4.0,0.08,0.04,37.613511572315474,601.0,36.50000012015513,452.0,19.0,2.0,35.0,318.0,19.0,AWW,35.0,AWW,5117.0,4706.0,10477.0
277,Switzerland,2.0,4.0,0.08,0.04,26.010406595074873,45.0,43.500000112396435,4508.0,28.0,70.0,31.0,152.0,26.010406595074873,ICU,26.010406595074873,ICU,5106.0,4742.0,10706.0
278,Switzerland,2.0,4.0,0.08,0.04,43.05471307491996,5997.0,33.500000109163295,729.0,34.0,818.0,34.0,818.0,33.500000109163295,HARISS,33.500000109163295,HARISS,5061.0,4686.0,10580.0
279,Switzerland,2.0,4.0,0.08,0.04,52.07103741542863,111253.0,33.50000078641257,1818.0,14.0,0.0,37.0,4373.0,14.0,AWW,33.50000078641257,HARISS,5041.0,4741.0,10751.0
280,Switzerland,2.0,4.0,0.08,0.04,42.24219459426015,4536.0,40.50000052138122,3101.0,23.0,26.0,8.0,0.0,23.0,AWW,8.0,AWW,5042.0,4720.0,10644.0
281,Switzerland,2.0,4.0,0.08,0.04,48.15659557944621,10116.0,33.50000031281974,227.0,28.0,48.0,35.0,334.0,28.0,AWW,33.50000031281974,HARISS,5171.0,4840.0,10627.0
282,Switzerland,2.0,4.0,0.08,0.04,35.01003023833621,1254.0,33.50000081357445,828.0,29.0,212.0,33.0,723.0,29.0,AWW,33.0,AWW,5091.0,4832.0,10698.0
283,Switzerland,2.0,4.0,0.08,0.04,28.89430259722317,171.0,29.500000093946007,218.0,19.0,6.0,31.0,361.0,19.0,AWW,28.89430259722317,ICU,5126.0,4771.0,10544.0
284,Switzerland,2.0,4.0,0.08,0.04,24.17683897168174,159.0,33.50000021308836,2511.0,21.0,78.0,32.0,1647.0,21.0,AWW,24.17683897168174,ICU,5068.0,4837.0,10639.0
285,Switzerland,2.0,4.0,0.08,0.04,37.395847780272206,2509.0,33.50000010289766,902.0,32.0,633.0,37.0,2252.0,32.0,AWW,33.50000010289766,HARISS,5039.0,4750.0,10756.0
286,Switzerland,2.0,4.0,0.08,0.04,30.988689939434064,6662.0,26.500000590152943,2624.0,31.0,6674.0,32.0,8066.0,26.500000590152943,HARISS,26.500000590152943,HARISS,5109.0,4885.0,10555.0
287,Switzerland,2.0,4.0,0.08,0.04,17.047237802525853,17.0,33.50000025139561,180.0,27.0,65.0,28.0,83.0,17.047237802525853,ICU,17.047237802525853,ICU,5076.0,4794.0,10607.0
288,Switzerland,2.0,4.0,0.08,0.04,50.73841296777433,33725.0,43.50000064295859,6365.0,19.0,2.0,27.0,35.0,19.0,AWW,27.0,AWW,5093.0,4774.0,10519.0
289,Switzerland,2.0,4.0,0.08,0.04,25.839415313439336,679.0,29.50000033646331,1718.0,22.0,182.0,35.0,6180.0,22.0,AWW,25.839415313439336,ICU,4899.0,4754.0,10707.0
290,Switzerland,2.0,4.0,0.08,0.04,46.35549730823203,15964.0,40.50000092806534,4144.0,26.0,67.0,33.0,552.0,26.0,AWW,33.0,AWW,5181.0,4764.0,10763.0
291,Switzerland,2.0,4.0,0.08,0.04,34.14296147427103,1976.0,29.500000586147703,670.0,30.0,773.0,33.0,1509.0,29.500000586147703,HARISS,29.500000586147703,HARISS,5134.0,4771.0,10567.0
292,Switzerland,2.0,4.0,0.08,0.04,42.05069498514949,4112.0,36.50000069624255,1349.0,24.0,73.0,34.0,808.0,24.0,AWW,34.0,AWW,5170.0,4811.0,10553.0
293,Switzerland,2.0,4.0,0.08,0.04,47.539744322541424,10625.0,33.5000006321535,469.0,32.0,343.0,38.0,1360.0,32.0,AWW,33.5000006321535,HARISS,5067.0,4925.0,10808.0
294,Switzerland,2.0,4.0,0.08,0.04,20.132551547322095,35.0,40.50000067836915,2120.0,15.0,13.0,32.0,178.0,15.0,AWW,20.132551547322095,ICU,5027.0,4907.0,10661.0
295,Switzerland,2.0,4.0,0.08,0.04,44.534978083111476,15471.0,36.50000063413793,2772.0,25.0,75.0,35.0,1952.0,25.0,AWW,35.0,AWW,5007.0,4824.0,10602.0
296,Switzerland,2.0,4.0,0.08,0.04,44.50291647450911,13766.0,33.50000097489781,631.0,30.0,163.0,34.0,741.0,30.0,AWW,33.50000097489781,HARISS,5229.0,4804.0,10698.0
297,Switzerland,2.0,4.0,0.08,0.04,48.28806564608388,19291.0,33.50000045176639,658.0,7.0,0.0,29.0,231.0,7.0,AWW,29.0,AWW,5042.0,4774.0,10778.0
298,Switzerland,2.0,4.0,0.08,0.04,21.60931594110337,389.0,12.500000409207976,34.0,28.0,1039.0,33.0,2933.0,12.500000409207976,HARISS,12.500000409207976,HARISS,5105.0,4847.0,10765.0
299,Switzerland,2.0,4.0,0.08,0.04,18.507165392883557,226.0,22.500000084109303,546.0,28.0,1394.0,36.0,6000.0,18.507165392883557,ICU,18.507165392883557,ICU,5145.0,4771.0,10789.0
300,Switzerland,2.0,4.0,0.08,0.04,31.39600456234072,963.0,40.50000074697486,7945.0,27.0,345.0,33.0,1349.0,27.0,AWW,31.39600456234072,ICU,5143.0,4835.0,10639.0
301,Switzerland,2.0,4.0,0.08,0.04,38.9997070492768,2628.0,40.50000024088944,3722.0,30.0,320.0,31.0,386.0,30.0,AWW,31.0,AWW,5104.0,4759.0,10748.0
302,Switzerland,2.0,4.0,0.08,0.04,45.000391090449725,26065.0,33.50000013757966,2512.0,14.0,1.0,21.0,46.0,14.0,AWW,21.0,AWW,5075.0,4835.0,10766.0
303,Switzerland,2.0,4.0,0.08,0.04,35.20861591374312,1619.0,36.500000607340255,2137.0,19.0,6.0,34.0,1216.0,19.0,AWW,34.0,AWW,5129.0,4824.0,10628.0
304,Switzerland,2.0,4.0,0.08,0.04,42.202200272904406,4979.0,40.500000073386175,3362.0,26.0,49.0,27.0,72.0,26.0,AWW,27.0,AWW,5008.0,4827.0,10711.0
305,Switzerland,2.0,4.0,0.08,0.04,45.02985665127829,8825.0,40.50000010886907,3164.0,22.0,12.0,37.0,1408.0,22.0,AWW,37.0,AWW,5159.0,4740.0,10760.0
306,Switzerland,2.0,4.0,0.08,0.04,41.465799470745296,7077.0,29.500000437907666,302.0,18.0,6.0,33.0,926.0,18.0,AWW,29.500000437907666,HARISS,5138.0,4884.0,10624.0
307,Switzerland,2.0,4.0,0.08,0.04,25.947446183196977,308.0,26.50000087497207,378.0,25.0,216.0,32.0,1755.0,25.0,AWW,25.947446183196977,ICU,5125.0,4850.0,10658.0
308,Switzerland,2.0,4.0,0.08,0.04,44.15490464963183,8230.0,33.500000833186334,533.0,17.0,21.0,35.0,756.0,17.0,AWW,33.500000833186334,HARISS,5097.0,4764.0,10601.0
309,Switzerland,2.0,4.0,0.08,0.04,42.9579057378017,7343.0,43.50000012712514,8357.0,32.0,314.0,39.0,2762.0,32.0,AWW,39.0,AWW,5041.0,4812.0,10543.0
310,Switzerland,2.0,4.0,0.08,0.04,48.9187522495465,34237.0,36.500000802536185,1748.0,24.0,124.0,25.0,151.0,24.0,AWW,25.0,AWW,5196.0,4787.0,10424.0
311,Switzerland,2.0,4.0,0.08,0.04,38.6758354611916,1576.0,43.50000042031724,5030.0,23.0,15.0,33.0,434.0,23.0,AWW,33.0,AWW,5082.0,4751.0,10659.0
312,Switzerland,2.0,4.0,0.08,0.04,24.837374917162375,394.0,26.500000796842862,583.0,30.0,1231.0,38.0,8168.0,24.837374917162375,ICU,24.837374917162375,ICU,5088.0,4757.0,10640.0
313,Switzerland,2.0,4.0,0.08,0.04,46.07813977305065,6497.0,36.500000889856345,607.0,15.0,0.0,38.0,853.0,15.0,AWW,36.500000889856345,HARISS,5009.0,4826.0,10540.0
314,Switzerland,2.0,4.0,0.08,0.04,31.735324964723517,1284.0,36.50000051455204,3854.0,31.0,1078.0,34.0,2144.0,31.0,AWW,31.735324964723517,ICU,5190.0,4847.0,10550.0
315,Switzerland,2.0,4.0,0.08,0.04,23.637996298271624,826.0,26.500000581336945,1416.0,30.0,2548.0,33.0,4527.0,23.637996298271624,ICU,23.637996298271624,ICU,5043.0,4788.0,10625.0
316,Switzerland,2.0,4.0,0.08,0.04,51.65969757153027,26931.0,29.50000072158224,28.0,25.0,8.0,36.0,523.0,25.0,AWW,29.50000072158224,HARISS,5085.0,4804.0,10579.0
317,Switzerland,2.0,4.0,0.08,0.04,34.7654928013032,503.0,40.50000055448072,2358.0,24.0,7.0,36.0,708.0,24.0,AWW,34.7654928013032,ICU,5072.0,4793.0,10697.0
318,Switzerland,2.0,4.0,0.08,0.04,61.81216396660128,353497.0,33.500000983989345,471.0,29.0,87.0,32.0,280.0,29.0,AWW,32.0,AWW,5167.0,4730.0,10703.0
319,Switzerland,2.0,4.0,0.08,0.04,42.29900071186743,4952.0,40.50000008477809,3127.0,31.0,330.0,32.0,402.0,31.0,AWW,32.0,AWW,5034.0,4725.0,10430.0
320,Switzerland,2.0,4.0,0.08,0.04,47.84723575591283,23587.0,36.500000716357256,1791.0,32.0,579.0,5.0,0.0,32.0,AWW,5.0,AWW,5211.0,4850.0,10482.0
321,Switzerland,2.0,4.0,0.08,0.04,63.78098810218659,364172.0,40.500000135276544,2617.0,23.0,19.0,39.0,1742.0,23.0,AWW,39.0,AWW,5086.0,4741.0,10513.0
322,Switzerland,2.0,4.0,0.08,0.04,30.405507189815708,1231.0,29.500000553405997,962.0,25.0,202.0,25.0,202.0,25.0,AWW,25.0,AWW,5058.0,4746.0,10568.0
323,Switzerland,2.0,4.0,0.08,0.04,31.469214672754138,2366.0,29.500000582057787,1552.0,24.0,282.0,24.0,282.0,24.0,AWW,24.0,AWW,5133.0,4694.0,10723.0
324,Switzerland,2.0,4.0,0.08,0.04,21.04662485555065,128.0,40.500000904443475,15025.0,25.0,378.0,33.0,2605.0,21.04662485555065,ICU,21.04662485555065,ICU,5175.0,4752.0,10573.0
325,Switzerland,2.0,4.0,0.08,0.04,15.425748247833788,7.0,33.50000059514565,2564.0,12.0,3.0,40.0,10940.0,12.0,AWW,15.425748247833788,ICU,5047.0,4758.0,10665.0
326,Switzerland,2.0,4.0,0.08,0.04,45.83843682361109,7036.0,47.50000048061295,10701.0,21.0,2.0,30.0,62.0,21.0,AWW,30.0,AWW,5161.0,4803.0,10696.0
327,Switzerland,2.0,4.0,0.08,0.04,36.272673273296625,1469.0,43.500000718193625,11751.0,25.0,10.0,25.0,10.0,25.0,AWW,25.0,AWW,5188.0,4670.0,10642.0
328,Switzerland,2.0,4.0,0.08,0.04,47.092295271591745,15349.0,40.500000667269894,3370.0,26.0,115.0,26.0,115.0,26.0,AWW,26.0,AWW,5118.0,4897.0,10646.0
329,Switzerland,2.0,4.0,0.08,0.04,16.823929790802172,312.0,19.500000442311283,621.0,25.0,2114.0,26.0,2547.0,16.823929790802172,ICU,16.823929790802172,ICU,5197.0,4745.0,10591.0
330,Switzerland,2.0,4.0,0.08,0.04,49.459234398330196,19837.0,40.50000033453235,2368.0,6.0,0.0,32.0,301.0,6.0,AWW,32.0,AWW,5151.0,4729.0,10666.0
331,Switzerland,2.0,4.0,0.08,0.04,28.40245840482568,624.0,33.50000027178488,2163.0,31.0,1244.0,39.0,7310.0,28.40245840482568,ICU,28.40245840482568,ICU,5097.0,4831.0,10679.0
332,Switzerland,2.0,4.0,0.08,0.04,51.554550785666684,24871.0,40.5000001132783,1263.0,24.0,9.0,38.0,567.0,24.0,AWW,38.0,AWW,5131.0,4793.0,10539.0
333,Switzerland,2.0,4.0,0.08,0.04,38.3577224431945,3968.0,33.50000035035719,1245.0,30.0,557.0,31.0,720.0,30.0,AWW,31.0,AWW,5128.0,4817.0,10491.0
334,Switzerland,2.0,4.0,0.08,0.04,45.972410290199214,6894.0,36.500000185828874,508.0,4.0,0.0,29.0,66.0,4.0,AWW,29.0,AWW,5074.0,4699.0,10645.0
335,Switzerland,2.0,4.0,0.08,0.04,43.06786714898936,7399.0,36.50000017593631,1357.0,21.0,0.0,35.0,811.0,21.0,AWW,35.0,AWW,5100.0,4776.0,10632.0
336,Switzerland,2.0,4.0,0.08,0.04,27.16251824440775,919.0,33.50000094483228,4230.0,29.0,1468.0,33.0,3771.0,27.16251824440775,ICU,27.16251824440775,ICU,5207.0,4799.0,10559.0
337,Switzerland,2.0,4.0,0.08,0.04,13.422585257784256,3.0,15.500000846333016,5.0,33.0,215.0,41.0,2430.0,13.422585257784256,ICU,13.422585257784256,ICU,5149.0,4702.0,10595.0
338,Switzerland,2.0,4.0,0.08,0.04,18.432666179090774,278.0,26.500000402796662,2366.0,17.0,161.0,31.0,4601.0,17.0,AWW,18.432666179090774,ICU,5139.0,4705.0,10864.0
339,Switzerland,2.0,4.0,0.08,0.04,43.25413742788615,8789.0,36.50000070546754,1823.0,25.0,73.0,35.0,1223.0,25.0,AWW,35.0,AWW,5186.0,4778.0,10687.0
340,Switzerland,2.0,4.0,0.08,0.04,23.203747961713532,48.0,40.500000733478196,4312.0,22.0,41.0,31.0,316.0,22.0,AWW,23.203747961713532,ICU,5134.0,4736.0,10734.0
341,Switzerland,2.0,4.0,0.08,0.04,45.846028941350724,11111.0,33.50000042587454,691.0,29.0,236.0,30.0,297.0,29.0,AWW,30.0,AWW,5028.0,4851.0,10666.0
342,Switzerland,2.0,4.0,0.08,0.04,42.99682784327248,5573.0,40.500000038011684,3095.0,22.0,28.0,23.0,37.0,22.0,AWW,23.0,AWW,5174.0,4892.0,10515.0
343,Switzerland,2.0,4.0,0.08,0.04,30.650286364028503,839.0,29.500000329152652,648.0,17.0,60.0,36.0,3065.0,17.0,AWW,29.500000329152652,HARISS,5170.0,4748.0,10559.0
344,Switzerland,2.0,4.0,0.08,0.04,54.27212983519499,42461.0,33.500000945255074,224.0,21.0,2.0,31.0,91.0,21.0,AWW,31.0,AWW,5151.0,4747.0,10631.0
345,Switzerland,2.0,4.0,0.08,0.04,31.81876945346707,365.0,29.500000639236266,184.0,23.0,8.0,35.0,809.0,23.0,AWW,29.500000639236266,HARISS,5079.0,4759.0,10469.0
346,Switzerland,2.0,4.0,0.08,0.04,28.6350580098127,937.0,29.50000062102435,1127.0,18.0,170.0,35.0,2892.0,18.0,AWW,28.6350580098127,ICU,4987.0,4767.0,10459.0
347,Switzerland,2.0,4.0,0.08,0.04,41.29653303600831,1757.0,43.500000148284656,3156.0,31.0,139.0,32.0,171.0,31.0,AWW,32.0,AWW,5060.0,4811.0,10563.0
348,Switzerland,2.0,4.0,0.08,0.04,20.445196769634506,824.0,22.500000256741867,1395.0,19.0,571.0,38.0,23764.0,19.0,AWW,20.445196769634506,ICU,5119.0,4681.0,10552.0
349,Switzerland,2.0,4.0,0.08,0.04,43.325523320816714,6017.0,40.50000086282039,2881.0,19.0,20.0,40.0,2554.0,19.0,AWW,40.0,AWW,5037.0,4801.0,10554.0
350,Switzerland,2.0,4.0,0.08,0.04,43.777526579581775,8937.0,33.500000176130285,536.0,19.0,19.0,28.0,103.0,19.0,AWW,28.0,AWW,5048.0,4709.0,10520.0
351,Switzerland,2.0,4.0,0.08,0.04,44.05027732364437,7202.0,29.50000044816909,215.0,33.0,430.0,34.0,509.0,29.50000044816909,HARISS,29.50000044816909,HARISS,5237.0,4768.0,10541.0
352,Switzerland,2.0,4.0,0.08,0.04,50.03460853034093,14158.0,43.50000074503505,2454.0,24.0,6.0,35.0,222.0,24.0,AWW,35.0,AWW,4974.0,4775.0,10610.0
353,Switzerland,2.0,4.0,0.08,0.04,30.74947529733951,235.0,36.50000043765394,1177.0,14.0,0.0,15.0,0.0,14.0,AWW,15.0,AWW,5128.0,4715.0,10662.0
354,Switzerland,2.0,4.0,0.08,0.04,41.49155796616827,22139.0,29.500000793146313,1597.0,23.0,81.0,24.0,149.0,23.0,AWW,24.0,AWW,4970.0,4893.0,10595.0
355,Switzerland,2.0,4.0,0.08,0.04,49.115463077968656,20568.0,36.500000907628234,1266.0,25.0,28.0,26.0,48.0,25.0,AWW,26.0,AWW,5138.0,4768.0,10745.0
356,Switzerland,2.0,4.0,0.08,0.04,53.438793807738314,58332.0,43.50000008999282,6053.0,29.0,108.0,32.0,273.0,29.0,AWW,32.0,AWW,5114.0,4815.0,10711.0
357,Switzerland,2.0,4.0,0.08,0.04,41.17866990014131,5452.0,40.50000055124942,4561.0,26.0,72.0,35.0,1026.0,26.0,AWW,35.0,AWW,4966.0,4711.0,10629.0
358,Switzerland,2.0,4.0,0.08,0.04,36.9433644803394,8033.0,26.500000752564816,536.0,24.0,178.0,30.0,1686.0,24.0,AWW,26.500000752564816,HARISS,5035.0,4823.0,10519.0
359,Switzerland,2.0,4.0,0.08,0.04,35.41783096167088,1019.0,40.50000055271038,3814.0,36.0,1215.0,37.0,1579.0,35.41783096167088,ICU,35.41783096167088,ICU,5159.0,4600.0,10861.0
360,Switzerland,2.0,4.0,0.08,0.04,42.628047993369265,4411.0,29.50000042171655,92.0,23.0,6.0,34.0,367.0,23.0,AWW,29.50000042171655,HARISS,4973.0,4805.0,10752.0
361,Switzerland,2.0,4.0,0.08,0.04,27.074863628446327,2215.0,29.50000001876531,3906.0,17.0,243.0,39.0,32147.0,17.0,AWW,27.074863628446327,ICU,5105.0,4769.0,10558.0
362,Switzerland,2.0,4.0,0.08,0.04,49.33301440583936,13478.0,43.500000264448346,3355.0,29.0,42.0,40.0,1393.0,29.0,AWW,40.0,AWW,4971.0,4765.0,10504.0
363,Switzerland,2.0,4.0,0.08,0.04,33.15331110563416,707.0,40.50000055565631,4482.0,10.0,3.0,37.0,1798.0,10.0,AWW,33.15331110563416,ICU,5091.0,4872.0,10531.0
364,Switzerland,2.0,4.0,0.08,0.04,41.53823530563897,4324.0,29.500000652684058,195.0,27.0,123.0,35.0,890.0,27.0,AWW,29.500000652684058,HARISS,4999.0,4856.0,10591.0
365,Switzerland,2.0,4.0,0.08,0.04,9.309751610805918,0.0,36.500000647723105,1055.0,22.0,43.0,37.0,1167.0,9.309751610805918,ICU,9.309751610805918,ICU,5093.0,4814.0,10504.0
366,Switzerland,2.0,4.0,0.08,0.04,52.21836233823382,21261.0,47.500000666148594,7636.0,15.0,1.0,27.0,25.0,15.0,AWW,27.0,AWW,5076.0,4662.0,10720.0
367,Switzerland,2.0,4.0,0.08,0.04,40.19960676986207,3562.0,29.500000087489777,220.0,35.0,1046.0,36.0,1364.0,29.500000087489777,HARISS,29.500000087489777,HARISS,5152.0,4704.0,10770.0
368,Switzerland,2.0,4.0,0.08,0.04,50.51924602067312,45527.0,29.50000067144268,173.0,29.0,143.0,38.0,2828.0,29.0,AWW,29.50000067144268,HARISS,5142.0,4746.0,10635.0
369,Switzerland,2.0,4.0,0.08,0.04,46.08184145038339,9946.0,29.500000137691647,182.0,14.0,10.0,33.0,398.0,14.0,AWW,29.500000137691647,HARISS,5071.0,4919.0,10720.0
370,Switzerland,2.0,4.0,0.08,0.04,35.03469849397776,993.0,40.50000026869143,4093.0,29.0,155.0,34.0,735.0,29.0,AWW,34.0,AWW,5105.0,4842.0,10572.0
371,Switzerland,2.0,4.0,0.08,0.04,31.58251461672645,263.0,36.500000775512746,1108.0,31.0,226.0,32.0,305.0,31.0,AWW,31.58251461672645,ICU,5049.0,4832.0,10683.0
372,Switzerland,2.0,4.0,0.08,0.04,39.19745809631206,1310.0,40.500000199689815,1787.0,24.0,17.0,34.0,366.0,24.0,AWW,34.0,AWW,5157.0,4827.0,10762.0
373,Switzerland,2.0,4.0,0.08,0.04,23.440410733803287,309.0,29.500000391376815,880.0,14.0,56.0,39.0,5351.0,14.0,AWW,23.440410733803287,ICU,5021.0,4836.0,10712.0
374,Switzerland,2.0,4.0,0.08,0.04,64.84738819680797,166266.0,40.50000085388427,1335.0,17.0,0.0,26.0,13.0,17.0,AWW,26.0,AWW,5122.0,4789.0,10402.0
375,Switzerland,2.0,4.0,0.08,0.04,34.84995635582907,2374.0,26.500000998544756,284.0,30.0,642.0,35.0,2455.0,26.500000998544756,HARISS,26.500000998544756,HARISS,5184.0,4847.0,10520.0
376,Switzerland,2.0,4.0,0.08,0.04,52.499435304267834,77732.0,40.500000844689666,4951.0,22.0,16.0,33.0,747.0,22.0,AWW,33.0,AWW,5068.0,4784.0,10672.0
377,Switzerland,2.0,4.0,0.08,0.04,17.467577464634406,89.0,19.500000023718073,146.0,28.0,1106.0,34.0,4210.0,17.467577464634406,ICU,17.467577464634406,ICU,5091.0,4706.0,10841.0
378,Switzerland,2.0,4.0,0.08,0.04,51.26341484717792,10382.0,43.50000091202763,2016.0,21.0,10.0,21.0,10.0,21.0,AWW,21.0,AWW,5104.0,4834.0,10748.0
379,Switzerland,2.0,4.0,0.08,0.04,39.12208485989417,4140.0,36.50000031104624,2386.0,14.0,3.0,33.0,1112.0,14.0,AWW,33.0,AWW,5061.0,4805.0,10630.0
380,Switzerland,2.0,4.0,0.08,0.04,18.004912767376016,90.0,15.500000603404429,88.0,20.0,91.0,37.0,1013.0,15.500000603404429,HARISS,15.500000603404429,HARISS,5150.0,4806.0,10650.0
381,Switzerland,2.0,4.0,0.08,0.04,39.71281026399126,2834.0,36.50000049847323,1278.0,34.0,723.0,35.0,921.0,34.0,AWW,35.0,AWW,5105.0,4785.0,10853.0
382,Switzerland,2.0,4.0,0.08,0.04,47.900218571774715,20138.0,40.50000076519642,3450.0,11.0,0.0,35.0,589.0,11.0,AWW,35.0,AWW,5000.0,4827.0,10562.0
383,Switzerland,2.0,4.0,0.08,0.04,54.54819080291815,75387.0,40.50000090608719,2431.0,32.0,188.0,40.0,2163.0,32.0,AWW,40.0,AWW,5119.0,4791.0,10663.0
384,Switzerland,2.0,4.0,0.08,0.04,45.74205390055613,9602.0,40.50000059474956,2971.0,26.0,97.0,26.0,97.0,26.0,AWW,26.0,AWW,5205.0,4729.0,10629.0
385,Switzerland,2.0,4.0,0.08,0.04,41.89639983418692,4552.0,36.500000249666925,1060.0,25.0,57.0,26.0,78.0,25.0,AWW,26.0,AWW,5204.0,4708.0,10688.0
386,Switzerland,2.0,4.0,0.08,0.04,41.903146399435705,3330.0,33.50000044279241,347.0,19.0,3.0,27.0,51.0,19.0,AWW,27.0,AWW,4867.0,4807.0,10480.0
387,Switzerland,2.0,4.0,0.08,0.04,25.7958746036587,621.0,29.50000096390871,1396.0,16.0,22.0,34.0,3311.0,16.0,AWW,25.7958746036587,ICU,5156.0,4810.0,10669.0
388,Switzerland,2.0,4.0,0.08,0.04,47.64925925895654,27352.0,26.50000024564833,363.0,27.0,396.0,28.0,447.0,26.50000024564833,HARISS,26.50000024564833,HARISS,5130.0,4737.0,10579.0
389,Switzerland,2.0,4.0,0.08,0.04,27.707851176029926,455.0,29.50000031491218,761.0,28.0,493.0,37.0,4859.0,27.707851176029926,ICU,27.707851176029926,ICU,5124.0,4719.0,10632.0
390,Switzerland,2.0,4.0,0.08,0.04,53.605054784402434,37608.0,40.50000074684896,1377.0,32.0,155.0,35.0,322.0,32.0,AWW,35.0,AWW,4996.0,4865.0,10694.0
391,Switzerland,2.0,4.0,0.08,0.04,37.89308940592618,2670.0,33.50000068672801,893.0,29.0,270.0,36.0,1646.0,29.0,AWW,33.50000068672801,HARISS,5084.0,4813.0,10532.0
392,Switzerland,2.0,4.0,0.08,0.04,42.90814623800197,4016.0,29.50000054144529,119.0,17.0,2.0,38.0,1192.0,17.0,AWW,29.50000054144529,HARISS,5110.0,4800.0,10607.0
393,Switzerland,2.0,4.0,0.08,0.04,48.26197434863754,13928.0,40.50000003857842,1818.0,18.0,2.0,33.0,205.0,18.0,AWW,33.0,AWW,5156.0,4849.0,10564.0
394,Switzerland,2.0,4.0,0.08,0.04,34.77297111463335,1103.0,43.500000692987705,8225.0,23.0,53.0,32.0,608.0,23.0,AWW,32.0,AWW,5175.0,4872.0,10714.0
395,Switzerland,2.0,4.0,0.08,0.04,36.28028068933074,1869.0,40.5000005957163,5451.0,30.0,232.0,36.0,1709.0,30.0,AWW,36.0,AWW,5087.0,4734.0,10842.0
396,Switzerland,2.0,4.0,0.08,0.04,52.168273331620185,37458.0,40.50000028802119,2060.0,35.0,407.0,36.0,501.0,35.0,AWW,36.0,AWW,5186.0,4756.0,10579.0
397,Switzerland,2.0,4.0,0.08,0.04,46.922095973264526,18794.0,33.50000028582041,838.0,22.0,40.0,35.0,1291.0,22.0,AWW,33.50000028582041,HARISS,5192.0,4796.0,10520.0
398,Switzerland,2.0,4.0,0.08,0.04,37.71894004389363,2675.0,29.50000099118019,323.0,26.0,113.0,27.0,159.0,26.0,AWW,27.0,AWW,5110.0,4844.0,10764.0
399,Switzerland,2.0,4.0,0.08,0.04,34.57032149637739,3626.0,29.500000808474027,1029.0,26.0,418.0,34.0,3163.0,26.0,AWW,29.500000808474027,HARISS,5065.0,4653.0,10900.0
400,Switzerland,2.0,4.0,0.08,0.04,36.3294013471006,7535.0,22.500000093622536,327.0,31.0,2337.0,36.0,7003.0,22.500000093622536,HARISS,22.500000093622536,HARISS,5050.0,4783.0,10629.0
401,Switzerland,2.0,4.0,0.08,0.04,58.452236668922815,119710.0,40.500000702997056,1602.0,14.0,0.0,29.0,68.0,14.0,AWW,29.0,AWW,5046.0,4790.0,10662.0
402,Switzerland,2.0,4.0,0.08,0.04,32.36862427290994,1003.0,33.50000066012784,1338.0,27.0,223.0,37.0,3383.0,27.0,AWW,32.36862427290994,ICU,5130.0,4724.0,10715.0
403,Switzerland,2.0,4.0,0.08,0.04,39.35974017448273,8252.0,33.50000046501779,2350.0,19.0,110.0,35.0,3270.0,19.0,AWW,33.50000046501779,HARISS,5190.0,4850.0,10597.0
404,Switzerland,2.0,4.0,0.08,0.04,47.067735699155925,20038.0,40.500000911135494,3912.0,22.0,31.0,30.0,235.0,22.0,AWW,30.0,AWW,5146.0,4774.0,10779.0
405,Switzerland,2.0,4.0,0.08,0.04,21.588692182581013,1215.0,12.50000018745639,163.0,31.0,5302.0,35.0,11972.0,12.50000018745639,HARISS,12.50000018745639,HARISS,5050.0,4756.0,10591.0
406,Switzerland,2.0,4.0,0.08,0.04,45.36115747746528,8941.0,33.50000034313882,560.0,25.0,41.0,26.0,64.0,25.0,AWW,26.0,AWW,5042.0,4836.0,10845.0
407,Switzerland,2.0,4.0,0.08,0.04,54.362363613018125,129398.0,36.500000483773576,2492.0,24.0,32.0,34.0,1171.0,24.0,AWW,34.0,AWW,4986.0,4743.0,10582.0
408,Switzerland,2.0,4.0,0.08,0.04,55.294134408682666,51737.0,36.50000008306644,421.0,24.0,9.0,34.0,282.0,24.0,AWW,34.0,AWW,5246.0,4815.0,10768.0
409,Switzerland,2.0,4.0,0.08,0.04,50.38370861556444,51189.0,29.50000003071068,385.0,21.0,18.0,36.0,1995.0,21.0,AWW,29.50000003071068,HARISS,5134.0,4790.0,10543.0
410,Switzerland,2.0,4.0,0.08,0.04,7.494299352508988,35.0,15.500000316602797,228.0,30.0,3672.0,22.0,843.0,7.494299352508988,ICU,7.494299352508988,ICU,5090.0,4777.0,10612.0
411,Switzerland,2.0,4.0,0.08,0.04,22.319921039260954,101.0,29.500000847498292,718.0,25.0,232.0,31.0,992.0,22.319921039260954,ICU,22.319921039260954,ICU,5046.0,4827.0,10468.0
412,Switzerland,2.0,4.0,0.08,0.04,35.12071544957016,952.0,29.50000098273916,279.0,31.0,379.0,38.0,2044.0,29.50000098273916,HARISS,29.50000098273916,HARISS,5010.0,4924.0,10618.0
413,Switzerland,2.0,4.0,0.08,0.04,60.335297026353494,243973.0,40.500000717337024,1981.0,29.0,127.0,37.0,776.0,29.0,AWW,37.0,AWW,5242.0,4732.0,10735.0
414,Switzerland,2.0,4.0,0.08,0.04,50.28248329358064,25290.0,36.50000033861596,782.0,14.0,0.0,30.0,125.0,14.0,AWW,30.0,AWW,5127.0,4817.0,10743.0
415,Switzerland,2.0,4.0,0.08,0.04,18.316430999708917,296.0,26.500000804305937,1573.0,24.0,1056.0,25.0,1227.0,18.316430999708917,ICU,18.316430999708917,ICU,4934.0,4787.0,10682.0
416,Switzerland,2.0,4.0,0.08,0.04,36.04734504249013,2858.0,29.500000168602728,785.0,21.0,105.0,29.0,709.0,21.0,AWW,29.0,AWW,5046.0,4836.0,10470.0
417,Switzerland,2.0,4.0,0.08,0.04,12.186426527492298,41.0,40.500000029168284,2571.0,21.0,44.0,22.0,45.0,12.186426527492298,ICU,12.186426527492298,ICU,5054.0,4924.0,10532.0
418,Switzerland,2.0,4.0,0.08,0.04,35.723730920334454,1915.0,29.500000041732783,373.0,30.0,421.0,31.0,528.0,29.500000041732783,HARISS,29.500000041732783,HARISS,5170.0,4819.0,10584.0
419,Switzerland,2.0,4.0,0.08,0.04,47.5419312139659,6815.0,43.50000089337549,2434.0,31.0,97.0,41.0,1269.0,31.0,AWW,41.0,AWW,5103.0,4870.0,10529.0
420,Switzerland,2.0,4.0,0.08,0.04,63.54014537260534,741725.0,33.50000083765678,1251.0,36.0,2535.0,37.0,3274.0,33.50000083765678,HARISS,33.50000083765678,HARISS,5082.0,4757.0,10716.0
421,Switzerland,2.0,4.0,0.08,0.04,41.72367954314351,2515.0,40.50000029516083,1937.0,13.0,11.0,29.0,174.0,13.0,AWW,29.0,AWW,5062.0,4838.0,10668.0
422,Switzerland,2.0,4.0,0.08,0.04,39.319960293866245,2535.0,40.50000088969102,3318.0,23.0,44.0,35.0,952.0,23.0,AWW,35.0,AWW,5140.0,4791.0,10742.0
423,Switzerland,2.0,4.0,0.08,0.04,19.84049982623492,16.0,40.50000098920406,6200.0,12.0,0.0,27.0,136.0,12.0,AWW,19.84049982623492,ICU,5109.0,4790.0,10641.0
424,Switzerland,2.0,4.0,0.08,0.04,34.469238285071214,503.0,33.50000013548422,369.0,30.0,121.0,31.0,161.0,30.0,AWW,31.0,AWW,5138.0,4783.0,10663.0
425,Switzerland,2.0,4.0,0.08,0.04,38.79113061555128,3108.0,33.500000852974026,837.0,26.0,167.0,39.0,3287.0,26.0,AWW,33.500000852974026,HARISS,5044.0,4903.0,10637.0
426,Switzerland,2.0,4.0,0.08,0.04,33.350770504666386,1013.0,33.50000039274298,1058.0,30.0,461.0,33.0,926.0,30.0,AWW,33.0,AWW,5106.0,4837.0,10505.0
427,Switzerland,2.0,4.0,0.08,0.04,45.32840932835738,7257.0,26.500000557156476,73.0,19.0,18.0,38.0,1177.0,19.0,AWW,26.500000557156476,HARISS,5130.0,4740.0,10643.0
428,Switzerland,2.0,4.0,0.08,0.04,45.04585915934355,21724.0,33.5000005580192,2224.0,29.0,649.0,30.0,917.0,29.0,AWW,30.0,AWW,5099.0,4961.0,10691.0
429,Switzerland,2.0,4.0,0.08,0.04,27.5020735843681,68.0,40.50000029436018,1847.0,33.0,259.0,34.0,326.0,27.5020735843681,ICU,27.5020735843681,ICU,5040.0,4690.0,10527.0
430,Switzerland,2.0,4.0,0.08,0.04,42.53407913654966,5118.0,40.500000201458676,3010.0,21.0,13.0,34.0,664.0,21.0,AWW,34.0,AWW,5090.0,4890.0,10496.0
431,Switzerland,2.0,4.0,0.08,0.04,40.516130020400375,4275.0,40.50000049558723,4255.0,26.0,74.0,35.0,1037.0,26.0,AWW,35.0,AWW,5143.0,4723.0,10719.0
432,Switzerland,2.0,4.0,0.08,0.04,29.176106311903375,346.0,36.50000006229987,2281.0,28.0,239.0,32.0,759.0,28.0,AWW,29.176106311903375,ICU,4974.0,4677.0,10892.0
433,Switzerland,2.0,4.0,0.08,0.04,26.203607920766245,23.0,43.50000055353068,3697.0,20.0,8.0,21.0,9.0,20.0,AWW,21.0,AWW,5138.0,4933.0,10633.0
434,Switzerland,2.0,4.0,0.08,0.04,33.30309911169476,518.0,36.500000435088936,1318.0,32.0,321.0,33.0,470.0,32.0,AWW,33.0,AWW,5122.0,4863.0,10548.0
435,Switzerland,2.0,4.0,0.08,0.04,51.24774777240004,53923.0,36.50000010223086,1827.0,31.0,382.0,38.0,2767.0,31.0,AWW,36.50000010223086,HARISS,5138.0,4766.0,10600.0
436,Switzerland,2.0,4.0,0.08,0.04,50.34977970126733,25040.0,29.500000570226764,82.0,31.0,138.0,32.0,183.0,29.500000570226764,HARISS,29.500000570226764,HARISS,5141.0,4728.0,10556.0
437,Switzerland,2.0,4.0,0.08,0.04,28.087431982573694,1744.0,29.50000013739217,2270.0,25.0,751.0,25.0,751.0,25.0,AWW,25.0,AWW,5127.0,4685.0,10668.0
438,Switzerland,2.0,4.0,0.08,0.04,45.45999916614406,34454.0,29.500000536719078,835.0,35.0,3046.0,36.0,3868.0,29.500000536719078,HARISS,29.500000536719078,HARISS,5005.0,4862.0,10728.0
439,Switzerland,2.0,4.0,0.08,0.04,46.0965229147294,12716.0,29.500000563636284,180.0,27.0,104.0,34.0,676.0,27.0,AWW,29.500000563636284,HARISS,5028.0,4722.0,10606.0
440,Switzerland,2.0,4.0,0.08,0.04,47.264741076107924,7796.0,43.50000095549493,3146.0,28.0,55.0,33.0,196.0,28.0,AWW,33.0,AWW,5036.0,4725.0,10703.0
441,Switzerland,2.0,4.0,0.08,0.04,33.33845611801414,1632.0,19.50000091795251,69.0,32.0,1158.0,33.0,1482.0,19.50000091795251,HARISS,19.50000091795251,HARISS,4940.0,4843.0,10697.0
442,Switzerland,2.0,4.0,0.08,0.04,36.9074051989632,3467.0,29.500000570419346,517.0,23.0,107.0,35.0,2237.0,23.0,AWW,29.500000570419346,HARISS,5129.0,4850.0,10576.0
443,Switzerland,2.0,4.0,0.08,0.04,48.70817251646812,21562.0,40.500000671847204,3303.0,16.0,3.0,32.0,392.0,16.0,AWW,32.0,AWW,5172.0,4757.0,10854.0
444,Switzerland,2.0,4.0,0.08,0.04,37.1993735751357,3068.0,29.50000087666804,686.0,18.0,8.0,24.0,161.0,18.0,AWW,24.0,AWW,5109.0,4795.0,10730.0
445,Switzerland,2.0,4.0,0.08,0.04,50.940075346107726,16246.0,40.50000004413124,866.0,25.0,5.0,33.0,97.0,25.0,AWW,33.0,AWW,5245.0,4717.0,10687.0
446,Switzerland,2.0,4.0,0.08,0.04,40.9346501630218,4324.0,33.50000092071031,723.0,23.0,41.0,39.0,2700.0,23.0,AWW,33.50000092071031,HARISS,5006.0,4789.0,10579.0
447,Switzerland,2.0,4.0,0.08,0.04,39.89846495574407,6492.0,40.50000057237309,7423.0,27.0,322.0,35.0,2171.0,27.0,AWW,35.0,AWW,5115.0,4777.0,10559.0
448,Switzerland,2.0,4.0,0.08,0.04,40.697529938928014,8083.0,29.500000119677058,652.0,31.0,957.0,41.0,8596.0,29.500000119677058,HARISS,29.500000119677058,HARISS,5212.0,4745.0,10804.0
449,Switzerland,2.0,4.0,0.08,0.04,35.04257409484835,518.0,33.50000006492141,378.0,17.0,21.0,39.0,1389.0,17.0,AWW,33.50000006492141,HARISS,5136.0,4680.0,10609.0
450,Switzerland,2.0,4.0,0.08,0.04,48.93869907380234,20958.0,40.50000014049531,2179.0,9.0,6.0,30.0,96.0,9.0,AWW,30.0,AWW,5123.0,4698.0,10753.0
451,Switzerland,2.0,4.0,0.08,0.04,35.434022554292255,2579.0,33.500000003385566,1588.0,30.0,688.0,35.0,2338.0,30.0,AWW,33.500000003385566,HARISS,5093.0,4855.0,10529.0
452,Switzerland,2.0,4.0,0.08,0.04,52.02657375293616,38722.0,40.50000052662527,2816.0,27.0,73.0,28.0,94.0,27.0,AWW,28.0,AWW,5172.0,4760.0,10774.0
453,Switzerland,2.0,4.0,0.08,0.04,38.91850027179804,3054.0,40.50000050067871,4407.0,26.0,66.0,27.0,78.0,26.0,AWW,27.0,AWW,5021.0,4782.0,10638.0
454,Switzerland,2.0,4.0,0.08,0.04,31.746030452510567,382.0,43.50000025122283,5965.0,32.0,411.0,38.0,1559.0,31.746030452510567,ICU,31.746030452510567,ICU,5075.0,4846.0,10510.0
455,Switzerland,2.0,4.0,0.08,0.04,48.63052827459357,18952.0,40.50000075302501,2080.0,24.0,16.0,39.0,1343.0,24.0,AWW,39.0,AWW,5162.0,4669.0,10827.0
456,Switzerland,2.0,4.0,0.08,0.04,47.03603626653244,21790.0,40.50000091098552,4817.0,29.0,102.0,37.0,1578.0,29.0,AWW,37.0,AWW,5091.0,4900.0,10554.0
457,Switzerland,2.0,4.0,0.08,0.04,48.43709608620423,9491.0,40.50000001199871,1141.0,17.0,2.0,38.0,512.0,17.0,AWW,38.0,AWW,5159.0,4784.0,10743.0
458,Switzerland,2.0,4.0,0.08,0.04,40.11910523834844,2945.0,36.50000037717399,1098.0,31.0,212.0,22.0,6.0,31.0,AWW,22.0,AWW,4972.0,4903.0,10822.0
459,Switzerland,2.0,4.0,0.08,0.04,32.73530613268548,2860.0,26.500000940130985,955.0,20.0,138.0,29.0,1526.0,20.0,AWW,26.500000940130985,HARISS,5133.0,4763.0,10645.0
460,Switzerland,2.0,4.0,0.08,0.04,37.18366415471333,1377.0,40.500000753239924,3237.0,38.0,1675.0,41.0,3681.0,37.18366415471333,ICU,37.18366415471333,ICU,4999.0,4920.0,10703.0
461,Switzerland,2.0,4.0,0.08,0.04,51.4731736732675,24680.0,36.500000135363315,528.0,22.0,5.0,32.0,171.0,22.0,AWW,32.0,AWW,5121.0,4815.0,10776.0
462,Switzerland,2.0,4.0,0.08,0.04,44.62743960904375,14749.0,40.50000015368007,5780.0,26.0,71.0,32.0,501.0,26.0,AWW,32.0,AWW,5003.0,4792.0,10856.0
463,Switzerland,2.0,4.0,0.08,0.04,38.37590833049738,1075.0,36.500000290066914,642.0,28.0,76.0,29.0,96.0,28.0,AWW,29.0,AWW,5168.0,4826.0,10576.0
464,Switzerland,2.0,4.0,0.08,0.04,48.279200112210965,15823.0,43.50000057512468,4958.0,31.0,237.0,24.0,37.0,31.0,AWW,24.0,AWW,5057.0,4958.0,10637.0
465,Switzerland,2.0,4.0,0.08,0.04,40.10635882859008,14131.0,33.500000257664084,3181.0,19.0,32.0,30.0,1368.0,19.0,AWW,30.0,AWW,5217.0,4840.0,10813.0
466,Switzerland,2.0,4.0,0.08,0.04,36.59112825003816,1342.0,33.50000034435125,569.0,28.0,105.0,38.0,1989.0,28.0,AWW,33.50000034435125,HARISS,5056.0,4729.0,10560.0
467,Switzerland,2.0,4.0,0.08,0.04,46.03276149049592,15068.0,33.500000461763136,925.0,13.0,1.0,14.0,5.0,13.0,AWW,14.0,AWW,5058.0,4821.0,10618.0
468,Switzerland,2.0,4.0,0.08,0.04,54.41924521429663,73808.0,40.5000008643523,2161.0,24.0,8.0,38.0,1157.0,24.0,AWW,38.0,AWW,5072.0,4878.0,10856.0
469,Switzerland,2.0,4.0,0.08,0.04,46.28192503122819,10509.0,29.500000615642936,107.0,29.0,94.0,34.0,419.0,29.0,AWW,29.500000615642936,HARISS,5167.0,4878.0,10839.0
470,Switzerland,2.0,4.0,0.08,0.04,15.422784951304187,29.0,29.500000750581897,566.0,26.0,272.0,38.0,4657.0,15.422784951304187,ICU,15.422784951304187,ICU,5098.0,4721.0,10770.0
471,Switzerland,2.0,4.0,0.08,0.04,51.36657993018533,20274.0,47.50000014069907,7804.0,21.0,1.0,32.0,65.0,21.0,AWW,32.0,AWW,5218.0,4820.0,10580.0
472,Switzerland,2.0,4.0,0.08,0.04,45.77755698470723,16197.0,33.500000195762944,755.0,6.0,2.0,35.0,1192.0,6.0,AWW,33.500000195762944,HARISS,5011.0,4798.0,10670.0
473,Switzerland,2.0,4.0,0.08,0.04,41.51050012678066,4177.0,40.500000045955275,3251.0,15.0,1.0,32.0,418.0,15.0,AWW,32.0,AWW,5151.0,4642.0,10763.0
474,Switzerland,2.0,4.0,0.08,0.04,29.574336266094466,1274.0,26.500000024645452,651.0,15.0,39.0,37.0,7318.0,15.0,AWW,26.500000024645452,HARISS,5121.0,4882.0,10692.0
475,Switzerland,2.0,4.0,0.08,0.04,43.87258077442892,10394.0,29.50000002787636,530.0,18.0,34.0,38.0,3192.0,18.0,AWW,29.50000002787636,HARISS,5102.0,4743.0,10566.0
476,Switzerland,2.0,4.0,0.08,0.04,55.86438452025144,113762.0,40.50000071650004,4098.0,29.0,226.0,30.0,294.0,29.0,AWW,30.0,AWW,5186.0,4740.0,10746.0
477,Switzerland,2.0,4.0,0.08,0.04,55.93211287767379,121967.0,40.50000037108463,3462.0,23.0,22.0,35.0,717.0,23.0,AWW,35.0,AWW,5105.0,4759.0,10738.0
478,Switzerland,2.0,4.0,0.08,0.04,40.48061472033183,6634.0,40.50000036635915,6677.0,23.0,47.0,32.0,598.0,23.0,AWW,32.0,AWW,5081.0,4720.0,10846.0
479,Switzerland,2.0,4.0,0.08,0.04,20.06327233371467,1.0,43.50000033333568,5481.0,20.0,1.0,20.0,1.0,20.0,AWW,20.0,AWW,4972.0,4874.0,10771.0
480,Switzerland,2.0,4.0,0.08,0.04,56.69516045011785,74023.0,33.50000007620372,146.0,28.0,23.0,34.0,177.0,28.0,AWW,33.50000007620372,HARISS,5100.0,4759.0,10865.0
481,Switzerland,2.0,4.0,0.08,0.04,15.742709097134945,0.0,29.5000002035076,800.0,31.0,1076.0,32.0,1330.0,15.742709097134945,ICU,15.742709097134945,ICU,5012.0,4887.0,10647.0
482,Switzerland,2.0,4.0,0.08,0.04,48.7803242517757,17768.0,40.50000001684767,1916.0,21.0,1.0,38.0,968.0,21.0,AWW,38.0,AWW,5093.0,4832.0,10891.0
483,Switzerland,2.0,4.0,0.08,0.04,40.33924861092803,2289.0,43.50000068259965,5487.0,22.0,11.0,38.0,1174.0,22.0,AWW,38.0,AWW,5148.0,4702.0,10613.0
484,Switzerland,2.0,4.0,0.08,0.04,42.78635579618932,6468.0,36.5000009745674,1453.0,25.0,78.0,31.0,420.0,25.0,AWW,31.0,AWW,5152.0,4683.0,10570.0
485,Switzerland,2.0,4.0,0.08,0.04,42.3557730192193,2783.0,43.500000954493025,3730.0,23.0,10.0,41.0,1964.0,23.0,AWW,41.0,AWW,5202.0,4653.0,10748.0
486,Switzerland,2.0,4.0,0.08,0.04,63.66614470552197,420341.0,40.500000307084214,2653.0,29.0,92.0,40.0,2326.0,29.0,AWW,40.0,AWW,5120.0,4760.0,10608.0
487,Switzerland,2.0,4.0,0.08,0.04,39.018076258271016,1824.0,40.500000248716965,2590.0,25.0,90.0,26.0,117.0,25.0,AWW,26.0,AWW,5034.0,4700.0,10739.0
488,Switzerland,2.0,4.0,0.08,0.04,51.304671533591375,18285.0,12.500000567657132,4.0,35.0,125.0,39.0,434.0,12.500000567657132,HARISS,12.500000567657132,HARISS,5054.0,4936.0,10647.0
489,Switzerland,2.0,4.0,0.08,0.04,39.972120881262576,24814.0,33.500000825863374,6791.0,23.0,429.0,42.0,38480.0,23.0,AWW,33.500000825863374,HARISS,5074.0,4830.0,10785.0
490,Switzerland,2.0,4.0,0.08,0.04,41.25899478278917,6778.0,36.50000085058058,1785.0,29.0,178.0,43.0,10631.0,29.0,AWW,36.50000085058058,HARISS,5201.0,4688.0,10590.0
491,Switzerland,2.0,4.0,0.08,0.04,48.78349727008564,48544.0,26.50000096077237,597.0,30.0,1399.0,33.0,2694.0,26.50000096077237,HARISS,26.50000096077237,HARISS,5064.0,4769.0,10667.0
492,Switzerland,2.0,4.0,0.08,0.04,25.109164812040767,369.0,33.500000548061585,4018.0,6.0,2.0,39.0,15055.0,6.0,AWW,25.109164812040767,ICU,5218.0,4858.0,10632.0
493,Switzerland,2.0,4.0,0.08,0.04,41.102388904075795,2511.0,29.500000476873392,111.0,28.0,77.0,7.0,0.0,28.0,AWW,7.0,AWW,5108.0,4942.0,10706.0
494,Switzerland,2.0,4.0,0.08,0.04,43.97196600309877,6986.0,36.500000316864956,1065.0,28.0,63.0,35.0,704.0,28.0,AWW,35.0,AWW,5048.0,4747.0,10724.0
495,Switzerland,2.0,4.0,0.08,0.04,44.07288220816832,5721.0,40.50000052227625,2425.0,19.0,8.0,37.0,1007.0,19.0,AWW,37.0,AWW,5102.0,4770.0,10547.0
496,Switzerland,2.0,4.0,0.08,0.04,21.41396973045554,478.0,33.500000471059344,4116.0,15.0,78.0,16.0,101.0,15.0,AWW,16.0,AWW,5211.0,4639.0,10714.0
497,Switzerland,2.0,4.0,0.08,0.04,40.51296736744147,2678.0,33.50000018213878,439.0,33.0,383.0,36.0,899.0,33.0,AWW,33.50000018213878,HARISS,5106.0,4813.0,10623.0
498,Switzerland,2.0,4.0,0.08,0.04,28.455705146027825,99.0,40.50000095529581,3570.0,29.0,115.0,37.0,1451.0,28.455705146027825,ICU,28.455705146027825,ICU,5068.0,4846.0,10647.0
499,Switzerland,2.0,4.0,0.08,0.04,41.75903583423078,10138.0,40.5000005559171,7526.0,23.0,106.0,35.0,1901.0,23.0,AWW,35.0,AWW,5070.0,4853.0,10734.0
500,Switzerland,2.0,4.0,0.08,0.04,39.52938803838612,2551.0,40.5000008608263,3116.0,22.0,3.0,27.0,41.0,22.0,AWW,27.0,AWW,5133.0,4750.0,10624.0
501,Switzerland,2.0,4.0,0.08,0.04,51.15701361475193,43021.0,36.50000057298371,1592.0,27.0,120.0,32.0,494.0,27.0,AWW,32.0,AWW,5082.0,4732.0,10664.0
502,Switzerland,2.0,4.0,0.08,0.04,21.64663463222424,6.0,40.50000063677004,885.0,33.0,81.0,38.0,416.0,21.64663463222424,ICU,21.64663463222424,ICU,5111.0,4775.0,10634.0
503,Switzerland,2.0,4.0,0.08,0.04,26.805428050397502,61.0,40.500000363489356,2357.0,10.0,0.0,23.0,46.0,10.0,AWW,23.0,AWW,5152.0,4707.0,10694.0
504,Switzerland,2.0,4.0,0.08,0.04,30.763770783856362,1382.0,33.500000472136115,2531.0,25.0,448.0,26.0,522.0,25.0,AWW,26.0,AWW,5097.0,4655.0,10826.0
505,Switzerland,2.0,4.0,0.08,0.04,41.688836105866145,7421.0,36.50000035937538,2528.0,27.0,314.0,28.0,393.0,27.0,AWW,28.0,AWW,4942.0,4724.0,10738.0
506,Switzerland,2.0,4.0,0.08,0.04,42.779346460451286,3175.0,29.500000137367888,80.0,22.0,3.0,39.0,1263.0,22.0,AWW,29.500000137367888,HARISS,5190.0,4773.0,10682.0
507,Switzerland,2.0,4.0,0.08,0.04,46.459546030626555,17585.0,26.50000096179334,210.0,5.0,0.0,25.0,166.0,5.0,AWW,25.0,AWW,5228.0,4769.0,10655.0
508,Switzerland,2.0,4.0,0.08,0.04,40.660742645620935,4122.0,29.500000737675617,296.0,33.0,627.0,34.0,775.0,29.500000737675617,HARISS,29.500000737675617,HARISS,5089.0,4860.0,10527.0
509,Switzerland,2.0,4.0,0.08,0.04,52.426632497288615,64980.0,40.50000069627325,4189.0,11.0,2.0,41.0,4615.0,11.0,AWW,40.50000069627325,HARISS,5176.0,4961.0,10645.0
510,Switzerland,2.0,4.0,0.08,0.04,61.78844200119188,351774.0,40.500000062326635,2211.0,28.0,52.0,38.0,1068.0,28.0,AWW,38.0,AWW,5111.0,4822.0,10863.0
511,Switzerland,2.0,4.0,0.08,0.04,30.149407774061654,715.0,40.5000001174752,8003.0,18.0,12.0,18.0,12.0,18.0,AWW,18.0,AWW,5134.0,4691.0,10719.0
512,Switzerland,2.0,4.0,0.08,0.04,38.049790547216446,6275.0,29.500000495595813,915.0,28.0,664.0,29.0,824.0,28.0,AWW,29.0,AWW,5063.0,4964.0,10602.0
513,Switzerland,2.0,4.0,0.08,0.04,8.380883256341598,170.0,19.500000338470763,4466.0,10.0,354.0,29.0,31086.0,8.380883256341598,ICU,8.380883256341598,ICU,5103.0,4721.0,10724.0
514,Switzerland,2.0,4.0,0.08,0.04,42.98153750430596,9412.0,36.50000089302119,2505.0,31.0,603.0,32.0,819.0,31.0,AWW,32.0,AWW,5115.0,4724.0,10747.0
515,Switzerland,2.0,4.0,0.08,0.04,49.14658362403769,18996.0,33.500000652130474,291.0,23.0,13.0,33.0,261.0,23.0,AWW,33.0,AWW,5133.0,4818.0,10570.0
516,Switzerland,2.0,4.0,0.08,0.04,44.55149753451008,12118.0,36.50000066655744,1450.0,15.0,3.0,36.0,1286.0,15.0,AWW,36.0,AWW,4993.0,4864.0,10703.0
517,Switzerland,2.0,4.0,0.08,0.04,36.16747695019085,638.0,43.50000088695052,3954.0,21.0,4.0,34.0,348.0,21.0,AWW,34.0,AWW,5107.0,4731.0,10686.0
518,Switzerland,2.0,4.0,0.08,0.04,24.279202143808497,2759.0,26.50000089796915,4517.0,10.0,61.0,30.0,9958.0,10.0,AWW,24.279202143808497,ICU,5092.0,4904.0,10589.0
519,Switzerland,2.0,4.0,0.08,0.04,34.512475819237515,3738.0,33.50000021522789,3008.0,30.0,1385.0,36.0,5280.0,30.0,AWW,33.50000021522789,HARISS,5128.0,4885.0,10633.0
520,Switzerland,2.0,4.0,0.08,0.04,39.22407187118846,931.0,29.500000145314758,93.0,32.0,169.0,39.0,886.0,29.500000145314758,HARISS,29.500000145314758,HARISS,5128.0,4826.0,10533.0
521,Switzerland,2.0,4.0,0.08,0.04,44.334262034573776,5072.0,36.50000013110086,688.0,22.0,12.0,26.0,34.0,22.0,AWW,26.0,AWW,5161.0,4859.0,10844.0
522,Switzerland,2.0,4.0,0.08,0.04,37.710094829019354,1651.0,40.50000066090097,3638.0,21.0,17.0,33.0,418.0,21.0,AWW,33.0,AWW,5050.0,4780.0,10598.0
523,Switzerland,2.0,4.0,0.08,0.04,29.48245989022567,678.0,33.50000022581537,1411.0,20.0,147.0,36.0,2592.0,20.0,AWW,29.48245989022567,ICU,5234.0,4775.0,10673.0
524,Switzerland,2.0,4.0,0.08,0.04,37.03234137119676,2736.0,33.50000007697801,1127.0,23.0,115.0,31.0,653.0,23.0,AWW,31.0,AWW,5220.0,4822.0,10534.0
525,Switzerland,2.0,4.0,0.08,0.04,45.349292431653176,13582.0,40.50000092241315,3945.0,33.0,727.0,37.0,1901.0,33.0,AWW,37.0,AWW,5180.0,4755.0,10539.0
526,Switzerland,2.0,4.0,0.08,0.04,46.61395468121878,14117.0,33.50000017849413,700.0,22.0,10.0,28.0,197.0,22.0,AWW,28.0,AWW,5075.0,4806.0,10593.0
527,Switzerland,2.0,4.0,0.08,0.04,36.036262872956726,1502.0,43.5000005349287,8320.0,30.0,326.0,33.0,752.0,30.0,AWW,33.0,AWW,5020.0,4848.0,10672.0
528,Switzerland,2.0,4.0,0.08,0.04,34.28538543532033,189.0,36.50000086209797,473.0,25.0,7.0,26.0,9.0,25.0,AWW,26.0,AWW,5120.0,4819.0,10565.0
529,Switzerland,2.0,4.0,0.08,0.04,34.028686077374914,1165.0,36.50000008734535,2065.0,21.0,26.0,32.0,678.0,21.0,AWW,32.0,AWW,4974.0,4697.0,10621.0
530,Switzerland,2.0,4.0,0.08,0.04,41.86853668119984,2388.0,33.50000024921596,363.0,20.0,8.0,20.0,8.0,20.0,AWW,20.0,AWW,5020.0,4820.0,10659.0
531,Switzerland,2.0,4.0,0.08,0.04,40.06308929560714,3493.0,43.50000050254867,7857.0,31.0,190.0,28.0,50.0,31.0,AWW,28.0,AWW,5084.0,4750.0,10599.0
532,Switzerland,2.0,4.0,0.08,0.04,40.843783118707265,8626.0,36.50000066519239,3061.0,29.0,283.0,35.0,1991.0,29.0,AWW,35.0,AWW,5198.0,4682.0,10669.0
533,Switzerland,2.0,4.0,0.08,0.04,55.07667431699989,110617.0,40.50000086168894,3999.0,30.0,80.0,40.0,3479.0,30.0,AWW,40.0,AWW,5184.0,4667.0,10568.0
534,Switzerland,2.0,4.0,0.08,0.04,36.88759626753807,1240.0,40.50000043347794,3765.0,29.0,174.0,40.0,3253.0,29.0,AWW,36.88759626753807,ICU,5132.0,4739.0,10596.0
535,Switzerland,2.0,4.0,0.08,0.04,34.14817091619378,1988.0,36.50000029743751,3420.0,29.0,580.0,30.0,733.0,29.0,AWW,30.0,AWW,5186.0,4637.0,10617.0
536,Switzerland,2.0,4.0,0.08,0.04,36.79872652299609,3559.0,29.500000009472117,652.0,26.0,280.0,32.0,1236.0,26.0,AWW,29.500000009472117,HARISS,5124.0,4797.0,10690.0
537,Switzerland,2.0,4.0,0.08,0.04,44.976815737941195,6634.0,33.50000062416566,345.0,23.0,12.0,37.0,994.0,23.0,AWW,33.50000062416566,HARISS,5064.0,4767.0,10680.0
538,Switzerland,2.0,4.0,0.08,0.04,31.998007225040006,214.0,29.500000255531546,107.0,18.0,0.0,38.0,1201.0,18.0,AWW,29.500000255531546,HARISS,5181.0,4680.0,10703.0
539,Switzerland,2.0,4.0,0.08,0.04,45.23162779215144,15243.0,33.50000033448403,617.0,22.0,20.0,34.0,698.0,22.0,AWW,33.50000033448403,HARISS,5070.0,4684.0,10639.0
540,Switzerland,2.0,4.0,0.08,0.04,36.21470927210635,907.0,36.50000016936021,976.0,18.0,8.0,29.0,217.0,18.0,AWW,29.0,AWW,5272.0,4855.0,10574.0
541,Switzerland,2.0,4.0,0.08,0.04,51.15603082262047,39954.0,29.50000074510206,132.0,33.0,318.0,34.0,418.0,29.50000074510206,HARISS,29.50000074510206,HARISS,5133.0,4758.0,10749.0
542,Switzerland,2.0,4.0,0.08,0.04,37.06078896850579,1398.0,29.500000402718488,132.0,29.0,109.0,32.0,332.0,29.0,AWW,29.500000402718488,HARISS,5032.0,4762.0,10576.0
543,Switzerland,2.0,4.0,0.08,0.04,47.57040832937889,11755.0,36.50000032650917,750.0,31.0,118.0,41.0,2372.0,31.0,AWW,36.50000032650917,HARISS,5167.0,4811.0,10607.0
544,Switzerland,2.0,4.0,0.08,0.04,43.0903041162214,6729.0,40.50000050263576,3853.0,28.0,122.0,36.0,1383.0,28.0,AWW,36.0,AWW,5053.0,4772.0,10811.0
545,Switzerland,2.0,4.0,0.08,0.04,48.32877171675193,48997.0,40.500000113748605,8545.0,33.0,842.0,34.0,1221.0,33.0,AWW,34.0,AWW,4987.0,4808.0,10635.0
546,Switzerland,2.0,4.0,0.08,0.04,40.81465319165569,2738.0,36.50000091918792,1093.0,20.0,4.0,20.0,4.0,20.0,AWW,20.0,AWW,5262.0,4819.0,10743.0
547,Switzerland,2.0,4.0,0.08,0.04,57.344849187235766,109254.0,40.500000821373696,2266.0,24.0,45.0,32.0,332.0,24.0,AWW,32.0,AWW,5044.0,4763.0,10672.0
548,Switzerland,2.0,4.0,0.08,0.04,57.703560531886176,184801.0,22.500000833883483,11.0,11.0,0.0,36.0,837.0,11.0,AWW,22.500000833883483,HARISS,5122.0,4829.0,10705.0
549,Switzerland,2.0,4.0,0.08,0.04,59.97052137967341,159651.0,36.50000098107268,879.0,5.0,0.0,20.0,7.0,5.0,AWW,20.0,AWW,4941.0,4818.0,10741.0
550,Switzerland,2.0,4.0,0.08,0.04,43.1013871758838,4624.0,43.50000036068226,5131.0,29.0,141.0,34.0,459.0,29.0,AWW,34.0,AWW,5183.0,4760.0,10569.0
551,Switzerland,2.0,4.0,0.08,0.04,43.776995543403544,9861.0,36.500000119937816,1439.0,34.0,648.0,39.0,2919.0,34.0,AWW,36.500000119937816,HARISS,5153.0,4735.0,10682.0
552,Switzerland,2.0,4.0,0.08,0.04,35.09731157240328,679.0,26.500000309710384,57.0,23.0,10.0,33.0,384.0,23.0,AWW,26.500000309710384,HARISS,5134.0,4854.0,10546.0
553,Switzerland,2.0,4.0,0.08,0.04,38.14324137076938,1383.0,33.500000721291315,376.0,31.0,181.0,32.0,252.0,31.0,AWW,32.0,AWW,5032.0,4774.0,10601.0
554,Switzerland,2.0,4.0,0.08,0.04,17.463715944878246,143.0,33.50000095091314,1056.0,20.0,165.0,37.0,2201.0,17.463715944878246,ICU,17.463715944878246,ICU,5179.0,4855.0,10711.0
555,Switzerland,2.0,4.0,0.08,0.04,38.61533621280211,2026.0,36.50000064513474,951.0,25.0,15.0,33.0,296.0,25.0,AWW,33.0,AWW,5058.0,4697.0,10539.0
556,Switzerland,2.0,4.0,0.08,0.04,43.30366530016356,6878.0,36.5000004802766,1567.0,31.0,459.0,41.0,4119.0,31.0,AWW,36.5000004802766,HARISS,5032.0,4783.0,10774.0
557,Switzerland,2.0,4.0,0.08,0.04,38.51772444733295,1819.0,40.50000051322765,3158.0,27.0,66.0,28.0,97.0,27.0,AWW,28.0,AWW,5003.0,4871.0,10814.0
558,Switzerland,2.0,4.0,0.08,0.04,54.337387117132735,161382.0,36.50000088189295,3387.0,33.0,1382.0,39.0,5746.0,33.0,AWW,36.50000088189295,HARISS,5123.0,4837.0,10703.0
559,Switzerland,2.0,4.0,0.08,0.04,48.73309241156951,25500.0,43.50000046497109,7080.0,16.0,5.0,32.0,288.0,16.0,AWW,32.0,AWW,5073.0,4803.0,10592.0
560,Switzerland,2.0,4.0,0.08,0.04,43.851023313818935,7535.0,36.500000453165306,1226.0,23.0,78.0,26.0,121.0,23.0,AWW,26.0,AWW,5142.0,4809.0,10723.0
561,Switzerland,2.0,4.0,0.08,0.04,40.895866914387874,3044.0,43.50000075673647,5614.0,26.0,45.0,41.0,3123.0,26.0,AWW,40.895866914387874,ICU,5104.0,4790.0,10481.0
562,Switzerland,2.0,4.0,0.08,0.04,28.391156620338332,1175.0,26.50000009712121,583.0,22.0,73.0,31.0,2937.0,22.0,AWW,26.50000009712121,HARISS,5154.0,4865.0,10730.0
563,Switzerland,2.0,4.0,0.08,0.04,41.04380496219677,5610.0,36.50000058602257,1957.0,24.0,12.0,35.0,1340.0,24.0,AWW,35.0,AWW,5157.0,4824.0,10698.0
564,Switzerland,2.0,4.0,0.08,0.04,48.732266779755406,27197.0,33.50000022952902,629.0,23.0,9.0,37.0,1694.0,23.0,AWW,33.50000022952902,HARISS,5176.0,4762.0,10590.0
565,Switzerland,2.0,4.0,0.08,0.04,50.55220399416718,47830.0,36.50000095351792,1722.0,29.0,112.0,32.0,408.0,29.0,AWW,32.0,AWW,5187.0,4873.0,10582.0
566,Switzerland,2.0,4.0,0.08,0.04,50.23447992783357,18618.0,43.50000011252508,3750.0,27.0,79.0,32.0,192.0,27.0,AWW,32.0,AWW,5256.0,4817.0,10509.0
567,Switzerland,2.0,4.0,0.08,0.04,40.92894736096903,3168.0,36.50000087313669,1028.0,27.0,74.0,36.0,906.0,27.0,AWW,36.0,AWW,5076.0,4737.0,10525.0
568,Switzerland,2.0,4.0,0.08,0.04,40.48037727672381,2517.0,33.50000002162698,404.0,19.0,16.0,39.0,1668.0,19.0,AWW,33.50000002162698,HARISS,5198.0,4647.0,10695.0
569,Switzerland,2.0,4.0,0.08,0.04,34.094936899321326,569.0,33.50000023394098,488.0,27.0,103.0,28.0,133.0,27.0,AWW,28.0,AWW,5138.0,4738.0,10582.0
570,Switzerland,2.0,4.0,0.08,0.04,36.687901136947126,788.0,40.50000054707007,2009.0,37.0,853.0,38.0,1066.0,36.687901136947126,ICU,36.687901136947126,ICU,5144.0,4775.0,10846.0
571,Switzerland,2.0,4.0,0.08,0.04,35.00893482264487,793.0,40.50000089517055,3052.0,28.0,145.0,39.0,2135.0,28.0,AWW,35.00893482264487,ICU,4964.0,4721.0,10588.0
572,Switzerland,2.0,4.0,0.08,0.04,53.1525118534213,44811.0,36.50000086395574,682.0,20.0,8.0,38.0,982.0,20.0,AWW,36.50000086395574,HARISS,5139.0,4666.0,10753.0
573,Switzerland,2.0,4.0,0.08,0.04,38.12962869573546,2361.0,12.500000393426337,3.0,31.0,370.0,32.0,484.0,12.500000393426337,HARISS,12.500000393426337,HARISS,5076.0,4842.0,10565.0
574,Switzerland,2.0,4.0,0.08,0.04,29.735870616144275,108.0,43.500000273408,3533.0,22.0,8.0,35.0,472.0,22.0,AWW,29.735870616144275,ICU,5080.0,4891.0,10500.0
575,Switzerland,2.0,4.0,0.08,0.04,44.814311540216984,11770.0,29.50000046326166,142.0,19.0,1.0,37.0,1348.0,19.0,AWW,29.50000046326166,HARISS,5143.0,4801.0,10633.0
576,Switzerland,2.0,4.0,0.08,0.04,20.934935505018856,429.0,22.50000065680668,572.0,17.0,254.0,38.0,21421.0,17.0,AWW,20.934935505018856,ICU,5133.0,4722.0,10770.0
577,Switzerland,2.0,4.0,0.08,0.04,29.148659222270016,825.0,29.50000082372353,903.0,15.0,4.0,21.0,51.0,15.0,AWW,21.0,AWW,5016.0,4868.0,10626.0
578,Switzerland,2.0,4.0,0.08,0.04,36.96936812358855,4010.0,29.500000421287375,764.0,28.0,508.0,33.0,1731.0,28.0,AWW,29.500000421287375,HARISS,5116.0,4756.0,10662.0
579,Switzerland,2.0,4.0,0.08,0.04,48.96830351214232,24009.0,33.500000867255245,431.0,23.0,21.0,35.0,636.0,23.0,AWW,33.500000867255245,HARISS,5049.0,4810.0,10593.0
580,Switzerland,2.0,4.0,0.08,0.04,24.945189704857206,355.0,29.50000041139041,748.0,29.0,705.0,34.0,1366.0,24.945189704857206,ICU,24.945189704857206,ICU,5052.0,4738.0,10784.0
581,Switzerland,2.0,4.0,0.08,0.04,43.050583243737385,14916.0,29.500000451157373,408.0,24.0,59.0,24.0,59.0,24.0,AWW,24.0,AWW,5266.0,4733.0,10657.0
582,Switzerland,2.0,4.0,0.08,0.04,18.195104818860273,362.0,19.50000069743918,542.0,19.0,460.0,23.0,1340.0,18.195104818860273,ICU,18.195104818860273,ICU,5092.0,4755.0,10700.0
583,Switzerland,2.0,4.0,0.08,0.04,56.64432111827714,127215.0,33.50000019949204,491.0,34.0,545.0,41.0,3266.0,33.50000019949204,HARISS,33.50000019949204,HARISS,5090.0,4753.0,10773.0
584,Switzerland,2.0,4.0,0.08,0.04,42.49468866105158,8397.0,40.5000004965419,5114.0,17.0,29.0,35.0,1386.0,17.0,AWW,35.0,AWW,5177.0,4869.0,10648.0
585,Switzerland,2.0,4.0,0.08,0.04,64.85229035794919,365967.0,33.50000049493471,981.0,28.0,195.0,29.0,283.0,28.0,AWW,29.0,AWW,5172.0,4808.0,10711.0
586,Switzerland,2.0,4.0,0.08,0.04,29.98281737807309,912.0,33.5000008539907,2126.0,29.0,734.0,37.0,4715.0,29.0,AWW,29.98281737807309,ICU,5139.0,4832.0,10704.0
587,Switzerland,2.0,4.0,0.08,0.04,40.78792543633658,6777.0,36.500000656309915,2638.0,25.0,80.0,35.0,1828.0,25.0,AWW,35.0,AWW,5032.0,4766.0,10526.0
588,Switzerland,2.0,4.0,0.08,0.04,56.72649443700151,69370.0,40.50000049410967,1131.0,18.0,0.0,31.0,84.0,18.0,AWW,31.0,AWW,4993.0,4877.0,10666.0
589,Switzerland,2.0,4.0,0.08,0.04,26.595082457025544,2474.0,29.500000315691757,3686.0,15.0,30.0,21.0,583.0,15.0,AWW,21.0,AWW,5008.0,4809.0,10603.0
590,Switzerland,2.0,4.0,0.08,0.04,30.325029048946615,223.0,33.5000009973338,509.0,25.0,51.0,29.0,162.0,25.0,AWW,29.0,AWW,5155.0,4786.0,10471.0
591,Switzerland,2.0,4.0,0.08,0.04,49.20097476001312,20621.0,40.50000047822342,2193.0,28.0,78.0,32.0,212.0,28.0,AWW,32.0,AWW,5230.0,4786.0,10640.0
592,Switzerland,2.0,4.0,0.08,0.04,49.95978003633994,26507.0,33.50000034549391,399.0,23.0,13.0,36.0,789.0,23.0,AWW,33.50000034549391,HARISS,5132.0,4850.0,10648.0
593,Switzerland,2.0,4.0,0.08,0.04,50.651388872664015,25962.0,36.50000082575338,790.0,11.0,0.0,36.0,691.0,11.0,AWW,36.0,AWW,5081.0,4987.0,10827.0
594,Switzerland,2.0,4.0,0.08,0.04,52.13487560794344,35550.0,43.50000052867142,5427.0,13.0,0.0,34.0,522.0,13.0,AWW,34.0,AWW,5080.0,4714.0,10518.0
595,Switzerland,2.0,4.0,0.08,0.04,53.017419834901936,57813.0,29.500000855502815,192.0,28.0,149.0,32.0,372.0,28.0,AWW,29.500000855502815,HARISS,5140.0,4849.0,10608.0
596,Switzerland,2.0,4.0,0.08,0.04,38.40028427754736,5859.0,36.5000002802227,3650.0,25.0,209.0,32.0,1238.0,25.0,AWW,32.0,AWW,5116.0,4739.0,10540.0
597,Switzerland,2.0,4.0,0.08,0.04,60.29060612608795,236177.0,40.50000056653821,2487.0,11.0,0.0,31.0,269.0,11.0,AWW,31.0,AWW,5086.0,4761.0,10568.0
598,Switzerland,2.0,4.0,0.08,0.04,59.3769904094091,241130.0,40.50000011915909,4074.0,27.0,55.0,31.0,255.0,27.0,AWW,31.0,AWW,5256.0,4696.0,10632.0
599,Switzerland,2.0,4.0,0.08,0.04,41.97538599334415,2831.0,36.50000011231211,744.0,22.0,37.0,23.0,48.0,22.0,AWW,23.0,AWW,5175.0,4848.0,10886.0
600,Switzerland,2.0,4.0,0.08,0.04,29.0337933704876,691.0,33.50000044909434,2356.0,21.0,32.0,38.0,6219.0,21.0,AWW,29.0337933704876,ICU,5051.0,4732.0,10781.0
601,Switzerland,2.0,4.0,0.08,0.04,36.292687195172306,2456.0,33.50000001521954,1314.0,23.0,113.0,32.0,999.0,23.0,AWW,32.0,AWW,5121.0,4600.0,10454.0
602,Switzerland,2.0,4.0,0.08,0.04,28.444026255030945,117.0,29.500000129652456,145.0,21.0,23.0,22.0,29.0,21.0,AWW,22.0,AWW,5098.0,4819.0,10703.0
603,Switzerland,2.0,4.0,0.08,0.04,40.94646019873404,2923.0,36.5000002290429,935.0,28.0,93.0,31.0,220.0,28.0,AWW,31.0,AWW,5226.0,4932.0,10625.0
604,Switzerland,2.0,4.0,0.08,0.04,25.089456935721742,208.0,29.50000052904072,775.0,28.0,509.0,37.0,4986.0,25.089456935721742,ICU,25.089456935721742,ICU,5088.0,4800.0,10568.0
605,Switzerland,2.0,4.0,0.08,0.04,42.270175162242765,5098.0,33.50000041104021,806.0,14.0,8.0,15.0,9.0,14.0,AWW,15.0,AWW,5148.0,4748.0,10786.0
606,Switzerland,2.0,4.0,0.08,0.04,44.31587622152398,6970.0,43.500000334893585,5632.0,21.0,62.0,33.0,271.0,21.0,AWW,33.0,AWW,5105.0,4921.0,10824.0
607,Switzerland,2.0,4.0,0.08,0.04,19.946694637029427,876.0,19.500000622080215,757.0,26.0,4431.0,32.0,15363.0,19.500000622080215,HARISS,19.500000622080215,HARISS,4998.0,4877.0,10643.0
608,Switzerland,2.0,4.0,0.08,0.04,34.225253828349864,577.0,40.50000000844471,2935.0,26.0,136.0,31.0,263.0,26.0,AWW,31.0,AWW,5121.0,4710.0,10673.0
609,Switzerland,2.0,4.0,0.08,0.04,25.785020933753206,457.0,29.500000815705775,1335.0,27.0,639.0,30.0,1560.0,25.785020933753206,ICU,25.785020933753206,ICU,5108.0,4835.0,10538.0
610,Switzerland,2.0,4.0,0.08,0.04,25.26005617964738,39.0,33.500000955624124,357.0,27.0,62.0,33.0,301.0,25.26005617964738,ICU,25.26005617964738,ICU,5179.0,4818.0,10681.0
611,Switzerland,2.0,4.0,0.08,0.04,46.3819878441898,7799.0,43.50000043917245,3891.0,34.0,317.0,35.0,425.0,34.0,AWW,35.0,AWW,5120.0,4876.0,10734.0
612,Switzerland,2.0,4.0,0.08,0.04,44.95236340699748,6853.0,40.50000024631732,2401.0,19.0,10.0,32.0,307.0,19.0,AWW,32.0,AWW,5204.0,4703.0,10521.0
613,Switzerland,2.0,4.0,0.08,0.04,45.19318329144023,14929.0,33.50000047645729,1179.0,31.0,736.0,36.0,1921.0,31.0,AWW,33.50000047645729,HARISS,5134.0,4741.0,10875.0
614,Switzerland,2.0,4.0,0.08,0.04,37.556257644895815,2734.0,36.500000526932176,2065.0,25.0,106.0,37.0,2352.0,25.0,AWW,36.500000526932176,HARISS,5099.0,4774.0,10691.0
615,Switzerland,2.0,4.0,0.08,0.04,36.59269406476846,7728.0,22.50000013377392,385.0,19.0,114.0,36.0,6829.0,19.0,AWW,22.50000013377392,HARISS,5014.0,4800.0,10841.0
616,Switzerland,2.0,4.0,0.08,0.04,22.21164688076066,401.0,26.500000192512662,924.0,23.0,515.0,29.0,1356.0,22.21164688076066,ICU,22.21164688076066,ICU,5069.0,4735.0,10582.0
617,Switzerland,2.0,4.0,0.08,0.04,65.04482862081535,408468.0,43.50000043722436,5882.0,24.0,23.0,37.0,1218.0,24.0,AWW,37.0,AWW,5094.0,4774.0,10704.0
618,Switzerland,2.0,4.0,0.08,0.04,35.972732818735764,5619.0,33.50000060581527,3148.0,31.0,1853.0,32.0,2263.0,31.0,AWW,32.0,AWW,5076.0,4704.0,10728.0
619,Switzerland,2.0,4.0,0.08,0.04,42.76794739020198,2831.0,47.500000260890744,8165.0,21.0,6.0,21.0,6.0,21.0,AWW,21.0,AWW,5119.0,4716.0,10654.0
620,Switzerland,2.0,4.0,0.08,0.04,40.002896091596426,4597.0,29.500000602625274,531.0,32.0,942.0,33.0,1178.0,29.500000602625274,HARISS,29.500000602625274,HARISS,5077.0,4718.0,10771.0
621,Switzerland,2.0,4.0,0.08,0.04,48.29976387751286,16924.0,40.500000787489064,3109.0,20.0,95.0,28.0,400.0,20.0,AWW,28.0,AWW,5196.0,4797.0,10667.0
622,Switzerland,2.0,4.0,0.08,0.04,44.853016113455226,9991.0,36.50000065987918,1292.0,10.0,0.0,37.0,1485.0,10.0,AWW,36.50000065987918,HARISS,5156.0,4783.0,10747.0
623,Switzerland,2.0,4.0,0.08,0.04,24.32138593761161,222.0,15.500000126333635,99.0,18.0,128.0,37.0,1123.0,15.500000126333635,HARISS,15.500000126333635,HARISS,5276.0,4928.0,10639.0
624,Switzerland,2.0,4.0,0.08,0.04,37.424040215013,903.0,40.50000062041795,2074.0,21.0,1.0,36.0,594.0,21.0,AWW,36.0,AWW,5046.0,4822.0,10542.0
625,Switzerland,2.0,4.0,0.08,0.04,40.2371934942555,4950.0,29.500000031085023,371.0,23.0,55.0,41.0,5880.0,23.0,AWW,29.500000031085023,HARISS,5161.0,4733.0,10531.0
626,Switzerland,2.0,4.0,0.08,0.04,46.897493627198216,9518.0,43.50000017407234,3837.0,32.0,173.0,40.0,1605.0,32.0,AWW,40.0,AWW,5190.0,4792.0,10330.0
627,Switzerland,2.0,4.0,0.08,0.04,47.61585745927279,10016.0,36.500000685506166,753.0,25.0,20.0,26.0,29.0,25.0,AWW,26.0,AWW,5160.0,4700.0,10633.0
628,Switzerland,2.0,4.0,0.08,0.04,44.10604108049083,20624.0,33.500000061721906,1469.0,20.0,37.0,34.0,1676.0,20.0,AWW,33.500000061721906,HARISS,5119.0,4752.0,10853.0
629,Switzerland,2.0,4.0,0.08,0.04,35.737112437787054,2303.0,33.50000038944451,1382.0,12.0,5.0,37.0,3038.0,12.0,AWW,33.50000038944451,HARISS,5164.0,4692.0,10494.0
630,Switzerland,2.0,4.0,0.08,0.04,52.22432779483637,47780.0,33.500000169802824,375.0,26.0,54.0,5.0,0.0,26.0,AWW,5.0,AWW,5159.0,4761.0,10584.0
631,Switzerland,2.0,4.0,0.08,0.04,60.35236176331207,322633.0,36.50000087412881,1813.0,27.0,100.0,39.0,3240.0,27.0,AWW,36.50000087412881,HARISS,5105.0,4794.0,10637.0
632,Switzerland,2.0,4.0,0.08,0.04,15.361379754377218,5.0,29.500000772384915,370.0,21.0,44.0,24.0,92.0,15.361379754377218,ICU,15.361379754377218,ICU,5177.0,4851.0,10593.0
633,Switzerland,2.0,4.0,0.08,0.04,32.17460518374075,499.0,40.500000418899695,4456.0,26.0,86.0,27.0,121.0,26.0,AWW,27.0,AWW,5064.0,4726.0,10513.0
634,Switzerland,2.0,4.0,0.08,0.04,25.558165661745566,545.0,33.500000174779984,1902.0,29.0,957.0,30.0,1131.0,25.558165661745566,ICU,25.558165661745566,ICU,5014.0,4852.0,10623.0
635,Switzerland,2.0,4.0,0.08,0.04,30.4587066757216,403.0,33.50000080221037,789.0,16.0,10.0,35.0,1120.0,16.0,AWW,30.4587066757216,ICU,4984.0,4584.0,10906.0
636,Switzerland,2.0,4.0,0.08,0.04,46.9255715402288,10050.0,29.5000006544124,178.0,17.0,4.0,38.0,1086.0,17.0,AWW,29.5000006544124,HARISS,5104.0,4692.0,10394.0
637,Switzerland,2.0,4.0,0.08,0.04,30.09459917172359,474.0,36.50000063584902,2968.0,33.0,1153.0,39.0,5270.0,30.09459917172359,ICU,30.09459917172359,ICU,5236.0,4769.0,10422.0
638,Switzerland,2.0,4.0,0.08,0.04,41.96822008910741,3932.0,43.500000658181335,5675.0,27.0,38.0,39.0,1822.0,27.0,AWW,39.0,AWW,5064.0,4865.0,10678.0
639,Switzerland,2.0,4.0,0.08,0.04,25.334846889512864,305.0,29.500000242975354,670.0,22.0,113.0,37.0,5515.0,22.0,AWW,25.334846889512864,ICU,5103.0,4740.0,10752.0
640,Switzerland,2.0,4.0,0.08,0.04,49.41246822877542,14560.0,33.500000966381435,339.0,19.0,3.0,32.0,229.0,19.0,AWW,32.0,AWW,5109.0,4753.0,10709.0
641,Switzerland,2.0,4.0,0.08,0.04,30.648066307044708,1422.0,33.500000730994294,3241.0,26.0,226.0,36.0,5717.0,26.0,AWW,30.648066307044708,ICU,5056.0,4751.0,10580.0
642,Switzerland,2.0,4.0,0.08,0.04,21.6216281567478,383.0,36.5000000485675,10297.0,17.0,122.0,37.0,11599.0,17.0,AWW,21.6216281567478,ICU,5118.0,4750.0,10571.0
643,Switzerland,2.0,4.0,0.08,0.04,47.00022962359493,20215.0,40.500000845957885,5039.0,27.0,90.0,28.0,141.0,27.0,AWW,28.0,AWW,5090.0,4814.0,10786.0
644,Switzerland,2.0,4.0,0.08,0.04,15.682517816295533,787.0,15.500000114008884,765.0,28.0,5950.0,29.0,7222.0,15.500000114008884,HARISS,15.500000114008884,HARISS,5067.0,4788.0,10686.0
645,Switzerland,2.0,4.0,0.08,0.04,38.25855911707987,1576.0,33.50000058314328,681.0,34.0,742.0,35.0,872.0,33.50000058314328,HARISS,33.50000058314328,HARISS,5218.0,4860.0,10625.0
646,Switzerland,2.0,4.0,0.08,0.04,47.04333519526327,12616.0,40.50000096627641,2160.0,30.0,85.0,31.0,119.0,30.0,AWW,31.0,AWW,5044.0,4804.0,10490.0
647,Switzerland,2.0,4.0,0.08,0.04,49.92602580643259,65716.0,29.50000093538863,900.0,23.0,270.0,37.0,3970.0,23.0,AWW,29.50000093538863,HARISS,5077.0,4684.0,10598.0
648,Switzerland,2.0,4.0,0.08,0.04,45.96509670232907,19976.0,40.50000088005919,5518.0,11.0,0.0,40.0,4914.0,11.0,AWW,40.0,AWW,5098.0,4845.0,10589.0
649,Switzerland,2.0,4.0,0.08,0.04,49.12104567986197,14075.0,47.50000060830248,9436.0,32.0,140.0,41.0,1645.0,32.0,AWW,41.0,AWW,5135.0,4672.0,10576.0
650,Switzerland,2.0,4.0,0.08,0.04,47.857551657758506,11618.0,33.50000038745163,337.0,24.0,17.0,29.0,92.0,24.0,AWW,29.0,AWW,5259.0,4776.0,10587.0
651,Switzerland,2.0,4.0,0.08,0.04,51.2158489093156,36600.0,26.50000045937249,36.0,27.0,43.0,39.0,1684.0,26.50000045937249,HARISS,26.50000045937249,HARISS,5080.0,4679.0,10557.0
652,Switzerland,2.0,4.0,0.08,0.04,45.0479264672843,14774.0,36.500000262537455,2361.0,14.0,0.0,27.0,242.0,14.0,AWW,27.0,AWW,5037.0,4854.0,10704.0
653,Switzerland,2.0,4.0,0.08,0.04,35.242773733547246,1903.0,33.50000060435382,1200.0,24.0,12.0,32.0,736.0,24.0,AWW,32.0,AWW,5236.0,4875.0,10739.0
654,Switzerland,2.0,4.0,0.08,0.04,59.51580234035335,170645.0,43.50000047452053,3656.0,30.0,40.0,38.0,827.0,30.0,AWW,38.0,AWW,5084.0,4747.0,10660.0
655,Switzerland,2.0,4.0,0.08,0.04,53.50931546241624,69936.0,33.50000097732067,580.0,24.0,27.0,35.0,884.0,24.0,AWW,33.50000097732067,HARISS,5068.0,4790.0,10657.0
656,Switzerland,2.0,4.0,0.08,0.04,46.522471378915924,9641.0,40.500000827445476,2393.0,16.0,2.0,34.0,354.0,16.0,AWW,34.0,AWW,5064.0,4825.0,10613.0
657,Switzerland,2.0,4.0,0.08,0.04,52.60744865420824,34011.0,40.50000083205783,1997.0,21.0,5.0,30.0,53.0,21.0,AWW,30.0,AWW,5077.0,4817.0,10716.0
658,Switzerland,2.0,4.0,0.08,0.04,22.48853343766645,3.0,33.5000008704205,271.0,32.0,148.0,33.0,223.0,22.48853343766645,ICU,22.48853343766645,ICU,5055.0,4878.0,10681.0
659,Switzerland,2.0,4.0,0.08,0.04,41.39444699750751,2951.0,33.50000011866952,451.0,22.0,45.0,15.0,11.0,22.0,AWW,15.0,AWW,5171.0,4768.0,10540.0
660,Switzerland,2.0,4.0,0.08,0.04,47.285633424571,65959.0,29.500000893607428,1945.0,13.0,3.0,31.0,2782.0,13.0,AWW,29.500000893607428,HARISS,5076.0,4825.0,10582.0
661,Switzerland,2.0,4.0,0.08,0.04,46.62122109941162,7901.0,33.50000062120735,403.0,31.0,236.0,32.0,277.0,31.0,AWW,32.0,AWW,5212.0,4702.0,10579.0
662,Switzerland,2.0,4.0,0.08,0.04,30.481296320240503,536.0,29.500000376478663,447.0,20.0,43.0,34.0,1236.0,20.0,AWW,29.500000376478663,HARISS,5135.0,4786.0,10768.0
663,Switzerland,2.0,4.0,0.08,0.04,24.621813908050214,1138.0,26.50000047100204,1748.0,26.0,1574.0,39.0,24522.0,24.621813908050214,ICU,24.621813908050214,ICU,5050.0,4745.0,10612.0
664,Switzerland,2.0,4.0,0.08,0.04,37.40879541153402,1386.0,33.50000000958398,547.0,23.0,35.0,40.0,2575.0,23.0,AWW,33.50000000958398,HARISS,5047.0,4794.0,10451.0
665,Switzerland,2.0,4.0,0.08,0.04,37.36138070662588,1775.0,36.50000016115034,1448.0,31.0,324.0,37.0,1629.0,31.0,AWW,36.50000016115034,HARISS,5262.0,4797.0,10606.0
666,Switzerland,2.0,4.0,0.08,0.04,47.48799295270314,12496.0,36.500000339858765,893.0,28.0,91.0,35.0,641.0,28.0,AWW,35.0,AWW,5085.0,4719.0,10719.0
667,Switzerland,2.0,4.0,0.08,0.04,46.91756715895189,10724.0,40.50000002571864,2245.0,23.0,9.0,34.0,285.0,23.0,AWW,34.0,AWW,5075.0,4831.0,10652.0
668,Switzerland,2.0,4.0,0.08,0.04,35.78133570303541,1386.0,33.50000052332294,741.0,33.0,645.0,36.0,1474.0,33.0,AWW,33.50000052332294,HARISS,5233.0,4841.0,10646.0
669,Switzerland,2.0,4.0,0.08,0.04,43.92772149150531,5131.0,43.50000085653272,4525.0,25.0,31.0,39.0,1419.0,25.0,AWW,39.0,AWW,5183.0,4883.0,10512.0
670,Switzerland,2.0,4.0,0.08,0.04,52.023376615484544,44391.0,36.50000032297052,723.0,26.0,48.0,33.0,332.0,26.0,AWW,33.0,AWW,5196.0,4648.0,10757.0
671,Switzerland,2.0,4.0,0.08,0.04,58.75336066752758,166356.0,33.50000093112592,301.0,33.0,268.0,36.0,609.0,33.0,AWW,33.50000093112592,HARISS,5112.0,4882.0,10544.0
672,Switzerland,2.0,4.0,0.08,0.04,47.19287328552088,11686.0,43.500000794266704,4560.0,25.0,19.0,29.0,70.0,25.0,AWW,29.0,AWW,5132.0,4878.0,10488.0
673,Switzerland,2.0,4.0,0.08,0.04,39.225465456516226,1782.0,36.50000032124149,871.0,25.0,48.0,34.0,474.0,25.0,AWW,34.0,AWW,5137.0,4756.0,10565.0
674,Switzerland,2.0,4.0,0.08,0.04,39.09885917216647,4052.0,33.50000061246956,888.0,33.0,776.0,26.0,39.0,33.0,AWW,26.0,AWW,5069.0,4720.0,10634.0
675,Switzerland,2.0,4.0,0.08,0.04,52.91588075333497,28265.0,29.50000002154696,146.0,26.0,91.0,32.0,200.0,26.0,AWW,29.50000002154696,HARISS,5175.0,4768.0,10709.0
676,Switzerland,2.0,4.0,0.08,0.04,40.474968195946644,3004.0,33.500000423670684,506.0,23.0,9.0,33.0,438.0,23.0,AWW,33.0,AWW,5035.0,4690.0,10592.0
677,Switzerland,2.0,4.0,0.08,0.04,22.555555748739845,147.0,36.5000004765358,4294.0,22.0,131.0,22.0,131.0,22.0,AWW,22.0,AWW,5094.0,4880.0,10533.0
678,Switzerland,2.0,4.0,0.08,0.04,40.398214368793234,1874.0,43.500000911924836,4174.0,31.0,156.0,40.0,1692.0,31.0,AWW,40.0,AWW,5056.0,4879.0,10658.0
679,Switzerland,2.0,4.0,0.08,0.04,50.114634631897474,25815.0,43.500000995167674,5666.0,16.0,2.0,27.0,57.0,16.0,AWW,27.0,AWW,5167.0,4679.0,10672.0
680,Switzerland,2.0,4.0,0.08,0.04,64.5829887592568,360805.0,40.500000527807494,2392.0,27.0,97.0,35.0,567.0,27.0,AWW,35.0,AWW,5085.0,4757.0,10733.0
681,Switzerland,2.0,4.0,0.08,0.04,41.3297276570117,5805.0,36.500000697360726,2091.0,22.0,62.0,22.0,62.0,22.0,AWW,22.0,AWW,5052.0,4776.0,10815.0
682,Switzerland,2.0,4.0,0.08,0.04,34.19157594728878,1886.0,36.50000085296602,2987.0,34.0,1804.0,34.0,1804.0,34.0,AWW,34.0,AWW,5059.0,4811.0,10684.0
683,Switzerland,2.0,4.0,0.08,0.04,49.04638374876277,16964.0,29.500000892378463,333.0,23.0,42.0,39.0,1858.0,23.0,AWW,29.500000892378463,HARISS,5087.0,4897.0,10723.0
684,Switzerland,2.0,4.0,0.08,0.04,41.3790265403618,4562.0,22.500000357144916,16.0,19.0,5.0,33.0,416.0,19.0,AWW,22.500000357144916,HARISS,5128.0,4798.0,10730.0
685,Switzerland,2.0,4.0,0.08,0.04,31.926701526344768,368.0,33.50000095903121,552.0,30.0,244.0,31.0,318.0,30.0,AWW,31.0,AWW,5116.0,4663.0,10619.0
686,Switzerland,2.0,4.0,0.08,0.04,42.32774215446183,5798.0,33.500000610236626,683.0,29.0,174.0,38.0,2130.0,29.0,AWW,33.500000610236626,HARISS,5066.0,4615.0,10812.0
687,Switzerland,2.0,4.0,0.08,0.04,37.195054267221025,3313.0,26.500000019854575,282.0,21.0,44.0,39.0,4775.0,21.0,AWW,26.500000019854575,HARISS,5129.0,4663.0,10654.0
688,Switzerland,2.0,4.0,0.08,0.04,51.12882207184528,39373.0,33.50000007528218,754.0,20.0,29.0,30.0,306.0,20.0,AWW,30.0,AWW,5134.0,4843.0,10769.0
689,Switzerland,2.0,4.0,0.08,0.04,44.071360080263794,6995.0,29.500000040709388,126.0,20.0,4.0,34.0,473.0,20.0,AWW,29.500000040709388,HARISS,5192.0,4735.0,10714.0
690,Switzerland,2.0,4.0,0.08,0.04,47.907737673573436,16548.0,40.50000045316883,3548.0,14.0,0.0,14.0,0.0,14.0,AWW,14.0,AWW,5080.0,4785.0,10768.0
691,Switzerland,2.0,4.0,0.08,0.04,57.27378290514229,90174.0,47.50000012299837,10391.0,20.0,5.0,32.0,105.0,20.0,AWW,32.0,AWW,5098.0,4773.0,10633.0
692,Switzerland,2.0,4.0,0.08,0.04,37.17247187850008,1503.0,33.500000594398095,675.0,21.0,92.0,30.0,353.0,21.0,AWW,30.0,AWW,5070.0,4813.0,10363.0
693,Switzerland,2.0,4.0,0.08,0.04,33.0559263433105,968.0,33.50000065668016,1063.0,23.0,104.0,30.0,495.0,23.0,AWW,30.0,AWW,5181.0,4726.0,10681.0
694,Switzerland,2.0,4.0,0.08,0.04,35.61125331679273,1175.0,36.500000644053706,1500.0,23.0,34.0,32.0,425.0,23.0,AWW,32.0,AWW,5211.0,4819.0,10636.0
695,Switzerland,2.0,4.0,0.08,0.04,48.70505852503521,14806.0,36.50000084803497,552.0,20.0,0.0,34.0,255.0,20.0,AWW,34.0,AWW,5029.0,4839.0,10791.0
696,Switzerland,2.0,4.0,0.08,0.04,54.51737139749225,59501.0,36.500000746857175,985.0,24.0,14.0,32.0,267.0,24.0,AWW,32.0,AWW,5017.0,4818.0,10650.0
697,Switzerland,2.0,4.0,0.08,0.04,47.79293341451668,10347.0,40.500000136332694,1692.0,33.0,195.0,34.0,254.0,33.0,AWW,34.0,AWW,5186.0,4811.0,10705.0
698,Switzerland,2.0,4.0,0.08,0.04,35.576005789363464,3004.0,33.500000904688385,1870.0,15.0,5.0,36.0,3305.0,15.0,AWW,33.500000904688385,HARISS,5127.0,4980.0,10666.0
699,Switzerland,2.0,4.0,0.08,0.04,52.54410350883754,103593.0,33.500000998935576,1054.0,12.0,0.0,33.0,883.0,12.0,AWW,33.0,AWW,4992.0,4790.0,10719.0
700,Switzerland,2.0,4.0,0.08,0.04,52.87836162194872,32080.0,43.50000090438779,3326.0,31.0,176.0,32.0,221.0,31.0,AWW,32.0,AWW,5129.0,4870.0,10562.0
701,Switzerland,2.0,4.0,0.08,0.04,48.59107952494186,16707.0,40.50000077859278,2475.0,24.0,36.0,32.0,256.0,24.0,AWW,32.0,AWW,5067.0,4833.0,10451.0
702,Switzerland,2.0,4.0,0.08,0.04,37.09153509698469,2051.0,26.500000039465522,237.0,22.0,93.0,32.0,719.0,22.0,AWW,26.500000039465522,HARISS,5086.0,4838.0,10655.0
703,Switzerland,2.0,4.0,0.08,0.04,22.03651717731481,18.0,26.500000565132993,40.0,28.0,51.0,29.0,69.0,22.03651717731481,ICU,22.03651717731481,ICU,5143.0,4837.0,10760.0
704,Switzerland,2.0,4.0,0.08,0.04,57.334728809934205,83620.0,36.500000857987764,604.0,25.0,18.0,31.0,147.0,25.0,AWW,31.0,AWW,5219.0,4819.0,10818.0
705,Switzerland,2.0,4.0,0.08,0.04,47.410614788214595,26267.0,33.50000039655597,1233.0,22.0,29.0,30.0,538.0,22.0,AWW,30.0,AWW,5229.0,4834.0,10793.0
706,Switzerland,2.0,4.0,0.08,0.04,29.881306929078296,1853.0,26.500000494449132,726.0,37.0,9634.0,38.0,11857.0,26.500000494449132,HARISS,26.500000494449132,HARISS,5105.0,4852.0,10689.0
707,Switzerland,2.0,4.0,0.08,0.04,50.10464036588878,27281.0,33.50000092119921,538.0,17.0,8.0,38.0,1514.0,17.0,AWW,33.50000092119921,HARISS,5097.0,4786.0,10503.0
708,Switzerland,2.0,4.0,0.08,0.04,57.65879733039331,114124.0,36.5000004348484,1217.0,17.0,0.0,18.0,0.0,17.0,AWW,18.0,AWW,5058.0,4778.0,10505.0
709,Switzerland,2.0,4.0,0.08,0.04,46.66541079257677,9401.0,40.500000522410346,2120.0,16.0,1.0,27.0,19.0,16.0,AWW,27.0,AWW,5080.0,4868.0,10642.0
710,Switzerland,2.0,4.0,0.08,0.04,29.15328650495821,809.0,29.500000255056786,869.0,25.0,350.0,40.0,8385.0,25.0,AWW,29.15328650495821,ICU,5079.0,4625.0,10578.0
711,Switzerland,2.0,4.0,0.08,0.04,52.74478081101202,27957.0,33.50000013764554,234.0,30.0,75.0,31.0,103.0,30.0,AWW,31.0,AWW,5201.0,4680.0,10682.0
712,Switzerland,2.0,4.0,0.08,0.04,46.677747629867305,15253.0,33.50000019228551,492.0,28.0,74.0,35.0,796.0,28.0,AWW,33.50000019228551,HARISS,4997.0,4802.0,10663.0
713,Switzerland,2.0,4.0,0.08,0.04,23.567044128069455,92.0,36.50000042142944,3006.0,27.0,228.0,39.0,5494.0,23.567044128069455,ICU,23.567044128069455,ICU,5168.0,4834.0,10670.0
714,Switzerland,2.0,4.0,0.08,0.04,39.264165072313915,4457.0,29.50000052681843,468.0,23.0,121.0,24.0,152.0,23.0,AWW,24.0,AWW,5067.0,4828.0,10581.0
715,Switzerland,2.0,4.0,0.08,0.04,45.790275063533755,54835.0,29.500000244027817,1005.0,31.0,1733.0,38.0,9813.0,29.500000244027817,HARISS,29.500000244027817,HARISS,5140.0,4772.0,10687.0
716,Switzerland,2.0,4.0,0.08,0.04,31.956432299052263,312.0,33.500000730122395,484.0,27.0,56.0,38.0,1865.0,27.0,AWW,31.956432299052263,ICU,5157.0,4785.0,10704.0
717,Switzerland,2.0,4.0,0.08,0.04,35.822668037855614,1601.0,33.500000008089316,806.0,22.0,38.0,39.0,3726.0,22.0,AWW,33.500000008089316,HARISS,5052.0,4833.0,10565.0
718,Switzerland,2.0,4.0,0.08,0.04,35.2021353312707,749.0,40.50000007270167,3039.0,20.0,3.0,21.0,5.0,20.0,AWW,21.0,AWW,5178.0,4755.0,10829.0
719,Switzerland,2.0,4.0,0.08,0.04,53.99025165750144,29046.0,40.50000028141043,736.0,30.0,38.0,36.0,205.0,30.0,AWW,36.0,AWW,4982.0,4721.0,10624.0
720,Switzerland,2.0,4.0,0.08,0.04,25.339111789863594,1064.0,26.500000051070177,1640.0,12.0,1.0,32.0,7890.0,12.0,AWW,25.339111789863594,ICU,5038.0,4843.0,10689.0
721,Switzerland,2.0,4.0,0.08,0.04,29.28975854294807,373.0,36.50000063708137,1950.0,23.0,57.0,40.0,4465.0,23.0,AWW,29.28975854294807,ICU,5101.0,4850.0,10780.0
722,Switzerland,2.0,4.0,0.08,0.04,30.586036708722013,3765.0,19.50000015344954,446.0,30.0,3395.0,35.0,9477.0,19.50000015344954,HARISS,19.50000015344954,HARISS,5064.0,4762.0,10669.0
723,Switzerland,2.0,4.0,0.08,0.04,28.038525828006083,273.0,36.500000265661775,2395.0,21.0,26.0,22.0,35.0,21.0,AWW,22.0,AWW,5050.0,4751.0,10670.0
724,Switzerland,2.0,4.0,0.08,0.04,58.40254409626479,369748.0,36.500000734266926,3533.0,32.0,1203.0,37.0,3959.0,32.0,AWW,36.500000734266926,HARISS,5196.0,4870.0,10650.0
725,Switzerland,2.0,4.0,0.08,0.04,21.957034709028342,2158.0,22.500000010235787,2351.0,30.0,7875.0,35.0,21826.0,21.957034709028342,ICU,21.957034709028342,ICU,5153.0,4692.0,10576.0
726,Switzerland,2.0,4.0,0.08,0.04,49.900538644035734,45741.0,40.500000964982476,5359.0,34.0,753.0,35.0,1087.0,34.0,AWW,35.0,AWW,5204.0,4716.0,10563.0
727,Switzerland,2.0,4.0,0.08,0.04,53.36158828440353,38933.0,43.50000052042283,3451.0,30.0,179.0,34.0,511.0,30.0,AWW,34.0,AWW,5043.0,4781.0,10510.0
728,Switzerland,2.0,4.0,0.08,0.04,37.127821000828504,4073.0,22.500000724416026,110.0,5.0,0.0,38.0,5007.0,5.0,AWW,22.500000724416026,HARISS,5269.0,4713.0,10641.0
729,Switzerland,2.0,4.0,0.08,0.04,47.63873247716099,13088.0,36.50000087837714,997.0,34.0,533.0,35.0,659.0,34.0,AWW,35.0,AWW,5084.0,4763.0,10573.0
730,Switzerland,2.0,4.0,0.08,0.04,38.14986482112819,4339.0,33.5000008055131,1543.0,15.0,25.0,36.0,2650.0,15.0,AWW,33.5000008055131,HARISS,5112.0,4749.0,10800.0
731,Switzerland,2.0,4.0,0.08,0.04,62.92431729426781,252001.0,33.50000042973977,152.0,28.0,21.0,37.0,414.0,28.0,AWW,33.50000042973977,HARISS,5092.0,4808.0,10919.0
732,Switzerland,2.0,4.0,0.08,0.04,47.328459037302835,14063.0,40.50000012779449,2211.0,24.0,13.0,31.0,121.0,24.0,AWW,31.0,AWW,5000.0,4871.0,10544.0
733,Switzerland,2.0,4.0,0.08,0.04,46.24501660229916,9092.0,40.50000043991514,1966.0,26.0,19.0,40.0,1700.0,26.0,AWW,40.0,AWW,5111.0,4846.0,10637.0
734,Switzerland,2.0,4.0,0.08,0.04,45.74162900468646,16119.0,40.50000084376272,5111.0,25.0,24.0,26.0,40.0,25.0,AWW,26.0,AWW,5079.0,4693.0,10544.0
735,Switzerland,2.0,4.0,0.08,0.04,63.203157868308615,339832.0,36.50000095734822,1329.0,17.0,0.0,38.0,1900.0,17.0,AWW,36.50000095734822,HARISS,5196.0,4755.0,11027.0
736,Switzerland,2.0,4.0,0.08,0.04,36.47690576247009,4231.0,33.500000967931854,2097.0,22.0,150.0,43.0,19979.0,22.0,AWW,33.500000967931854,HARISS,5101.0,4749.0,10731.0
737,Switzerland,2.0,4.0,0.08,0.04,42.74976418908113,2391.0,36.50000079831895,464.0,29.0,81.0,30.0,101.0,29.0,AWW,30.0,AWW,5131.0,4791.0,10628.0
738,Switzerland,2.0,4.0,0.08,0.04,19.05783531678646,136.0,33.50000025706458,902.0,17.0,72.0,41.0,5285.0,17.0,AWW,19.05783531678646,ICU,4945.0,4915.0,10693.0
739,Switzerland,2.0,4.0,0.08,0.04,57.36151396565322,164098.0,40.500000322507084,3415.0,29.0,79.0,36.0,1156.0,29.0,AWW,36.0,AWW,5117.0,4653.0,10899.0
740,Switzerland,2.0,4.0,0.08,0.04,53.448923510423185,50381.0,33.50000095914599,238.0,32.0,154.0,35.0,369.0,32.0,AWW,33.50000095914599,HARISS,5093.0,4786.0,10820.0
741,Switzerland,2.0,4.0,0.08,0.04,27.539472732432735,612.0,33.50000064259971,2592.0,11.0,14.0,41.0,15610.0,11.0,AWW,27.539472732432735,ICU,5072.0,4722.0,10656.0
742,Switzerland,2.0,4.0,0.08,0.04,50.60423556597035,40420.0,36.500000612850975,1602.0,26.0,136.0,16.0,6.0,26.0,AWW,16.0,AWW,5151.0,4768.0,10602.0
743,Switzerland,2.0,4.0,0.08,0.04,40.556741609405705,3402.0,33.500000451216245,496.0,30.0,211.0,33.0,433.0,30.0,AWW,33.0,AWW,5272.0,4819.0,10697.0
744,Switzerland,2.0,4.0,0.08,0.04,33.9565920259709,1129.0,40.5000009360163,5562.0,24.0,95.0,33.0,897.0,24.0,AWW,33.0,AWW,5156.0,4724.0,10588.0
745,Switzerland,2.0,4.0,0.08,0.04,47.851960149426034,14482.0,36.50000012927715,810.0,25.0,15.0,32.0,206.0,25.0,AWW,32.0,AWW,5023.0,4840.0,10473.0
746,Switzerland,2.0,4.0,0.08,0.04,37.73838022401962,2708.0,33.50000000608931,848.0,21.0,29.0,35.0,1264.0,21.0,AWW,33.50000000608931,HARISS,5070.0,4841.0,10615.0
747,Switzerland,2.0,4.0,0.08,0.04,35.8388780692576,1535.0,43.50000023177107,8975.0,24.0,77.0,33.0,767.0,24.0,AWW,33.0,AWW,5123.0,4823.0,10598.0
748,Switzerland,2.0,4.0,0.08,0.04,31.77653012245439,3505.0,29.50000000151069,2366.0,12.0,6.0,37.0,9594.0,12.0,AWW,29.50000000151069,HARISS,5082.0,4817.0,10810.0
749,Switzerland,2.0,4.0,0.08,0.04,53.81427970105351,116542.0,36.50000053070857,1874.0,15.0,0.0,24.0,46.0,15.0,AWW,24.0,AWW,5044.0,4790.0,10718.0
750,Switzerland,2.0,4.0,0.08,0.04,39.10484047049214,1723.0,40.50000045873946,2438.0,27.0,106.0,32.0,277.0,27.0,AWW,32.0,AWW,5250.0,4855.0,10673.0
751,Switzerland,2.0,4.0,0.08,0.04,38.70815804177431,5163.0,36.500000599203354,3091.0,32.0,968.0,33.0,1287.0,32.0,AWW,33.0,AWW,4998.0,4902.0,10793.0
752,Switzerland,2.0,4.0,0.08,0.04,40.54850931530879,2948.0,29.500000877719998,197.0,21.0,3.0,30.0,234.0,21.0,AWW,29.500000877719998,HARISS,4804.0,4771.0,10641.0
753,Switzerland,2.0,4.0,0.08,0.04,44.94696123881435,8896.0,43.50000033558174,6139.0,34.0,596.0,35.0,775.0,34.0,AWW,35.0,AWW,5187.0,4810.0,10660.0
754,Switzerland,2.0,4.0,0.08,0.04,62.62978726395809,300746.0,29.50000023144559,72.0,34.0,311.0,38.0,1296.0,29.50000023144559,HARISS,29.50000023144559,HARISS,5068.0,4742.0,10551.0
755,Switzerland,2.0,4.0,0.08,0.04,41.869781034739766,1762.0,36.500000911276814,308.0,31.0,50.0,32.0,69.0,31.0,AWW,32.0,AWW,5210.0,4853.0,10815.0
756,Switzerland,2.0,4.0,0.08,0.04,35.546035287657546,4255.0,26.500000541782985,270.0,27.0,310.0,33.0,1989.0,26.500000541782985,HARISS,26.500000541782985,HARISS,5159.0,4786.0,10334.0
757,Switzerland,2.0,4.0,0.08,0.04,38.8852662233757,5568.0,33.50000039076402,1566.0,18.0,50.0,18.0,50.0,18.0,AWW,18.0,AWW,5119.0,4771.0,10815.0
758,Switzerland,2.0,4.0,0.08,0.04,41.10473072781187,4315.0,29.500000767229142,201.0,23.0,34.0,30.0,219.0,23.0,AWW,29.500000767229142,HARISS,5076.0,4828.0,10719.0
759,Switzerland,2.0,4.0,0.08,0.04,45.602052541565016,8600.0,33.50000095266609,230.0,31.0,136.0,32.0,154.0,31.0,AWW,32.0,AWW,5138.0,4843.0,10704.0
760,Switzerland,2.0,4.0,0.08,0.04,44.00369906469071,9238.0,40.50000064854009,3858.0,32.0,371.0,37.0,1538.0,32.0,AWW,37.0,AWW,5037.0,4733.0,10612.0
761,Switzerland,2.0,4.0,0.08,0.04,33.575958120668275,2863.0,29.500000731525745,1160.0,22.0,128.0,37.0,5484.0,22.0,AWW,29.500000731525745,HARISS,5081.0,4852.0,10576.0
762,Switzerland,2.0,4.0,0.08,0.04,29.458843508819207,3456.0,15.500000780645928,141.0,26.0,1946.0,27.0,2319.0,15.500000780645928,HARISS,15.500000780645928,HARISS,5044.0,4845.0,10533.0
763,Switzerland,2.0,4.0,0.08,0.04,34.37596643433544,3988.0,26.500000023507067,645.0,19.0,31.0,24.0,263.0,19.0,AWW,24.0,AWW,5058.0,4836.0,10730.0
764,Switzerland,2.0,4.0,0.08,0.04,40.50193992604834,6658.0,26.500000356473535,237.0,19.0,25.0,32.0,799.0,19.0,AWW,26.500000356473535,HARISS,5110.0,4792.0,10744.0
765,Switzerland,2.0,4.0,0.08,0.04,37.54212291908979,2122.0,40.500000104955014,4208.0,26.0,104.0,27.0,153.0,26.0,AWW,27.0,AWW,5161.0,4677.0,10555.0
766,Switzerland,2.0,4.0,0.08,0.04,34.278552162469396,853.0,26.500000282007797,137.0,19.0,16.0,35.0,1038.0,19.0,AWW,26.500000282007797,HARISS,4982.0,4857.0,10643.0
767,Switzerland,2.0,4.0,0.08,0.04,35.198373206734836,1672.0,29.50000050125057,439.0,11.0,0.0,38.0,3365.0,11.0,AWW,29.50000050125057,HARISS,5046.0,4835.0,10779.0
768,Switzerland,2.0,4.0,0.08,0.04,36.505020515096916,3401.0,33.50000032423226,1721.0,28.0,368.0,32.0,1147.0,28.0,AWW,32.0,AWW,5090.0,4821.0,10559.0
769,Switzerland,2.0,4.0,0.08,0.04,28.66603811219837,335.0,29.50000021724273,394.0,18.0,39.0,30.0,410.0,18.0,AWW,28.66603811219837,ICU,5157.0,4812.0,10794.0
770,Switzerland,2.0,4.0,0.08,0.04,33.740525606773474,1592.0,36.500000721597345,3096.0,24.0,160.0,36.0,2712.0,24.0,AWW,33.740525606773474,ICU,5103.0,4826.0,10709.0
771,Switzerland,2.0,4.0,0.08,0.04,42.26391763844332,19063.0,19.50000091423838,51.0,30.0,1039.0,39.0,9752.0,19.50000091423838,HARISS,19.50000091423838,HARISS,5178.0,4844.0,10608.0
772,Switzerland,2.0,4.0,0.08,0.04,34.60659983938358,1083.0,33.50000076219991,836.0,30.0,448.0,31.0,526.0,30.0,AWW,31.0,AWW,5127.0,4880.0,10784.0
773,Switzerland,2.0,4.0,0.08,0.04,38.491365905276815,7362.0,15.500000392833648,21.0,22.0,140.0,33.0,2394.0,15.500000392833648,HARISS,15.500000392833648,HARISS,5095.0,4707.0,10580.0
774,Switzerland,2.0,4.0,0.08,0.04,24.921998098524522,225.0,40.50000091071743,5484.0,24.0,177.0,42.0,7644.0,24.0,AWW,24.921998098524522,ICU,5083.0,4931.0,10701.0
775,Switzerland,2.0,4.0,0.08,0.04,61.86179525449205,149807.0,40.500000009657,1722.0,22.0,14.0,22.0,14.0,22.0,AWW,22.0,AWW,5182.0,4721.0,10488.0
776,Switzerland,2.0,4.0,0.08,0.04,48.83535163615311,29575.0,33.50000088449454,669.0,31.0,287.0,32.0,417.0,31.0,AWW,32.0,AWW,4997.0,4847.0,10730.0
777,Switzerland,2.0,4.0,0.08,0.04,43.07691573700613,6074.0,40.50000027303342,3196.0,25.0,54.0,34.0,672.0,25.0,AWW,34.0,AWW,5021.0,4774.0,10550.0
778,Switzerland,2.0,4.0,0.08,0.04,46.11661718846266,6270.0,29.5000004495937,102.0,25.0,32.0,36.0,482.0,25.0,AWW,29.5000004495937,HARISS,5091.0,4752.0,10690.0
779,Switzerland,2.0,4.0,0.08,0.04,33.06921689632232,451.0,40.50000049371947,4057.0,31.0,191.0,32.0,291.0,31.0,AWW,32.0,AWW,5069.0,4810.0,10730.0
780,Switzerland,2.0,4.0,0.08,0.04,38.01838800556419,3860.0,33.50000088420258,1208.0,28.0,280.0,39.0,4803.0,28.0,AWW,33.50000088420258,HARISS,5102.0,4784.0,10539.0
781,Switzerland,2.0,4.0,0.08,0.04,46.30246768672935,9637.0,40.500000463034,2344.0,27.0,36.0,41.0,2660.0,27.0,AWW,40.500000463034,HARISS,5185.0,4681.0,10717.0
782,Switzerland,2.0,4.0,0.08,0.04,30.817022517738362,590.0,36.500000027149014,2690.0,26.0,191.0,27.0,243.0,26.0,AWW,27.0,AWW,5052.0,4798.0,10670.0
783,Switzerland,2.0,4.0,0.08,0.04,47.22221731230669,13921.0,36.500000280378934,822.0,11.0,0.0,37.0,918.0,11.0,AWW,36.500000280378934,HARISS,5097.0,4773.0,10738.0
784,Switzerland,2.0,4.0,0.08,0.04,29.790208114719043,439.0,33.5000000044803,1061.0,27.0,241.0,28.0,313.0,27.0,AWW,28.0,AWW,5045.0,4891.0,10515.0
785,Switzerland,2.0,4.0,0.08,0.04,49.54220289326012,104321.0,33.50000095351881,3158.0,27.0,411.0,39.0,9940.0,27.0,AWW,33.50000095351881,HARISS,5156.0,4783.0,10668.0
786,Switzerland,2.0,4.0,0.08,0.04,28.90815642522553,612.0,29.500000955299328,698.0,22.0,96.0,30.0,799.0,22.0,AWW,28.90815642522553,ICU,5152.0,4769.0,10831.0
787,Switzerland,2.0,4.0,0.08,0.04,60.1875177192602,178518.0,40.50000018176452,1714.0,34.0,176.0,35.0,257.0,34.0,AWW,35.0,AWW,4965.0,4800.0,10732.0
788,Switzerland,2.0,4.0,0.08,0.04,48.591804239239245,22365.0,33.500000635523776,560.0,32.0,356.0,35.0,889.0,32.0,AWW,33.500000635523776,HARISS,5010.0,4603.0,10527.0
789,Switzerland,2.0,4.0,0.08,0.04,31.798710771885624,646.0,36.500000439665335,2000.0,29.0,316.0,30.0,407.0,29.0,AWW,30.0,AWW,4946.0,4784.0,10705.0
790,Switzerland,2.0,4.0,0.08,0.04,38.904081012667184,11161.0,33.50000056148391,2896.0,29.0,707.0,40.0,14304.0,29.0,AWW,33.50000056148391,HARISS,5113.0,4895.0,10568.0
791,Switzerland,2.0,4.0,0.08,0.04,47.86539744705803,18943.0,40.50000072801828,3267.0,16.0,6.0,36.0,1022.0,16.0,AWW,36.0,AWW,5111.0,4678.0,10641.0
792,Switzerland,2.0,4.0,0.08,0.04,23.358524490766854,177.0,40.50000034379272,5502.0,23.0,157.0,34.0,1505.0,23.0,AWW,23.358524490766854,ICU,5151.0,4786.0,10816.0
793,Switzerland,2.0,4.0,0.08,0.04,38.76155666052044,2476.0,33.50000039098264,630.0,20.0,11.0,38.0,2058.0,20.0,AWW,33.50000039098264,HARISS,5140.0,4896.0,10456.0
794,Switzerland,2.0,4.0,0.08,0.04,49.73511437885392,28627.0,36.50000030560436,906.0,24.0,25.0,33.0,283.0,24.0,AWW,33.0,AWW,5207.0,4709.0,10555.0
795,Switzerland,2.0,4.0,0.08,0.04,48.121152376779094,19069.0,36.50000065444969,1300.0,28.0,109.0,29.0,159.0,28.0,AWW,29.0,AWW,4934.0,4706.0,10614.0
796,Switzerland,2.0,4.0,0.08,0.04,38.414773605826014,2673.0,29.500000043747306,200.0,27.0,103.0,34.0,870.0,27.0,AWW,29.500000043747306,HARISS,5029.0,4783.0,10637.0
797,Switzerland,2.0,4.0,0.08,0.04,46.20200770887809,64803.0,26.50000064760476,933.0,20.0,113.0,31.0,2888.0,20.0,AWW,26.50000064760476,HARISS,5004.0,4741.0,10738.0
798,Switzerland,2.0,4.0,0.08,0.04,44.8918329898808,7232.0,40.50000032181478,2402.0,16.0,0.0,27.0,14.0,16.0,AWW,27.0,AWW,5128.0,4766.0,10711.0
799,Switzerland,2.0,4.0,0.08,0.04,36.103018673186995,2373.0,29.50000072630327,318.0,25.0,57.0,31.0,540.0,25.0,AWW,29.50000072630327,HARISS,5035.0,4630.0,10652.0
800,Switzerland,2.0,4.0,0.08,0.04,45.71326389879316,8134.0,36.50000015012827,586.0,26.0,30.0,32.0,188.0,26.0,AWW,32.0,AWW,5166.0,4832.0,10678.0
801,Switzerland,2.0,4.0,0.08,0.04,50.18736658860428,101315.0,29.500000396711282,1044.0,26.0,322.0,27.0,438.0,26.0,AWW,27.0,AWW,5064.0,4746.0,10536.0
802,Switzerland,2.0,4.0,0.08,0.04,39.918349135094495,2837.0,36.50000071584387,1162.0,23.0,32.0,33.0,436.0,23.0,AWW,33.0,AWW,5035.0,4774.0,10532.0
803,Switzerland,2.0,4.0,0.08,0.04,41.53102906819745,2165.0,40.50000078303067,1706.0,18.0,6.0,28.0,80.0,18.0,AWW,28.0,AWW,5099.0,4759.0,10568.0
804,Switzerland,2.0,4.0,0.08,0.04,38.4549620324462,1272.0,36.50000019311507,790.0,12.0,0.0,36.0,689.0,12.0,AWW,36.0,AWW,4958.0,4638.0,10751.0
805,Switzerland,2.0,4.0,0.08,0.04,62.626295425583066,227653.0,43.500000785441586,3172.0,24.0,10.0,34.0,206.0,24.0,AWW,34.0,AWW,5066.0,4759.0,10731.0
806,Switzerland,2.0,4.0,0.08,0.04,66.12703780870666,407802.0,40.50000054617775,2531.0,27.0,37.0,34.0,291.0,27.0,AWW,34.0,AWW,5091.0,4765.0,10631.0
807,Switzerland,2.0,4.0,0.08,0.04,30.878752435365158,1093.0,33.50000008242832,1847.0,18.0,29.0,35.0,2496.0,18.0,AWW,30.878752435365158,ICU,5127.0,4829.0,10964.0
808,Switzerland,2.0,4.0,0.08,0.04,25.156102630298687,1165.0,26.500000230183527,1637.0,31.0,4648.0,38.0,18905.0,25.156102630298687,ICU,25.156102630298687,ICU,5145.0,4754.0,10496.0
809,Switzerland,2.0,4.0,0.08,0.04,42.04243897226861,2526.0,40.50000081558723,1549.0,31.0,56.0,32.0,88.0,31.0,AWW,32.0,AWW,5050.0,4771.0,10638.0
810,Switzerland,2.0,4.0,0.08,0.04,45.49259652857425,7759.0,40.5000003219609,2210.0,35.0,508.0,36.0,678.0,35.0,AWW,36.0,AWW,5120.0,4798.0,10587.0
811,Switzerland,2.0,4.0,0.08,0.04,39.93130719947451,9191.0,29.500000301313577,1077.0,30.0,1192.0,33.0,2108.0,29.500000301313577,HARISS,29.500000301313577,HARISS,4877.0,4665.0,10920.0
812,Switzerland,2.0,4.0,0.08,0.04,58.76322498103803,160594.0,40.50000056973612,1955.0,31.0,123.0,37.0,890.0,31.0,AWW,37.0,AWW,5057.0,4774.0,10632.0
813,Switzerland,2.0,4.0,0.08,0.04,36.88418129238063,1244.0,15.50000055785042,14.0,21.0,31.0,33.0,492.0,15.50000055785042,HARISS,15.50000055785042,HARISS,5047.0,4824.0,10730.0
814,Switzerland,2.0,4.0,0.08,0.04,16.434580680063178,1409.0,15.500000044602645,1067.0,26.0,12575.0,29.0,23693.0,15.500000044602645,HARISS,15.500000044602645,HARISS,5122.0,4908.0,10799.0
815,Switzerland,2.0,4.0,0.08,0.04,43.069335198276114,11537.0,36.50000032864346,2279.0,23.0,83.0,37.0,2585.0,23.0,AWW,36.50000032864346,HARISS,4972.0,4748.0,10660.0
816,Switzerland,2.0,4.0,0.08,0.04,29.855431318339857,875.0,19.5000009309186,15.0,32.0,1568.0,33.0,2016.0,19.5000009309186,HARISS,19.5000009309186,HARISS,5156.0,4813.0,10621.0
817,Switzerland,2.0,4.0,0.08,0.04,48.74071829309117,15364.0,40.500000523842736,1812.0,30.0,68.0,31.0,86.0,30.0,AWW,31.0,AWW,5109.0,4833.0,10580.0
818,Switzerland,2.0,4.0,0.08,0.04,38.82345465884705,2143.0,43.500000851346854,8365.0,28.0,90.0,35.0,644.0,28.0,AWW,35.0,AWW,5046.0,4761.0,10522.0
819,Switzerland,2.0,4.0,0.08,0.04,25.699366865412127,554.0,22.500000708185095,285.0,21.0,208.0,38.0,8627.0,21.0,AWW,22.500000708185095,HARISS,5170.0,4695.0,10665.0
820,Switzerland,2.0,4.0,0.08,0.04,32.04911112588246,3519.0,33.50000004977053,4866.0,23.0,206.0,31.0,2744.0,23.0,AWW,31.0,AWW,4996.0,4871.0,10672.0
821,Switzerland,2.0,4.0,0.08,0.04,43.59953580303151,6273.0,36.50000064685307,1113.0,28.0,77.0,41.0,3530.0,28.0,AWW,36.50000064685307,HARISS,5073.0,4843.0,10662.0
822,Switzerland,2.0,4.0,0.08,0.04,26.071751366842403,310.0,33.50000032237819,2079.0,26.0,301.0,29.0,816.0,26.0,AWW,26.071751366842403,ICU,5217.0,4893.0,10648.0
823,Switzerland,2.0,4.0,0.08,0.04,43.479270630342306,5729.0,33.50000071364254,425.0,29.0,136.0,39.0,1790.0,29.0,AWW,33.50000071364254,HARISS,5138.0,4877.0,10692.0
824,Switzerland,2.0,4.0,0.08,0.04,38.57914820813385,11888.0,29.50000001072341,1532.0,24.0,242.0,31.0,2263.0,24.0,AWW,29.50000001072341,HARISS,5080.0,4810.0,10769.0
825,Switzerland,2.0,4.0,0.08,0.04,39.73655042346634,18360.0,19.500000275858664,137.0,27.0,1222.0,30.0,2067.0,19.500000275858664,HARISS,19.500000275858664,HARISS,5233.0,4830.0,10651.0
826,Switzerland,2.0,4.0,0.08,0.04,61.136206486655844,262833.0,33.50000095528808,362.0,16.0,14.0,36.0,652.0,16.0,AWW,33.50000095528808,HARISS,5113.0,4733.0,10564.0
827,Switzerland,2.0,4.0,0.08,0.04,52.46381881531246,41098.0,36.50000098055886,445.0,32.0,130.0,33.0,160.0,32.0,AWW,33.0,AWW,5035.0,4889.0,10534.0
828,Switzerland,2.0,4.0,0.08,0.04,47.466173826193746,12923.0,29.500000345146056,131.0,12.0,0.0,25.0,55.0,12.0,AWW,25.0,AWW,5079.0,4929.0,10634.0
829,Switzerland,2.0,4.0,0.08,0.04,38.78250637071809,1623.0,29.50000049870416,148.0,21.0,25.0,40.0,2305.0,21.0,AWW,29.50000049870416,HARISS,5080.0,4584.0,10585.0
830,Switzerland,2.0,4.0,0.08,0.04,43.38897226456851,7561.0,36.50000030513244,1381.0,29.0,205.0,35.0,905.0,29.0,AWW,35.0,AWW,5100.0,4763.0,10611.0
831,Switzerland,2.0,4.0,0.08,0.04,37.57779223222807,9828.0,19.50000094780841,84.0,25.0,385.0,35.0,5329.0,19.50000094780841,HARISS,19.50000094780841,HARISS,5119.0,4786.0,10542.0
832,Switzerland,2.0,4.0,0.08,0.04,48.47449020328963,18172.0,36.50000092890298,1112.0,18.0,8.0,38.0,1549.0,18.0,AWW,36.50000092890298,HARISS,5060.0,4837.0,10552.0
833,Switzerland,2.0,4.0,0.08,0.04,44.812405931462315,11517.0,36.50000005240468,1088.0,25.0,118.0,28.0,207.0,25.0,AWW,28.0,AWW,5198.0,4853.0,10680.0
834,Switzerland,2.0,4.0,0.08,0.04,46.93089050479144,9126.0,36.50000077837667,768.0,25.0,15.0,35.0,516.0,25.0,AWW,35.0,AWW,5067.0,4848.0,10604.0
835,Switzerland,2.0,4.0,0.08,0.04,44.730343607253445,4556.0,33.5000008057359,227.0,24.0,10.0,34.0,266.0,24.0,AWW,33.5000008057359,HARISS,5078.0,4731.0,10751.0
836,Switzerland,2.0,4.0,0.08,0.04,37.85265365548161,2666.0,40.500000160005165,4497.0,12.0,0.0,21.0,3.0,12.0,AWW,21.0,AWW,5028.0,4675.0,10667.0
837,Switzerland,2.0,4.0,0.08,0.04,40.37920668588263,5164.0,29.50000052192552,450.0,31.0,632.0,32.0,805.0,29.50000052192552,HARISS,29.50000052192552,HARISS,5146.0,4777.0,10433.0
838,Switzerland,2.0,4.0,0.08,0.04,40.94289409481921,6600.0,36.500000327179386,2406.0,20.0,55.0,34.0,1362.0,20.0,AWW,34.0,AWW,5160.0,4677.0,10789.0
839,Switzerland,2.0,4.0,0.08,0.04,53.608177720314636,60952.0,36.500000244484426,1553.0,28.0,229.0,28.0,229.0,28.0,AWW,28.0,AWW,5188.0,4895.0,10614.0
840,Switzerland,2.0,4.0,0.08,0.04,36.46698778717602,9053.0,29.500000231814575,1631.0,31.0,2462.0,34.0,5197.0,29.500000231814575,HARISS,29.500000231814575,HARISS,5074.0,4820.0,10496.0
841,Switzerland,2.0,4.0,0.08,0.04,48.946867026596856,36292.0,33.50000010797253,1196.0,25.0,49.0,35.0,1845.0,25.0,AWW,33.50000010797253,HARISS,5096.0,4677.0,10739.0
842,Switzerland,2.0,4.0,0.08,0.04,47.915367164233395,12494.0,36.500000480272526,728.0,22.0,9.0,28.0,48.0,22.0,AWW,28.0,AWW,5120.0,4772.0,10415.0
843,Switzerland,2.0,4.0,0.08,0.04,33.45875358617663,2479.0,26.500000487622422,497.0,32.0,1775.0,33.0,2228.0,26.500000487622422,HARISS,26.500000487622422,HARISS,5101.0,4758.0,10581.0
844,Switzerland,2.0,4.0,0.08,0.04,50.74172199788912,29559.0,29.50000025739954,142.0,27.0,64.0,35.0,638.0,27.0,AWW,29.50000025739954,HARISS,5240.0,4789.0,10660.0
845,Switzerland,2.0,4.0,0.08,0.04,46.80310377068778,13971.0,40.500000291947984,3273.0,32.0,363.0,33.0,468.0,32.0,AWW,33.0,AWW,5085.0,4755.0,10704.0
846,Switzerland,2.0,4.0,0.08,0.04,41.74864413943381,2691.0,43.500000000146706,4062.0,27.0,56.0,35.0,531.0,27.0,AWW,35.0,AWW,5182.0,4761.0,10561.0
847,Switzerland,2.0,4.0,0.08,0.04,45.84875661967429,30262.0,33.500000015574265,1896.0,28.0,534.0,39.0,6457.0,28.0,AWW,33.500000015574265,HARISS,5079.0,4786.0,10710.0
848,Switzerland,2.0,4.0,0.08,0.04,37.26764757068289,6005.0,33.500000769334896,2602.0,24.0,303.0,29.0,1038.0,24.0,AWW,29.0,AWW,5058.0,4762.0,10617.0
849,Switzerland,2.0,4.0,0.08,0.04,31.543878091441584,1890.0,19.50000065071328,104.0,19.0,94.0,35.0,4217.0,19.0,AWW,19.50000065071328,HARISS,5112.0,4730.0,10698.0
850,Switzerland,2.0,4.0,0.08,0.04,11.779328810842443,0.0,33.50000059093166,3258.0,18.0,5.0,37.0,7215.0,11.779328810842443,ICU,11.779328810842443,ICU,5003.0,4779.0,10622.0
851,Switzerland,2.0,4.0,0.08,0.04,51.89550565997843,31562.0,43.50000009681335,4447.0,26.0,55.0,38.0,1078.0,26.0,AWW,38.0,AWW,5008.0,4818.0,10661.0
852,Switzerland,2.0,4.0,0.08,0.04,54.25989799395746,51761.0,47.500000237761355,12046.0,29.0,98.0,30.0,134.0,29.0,AWW,30.0,AWW,5242.0,4701.0,10661.0
853,Switzerland,2.0,4.0,0.08,0.04,46.805794009343344,20218.0,33.50000002599322,834.0,26.0,97.0,36.0,1600.0,26.0,AWW,33.50000002599322,HARISS,5025.0,4842.0,10772.0
854,Switzerland,2.0,4.0,0.08,0.04,30.688137196106826,819.0,33.500000459570174,1736.0,31.0,889.0,32.0,1185.0,30.688137196106826,ICU,30.688137196106826,ICU,5073.0,4674.0,10431.0
855,Switzerland,2.0,4.0,0.08,0.04,27.44125850915187,963.0,29.500000961832075,1633.0,26.0,649.0,30.0,1826.0,26.0,AWW,27.44125850915187,ICU,5065.0,4830.0,10600.0
856,Switzerland,2.0,4.0,0.08,0.04,15.648690503498953,271.0,12.500000086474323,157.0,3.0,0.0,40.0,13035.0,3.0,AWW,12.500000086474323,HARISS,5044.0,4831.0,10652.0
857,Switzerland,2.0,4.0,0.08,0.04,39.12706332031534,6483.0,29.500000852678014,670.0,15.0,3.0,16.0,5.0,15.0,AWW,16.0,AWW,5125.0,4718.0,10537.0
858,Switzerland,2.0,4.0,0.08,0.04,56.569745615324265,72415.0,36.500000410367505,362.0,34.0,174.0,35.0,249.0,34.0,AWW,35.0,AWW,5115.0,4744.0,10533.0
859,Switzerland,2.0,4.0,0.08,0.04,40.24696493264751,2789.0,36.500000038817916,1295.0,19.0,10.0,39.0,2064.0,19.0,AWW,36.500000038817916,HARISS,5125.0,4850.0,10605.0
860,Switzerland,2.0,4.0,0.08,0.04,24.956646462608973,2342.0,19.500000297737888,600.0,30.0,6371.0,38.0,36637.0,19.500000297737888,HARISS,19.500000297737888,HARISS,5033.0,4786.0,10719.0
861,Switzerland,2.0,4.0,0.08,0.04,4.8632227709156695,0.0,43.50000067977118,7896.0,25.0,47.0,26.0,66.0,4.8632227709156695,ICU,4.8632227709156695,ICU,5045.0,4845.0,10561.0
862,Switzerland,2.0,4.0,0.08,0.04,28.44147441727036,345.0,36.50000031748136,2276.0,20.0,65.0,34.0,1215.0,20.0,AWW,28.44147441727036,ICU,5148.0,4647.0,10496.0
863,Switzerland,2.0,4.0,0.08,0.04,42.613765763393204,10225.0,29.500000017232544,392.0,14.0,0.0,35.0,2154.0,14.0,AWW,29.500000017232544,HARISS,5067.0,4802.0,10456.0
864,Switzerland,2.0,4.0,0.08,0.04,40.978294191702794,6252.0,33.50000059317427,1258.0,15.0,11.0,16.0,11.0,15.0,AWW,16.0,AWW,5130.0,4735.0,10897.0
865,Switzerland,2.0,4.0,0.08,0.04,49.658323540735694,16198.0,43.500000828998395,4674.0,17.0,1.0,18.0,1.0,17.0,AWW,18.0,AWW,5134.0,4861.0,10691.0
866,Switzerland,2.0,4.0,0.08,0.04,27.088563628005183,872.0,29.500000710728678,1346.0,17.0,16.0,33.0,2473.0,17.0,AWW,27.088563628005183,ICU,5222.0,4766.0,10658.0
867,Switzerland,2.0,4.0,0.08,0.04,26.827292105255697,26.0,40.50000043200623,2711.0,19.0,0.0,38.0,1230.0,19.0,AWW,26.827292105255697,ICU,5159.0,4752.0,10603.0
868,Switzerland,2.0,4.0,0.08,0.04,36.9126587975994,5382.0,36.500000737121205,4928.0,30.0,879.0,34.0,2722.0,30.0,AWW,34.0,AWW,5171.0,4831.0,10721.0
869,Switzerland,2.0,4.0,0.08,0.04,48.02454030385074,15423.0,43.50000086783435,5646.0,31.0,216.0,35.0,704.0,31.0,AWW,35.0,AWW,5087.0,4828.0,10669.0
870,Switzerland,2.0,4.0,0.08,0.04,45.56798706412571,18832.0,29.500000633405392,406.0,21.0,52.0,40.0,5339.0,21.0,AWW,29.500000633405392,HARISS,5133.0,4857.0,10579.0
871,Switzerland,2.0,4.0,0.08,0.04,28.18640917136109,781.0,33.50000041887946,2401.0,23.0,235.0,35.0,3397.0,23.0,AWW,28.18640917136109,ICU,5121.0,4786.0,10564.0
872,Switzerland,2.0,4.0,0.08,0.04,31.09477164093708,4297.0,15.50000044535366,120.0,26.0,1251.0,33.0,6369.0,15.50000044535366,HARISS,15.50000044535366,HARISS,5013.0,4686.0,10763.0
873,Switzerland,2.0,4.0,0.08,0.04,45.95656617882918,8949.0,36.500000267354466,1090.0,28.0,98.0,39.0,1900.0,28.0,AWW,36.500000267354466,HARISS,5053.0,4779.0,10718.0
874,Switzerland,2.0,4.0,0.08,0.04,49.75159386254727,24457.0,36.500000142552295,1044.0,9.0,0.0,25.0,21.0,9.0,AWW,25.0,AWW,5028.0,4697.0,10707.0
875,Switzerland,2.0,4.0,0.08,0.04,41.92027502679006,3244.0,40.500000293326956,2290.0,23.0,47.0,36.0,718.0,23.0,AWW,36.0,AWW,5102.0,4718.0,10539.0
876,Switzerland,2.0,4.0,0.08,0.04,42.7580187320166,5325.0,36.50000024497996,1118.0,29.0,136.0,37.0,1306.0,29.0,AWW,36.50000024497996,HARISS,5076.0,4719.0,10658.0
877,Switzerland,2.0,4.0,0.08,0.04,33.69308327552329,788.0,40.500000804021184,4908.0,27.0,36.0,32.0,426.0,27.0,AWW,32.0,AWW,4988.0,4819.0,10563.0
878,Switzerland,2.0,4.0,0.08,0.04,40.12653120640676,3434.0,29.5000000882049,332.0,26.0,165.0,32.0,499.0,26.0,AWW,29.5000000882049,HARISS,5171.0,4798.0,10557.0
879,Switzerland,2.0,4.0,0.08,0.04,35.92077850592342,572.0,36.50000003854536,697.0,27.0,42.0,28.0,60.0,27.0,AWW,28.0,AWW,5264.0,4793.0,10544.0
880,Switzerland,2.0,4.0,0.08,0.04,58.35732954904169,144646.0,40.50000005367408,2495.0,29.0,110.0,34.0,478.0,29.0,AWW,34.0,AWW,5152.0,4740.0,10686.0
881,Switzerland,2.0,4.0,0.08,0.04,31.688145637148512,1073.0,33.50000000045268,1624.0,17.0,26.0,35.0,2269.0,17.0,AWW,31.688145637148512,ICU,5217.0,4675.0,10741.0
882,Switzerland,2.0,4.0,0.08,0.04,34.524543457771216,2097.0,36.50000093033135,3285.0,25.0,303.0,29.0,645.0,25.0,AWW,29.0,AWW,5179.0,4781.0,10724.0
883,Switzerland,2.0,4.0,0.08,0.04,40.628570509992095,5293.0,33.50000014894623,885.0,19.0,24.0,7.0,1.0,19.0,AWW,7.0,AWW,5197.0,4777.0,10622.0
884,Switzerland,2.0,4.0,0.08,0.04,31.102323211721746,1151.0,33.50000090813627,1917.0,17.0,32.0,30.0,863.0,17.0,AWW,30.0,AWW,5072.0,4692.0,10672.0
885,Switzerland,2.0,4.0,0.08,0.04,49.016761387547916,29433.0,40.50000063777405,4281.0,28.0,158.0,33.0,671.0,28.0,AWW,33.0,AWW,5166.0,4723.0,10605.0
886,Switzerland,2.0,4.0,0.08,0.04,18.24618826626312,34.0,22.50000099369229,81.0,21.0,57.0,27.0,213.0,18.24618826626312,ICU,18.24618826626312,ICU,5214.0,4793.0,10653.0
887,Switzerland,2.0,4.0,0.08,0.04,54.610605481275826,119749.0,40.50000061184805,5049.0,28.0,88.0,40.0,4422.0,28.0,AWW,40.0,AWW,4952.0,4703.0,10679.0
888,Switzerland,2.0,4.0,0.08,0.04,37.77448420313938,1996.0,33.50000086856466,815.0,25.0,91.0,34.0,896.0,25.0,AWW,33.50000086856466,HARISS,5159.0,4751.0,10745.0
889,Switzerland,2.0,4.0,0.08,0.04,44.31440183000549,8248.0,36.50000050457693,1264.0,18.0,79.0,19.0,81.0,18.0,AWW,19.0,AWW,5118.0,4872.0,10570.0
890,Switzerland,2.0,4.0,0.08,0.04,39.44985069332854,5289.0,29.500000494421194,763.0,16.0,6.0,33.0,1415.0,16.0,AWW,29.500000494421194,HARISS,5074.0,4866.0,10708.0
891,Switzerland,2.0,4.0,0.08,0.04,44.34143775971796,17455.0,36.500000755384136,3034.0,27.0,192.0,27.0,192.0,27.0,AWW,27.0,AWW,5127.0,4793.0,10688.0
892,Switzerland,2.0,4.0,0.08,0.04,46.71789905812237,14702.0,36.500000604301825,1689.0,24.0,50.0,25.0,73.0,24.0,AWW,25.0,AWW,5140.0,4882.0,10758.0
893,Switzerland,2.0,4.0,0.08,0.04,45.92442337984621,13615.0,43.50000083725662,7290.0,26.0,40.0,40.0,2780.0,26.0,AWW,40.0,AWW,4974.0,4630.0,10608.0
894,Switzerland,2.0,4.0,0.08,0.04,34.05189669081862,360.0,33.500000677363225,310.0,29.0,85.0,35.0,462.0,29.0,AWW,33.500000677363225,HARISS,5112.0,4765.0,10737.0
895,Switzerland,2.0,4.0,0.08,0.04,47.30304670798195,14069.0,29.50000000474226,120.0,27.0,46.0,28.0,71.0,27.0,AWW,28.0,AWW,5118.0,4697.0,10724.0
896,Switzerland,2.0,4.0,0.08,0.04,46.95781627522327,17990.0,36.500000082300936,1390.0,29.0,132.0,33.0,525.0,29.0,AWW,33.0,AWW,5075.0,4791.0,10689.0
897,Switzerland,2.0,4.0,0.08,0.04,49.23629369621893,21009.0,43.5000002296031,5377.0,22.0,34.0,29.0,149.0,22.0,AWW,29.0,AWW,4999.0,4754.0,10661.0
898,Switzerland,2.0,4.0,0.08,0.04,49.135166833741735,22485.0,40.50000099672431,2457.0,24.0,19.0,29.0,91.0,24.0,AWW,29.0,AWW,5024.0,4799.0,10370.0
899,Switzerland,2.0,4.0,0.08,0.04,38.257197144661816,670.0,47.50000061228335,7038.0,30.0,45.0,36.0,303.0,30.0,AWW,36.0,AWW,5019.0,4884.0,10702.0
900,Switzerland,2.0,4.0,0.08,0.04,42.106276463742674,6792.0,36.500000946261295,1564.0,25.0,71.0,5.0,0.0,25.0,AWW,5.0,AWW,5181.0,4837.0,10741.0
901,Switzerland,2.0,4.0,0.08,0.04,24.344117496231576,46.0,43.50000026757432,4846.0,26.0,61.0,35.0,500.0,24.344117496231576,ICU,24.344117496231576,ICU,5023.0,4789.0,10724.0
902,Switzerland,2.0,4.0,0.08,0.04,38.694283870786876,3645.0,29.500000030280695,413.0,31.0,612.0,32.0,772.0,29.500000030280695,HARISS,29.500000030280695,HARISS,5153.0,4920.0,10687.0
903,Switzerland,2.0,4.0,0.08,0.04,45.377387167893225,7130.0,33.500000891291855,396.0,18.0,0.0,35.0,577.0,18.0,AWW,33.500000891291855,HARISS,5111.0,4656.0,10645.0
904,Switzerland,2.0,4.0,0.08,0.04,53.373668248102355,84862.0,36.50000088943297,2439.0,35.0,1748.0,36.0,2193.0,35.0,AWW,36.0,AWW,4978.0,4841.0,10686.0
905,Switzerland,2.0,4.0,0.08,0.04,42.17612638785167,23258.0,26.50000005640587,462.0,27.0,559.0,18.0,27.0,26.50000005640587,HARISS,18.0,AWW,5137.0,4805.0,10525.0
906,Switzerland,2.0,4.0,0.08,0.04,49.017234123255456,17308.0,43.500000648878505,4137.0,31.0,46.0,32.0,85.0,31.0,AWW,32.0,AWW,5047.0,4847.0,10776.0
907,Switzerland,2.0,4.0,0.08,0.04,52.42413784052885,38222.0,43.500000632341745,4192.0,17.0,3.0,36.0,669.0,17.0,AWW,36.0,AWW,5189.0,4666.0,10689.0
908,Switzerland,2.0,4.0,0.08,0.04,51.92672154103558,59038.0,36.50000080949755,1490.0,33.0,578.0,37.0,1685.0,33.0,AWW,36.50000080949755,HARISS,5042.0,4778.0,10605.0
909,Switzerland,2.0,4.0,0.08,0.04,37.43025288333938,8466.0,29.500000225694823,1273.0,27.0,653.0,34.0,4004.0,27.0,AWW,29.500000225694823,HARISS,5127.0,4856.0,10533.0
910,Switzerland,2.0,4.0,0.08,0.04,55.37609731159897,55133.0,33.500000090909154,213.0,12.0,0.0,29.0,75.0,12.0,AWW,29.0,AWW,5320.0,4807.0,10784.0
911,Switzerland,2.0,4.0,0.08,0.04,47.00001058830171,8816.0,43.500000994226255,3441.0,7.0,0.0,37.0,575.0,7.0,AWW,37.0,AWW,5042.0,4831.0,10624.0
912,Switzerland,2.0,4.0,0.08,0.04,27.306536847429374,2163.0,19.50000042436988,251.0,22.0,592.0,40.0,25838.0,19.50000042436988,HARISS,19.50000042436988,HARISS,5217.0,4796.0,10847.0
913,Switzerland,2.0,4.0,0.08,0.04,20.331032202771457,788.0,26.500000599812555,3401.0,30.0,7350.0,35.0,21664.0,20.331032202771457,ICU,20.331032202771457,ICU,5019.0,4657.0,10544.0
914,Switzerland,2.0,4.0,0.08,0.04,31.230540106261504,1557.0,29.50000077214585,1147.0,26.0,524.0,38.0,5625.0,26.0,AWW,29.50000077214585,HARISS,5143.0,4807.0,10620.0
915,Switzerland,2.0,4.0,0.08,0.04,36.289123313359944,2531.0,33.50000004252637,1304.0,25.0,140.0,40.0,5739.0,25.0,AWW,33.50000004252637,HARISS,5078.0,4772.0,10690.0
916,Switzerland,2.0,4.0,0.08,0.04,46.01492268087463,13624.0,40.50000011435639,3582.0,27.0,117.0,28.0,159.0,27.0,AWW,28.0,AWW,5045.0,4704.0,10703.0
917,Switzerland,2.0,4.0,0.08,0.04,48.78048599950125,17408.0,40.50000089327763,2278.0,25.0,61.0,32.0,282.0,25.0,AWW,32.0,AWW,4929.0,4660.0,10742.0
918,Switzerland,2.0,4.0,0.08,0.04,40.79902611477719,2155.0,33.50000047795408,321.0,32.0,212.0,33.0,274.0,32.0,AWW,33.0,AWW,5216.0,4828.0,10673.0
919,Switzerland,2.0,4.0,0.08,0.04,28.903724241155217,237.0,33.500000135007184,1030.0,25.0,71.0,30.0,330.0,25.0,AWW,28.903724241155217,ICU,5113.0,4668.0,10575.0
920,Switzerland,2.0,4.0,0.08,0.04,39.15896932079323,2525.0,36.50000010519753,1246.0,16.0,3.0,38.0,1834.0,16.0,AWW,36.50000010519753,HARISS,5043.0,4907.0,10643.0
921,Switzerland,2.0,4.0,0.08,0.04,48.73061171715067,15106.0,26.500000842228445,43.0,32.0,159.0,35.0,416.0,26.500000842228445,HARISS,26.500000842228445,HARISS,5158.0,4817.0,10545.0
922,Switzerland,2.0,4.0,0.08,0.04,29.73051230721195,800.0,29.500000404915003,746.0,30.0,853.0,36.0,3912.0,29.500000404915003,HARISS,29.500000404915003,HARISS,5086.0,4838.0,10557.0
923,Switzerland,2.0,4.0,0.08,0.04,36.82071294365354,6069.0,36.500000584365516,5707.0,31.0,1851.0,38.0,7750.0,31.0,AWW,36.500000584365516,HARISS,5138.0,4792.0,10711.0
924,Switzerland,2.0,4.0,0.08,0.04,44.75846949022053,8821.0,40.500000998586806,2804.0,17.0,0.0,29.0,196.0,17.0,AWW,29.0,AWW,5096.0,4696.0,10640.0
925,Switzerland,2.0,4.0,0.08,0.04,33.330329149923344,4005.0,33.500000399768446,4149.0,27.0,987.0,39.0,13693.0,27.0,AWW,33.330329149923344,ICU,5192.0,4758.0,10841.0
926,Switzerland,2.0,4.0,0.08,0.04,20.320903330421814,125.0,33.50000012587627,1963.0,14.0,42.0,33.0,1738.0,14.0,AWW,20.320903330421814,ICU,5086.0,4716.0,10605.0
927,Switzerland,2.0,4.0,0.08,0.04,67.0566603058543,248338.0,33.5000001048765,205.0,29.0,53.0,32.0,118.0,29.0,AWW,32.0,AWW,5130.0,4762.0,10515.0
928,Switzerland,2.0,4.0,0.08,0.04,27.830856840381532,290.0,36.50000013517773,2148.0,20.0,28.0,33.0,878.0,20.0,AWW,27.830856840381532,ICU,5117.0,4717.0,10674.0
929,Switzerland,2.0,4.0,0.08,0.04,25.951663617135406,19.0,36.500000451380494,1025.0,27.0,24.0,33.0,236.0,25.951663617135406,ICU,25.951663617135406,ICU,5059.0,4713.0,10631.0
930,Switzerland,2.0,4.0,0.08,0.04,31.07526344973364,1566.0,36.500000736794455,5250.0,30.0,1213.0,35.0,3842.0,30.0,AWW,31.07526344973364,ICU,5139.0,4870.0,10611.0
931,Switzerland,2.0,4.0,0.08,0.04,33.7536120845956,3357.0,33.50000082216399,3095.0,16.0,11.0,36.0,6398.0,16.0,AWW,33.50000082216399,HARISS,5234.0,4750.0,10601.0
932,Switzerland,2.0,4.0,0.08,0.04,46.7037258482035,9145.0,33.50000030142445,373.0,12.0,0.0,22.0,7.0,12.0,AWW,22.0,AWW,5094.0,4756.0,10815.0
933,Switzerland,2.0,4.0,0.08,0.04,42.09327903723674,3147.0,33.50000023073069,221.0,19.0,2.0,33.0,189.0,19.0,AWW,33.0,AWW,5031.0,4809.0,10629.0
934,Switzerland,2.0,4.0,0.08,0.04,48.93932296374541,89234.0,33.50000056416521,4078.0,25.0,291.0,31.0,2134.0,25.0,AWW,31.0,AWW,4904.0,4748.0,10769.0
935,Switzerland,2.0,4.0,0.08,0.04,43.27296561347719,6924.0,33.500000325233586,574.0,21.0,32.0,38.0,1870.0,21.0,AWW,33.500000325233586,HARISS,5176.0,4783.0,10782.0
936,Switzerland,2.0,4.0,0.08,0.04,27.934757192699294,641.0,26.500000458607637,469.0,30.0,1073.0,31.0,1379.0,26.500000458607637,HARISS,26.500000458607637,HARISS,5116.0,4747.0,10742.0
937,Switzerland,2.0,4.0,0.08,0.04,43.709844252399456,7133.0,40.500000841643484,3215.0,32.0,367.0,36.0,1011.0,32.0,AWW,36.0,AWW,4993.0,4781.0,10571.0
938,Switzerland,2.0,4.0,0.08,0.04,38.54643252037898,1936.0,33.50000013071109,646.0,32.0,510.0,33.0,600.0,32.0,AWW,33.0,AWW,5062.0,4800.0,10614.0
939,Switzerland,2.0,4.0,0.08,0.04,53.56349295951238,96274.0,36.50000094538902,2707.0,16.0,2.0,36.0,2424.0,16.0,AWW,36.0,AWW,5048.0,4792.0,10595.0
940,Switzerland,2.0,4.0,0.08,0.04,46.2843348982062,8388.0,33.50000083871045,181.0,27.0,14.0,38.0,733.0,27.0,AWW,33.50000083871045,HARISS,5125.0,4848.0,10724.0
941,Switzerland,2.0,4.0,0.08,0.04,44.96267626978965,13408.0,33.500000988401666,853.0,6.0,0.0,29.0,213.0,6.0,AWW,29.0,AWW,5145.0,4778.0,10497.0
942,Switzerland,2.0,4.0,0.08,0.04,48.49162776062218,14502.0,36.5000004471991,552.0,19.0,1.0,39.0,1156.0,19.0,AWW,36.5000004471991,HARISS,5116.0,4929.0,10764.0
943,Switzerland,2.0,4.0,0.08,0.04,36.75567313948195,2279.0,26.500000709783734,221.0,25.0,163.0,41.0,6208.0,25.0,AWW,26.500000709783734,HARISS,5031.0,4714.0,10751.0
944,Switzerland,2.0,4.0,0.08,0.04,41.63624223141781,3101.0,43.50000024134037,4714.0,23.0,31.0,23.0,31.0,23.0,AWW,23.0,AWW,5111.0,4721.0,10682.0
945,Switzerland,2.0,4.0,0.08,0.04,20.73960707584342,326.0,19.500000841633245,251.0,30.0,2371.0,34.0,5801.0,19.500000841633245,HARISS,19.500000841633245,HARISS,5248.0,4715.0,10632.0
946,Switzerland,2.0,4.0,0.08,0.04,30.06458490637287,726.0,33.50000030948189,1514.0,30.0,715.0,37.0,3131.0,30.0,AWW,30.06458490637287,ICU,4979.0,4920.0,10507.0
947,Switzerland,2.0,4.0,0.08,0.04,51.61386831214759,34467.0,40.50000040694328,2737.0,20.0,4.0,36.0,783.0,20.0,AWW,36.0,AWW,5038.0,4710.0,10722.0
948,Switzerland,2.0,4.0,0.08,0.04,61.41839447909468,261382.0,36.500000274936845,1441.0,28.0,236.0,34.0,916.0,28.0,AWW,34.0,AWW,4945.0,4736.0,10543.0
949,Switzerland,2.0,4.0,0.08,0.04,45.66265890744028,10740.0,36.500000209478756,1288.0,22.0,2.0,31.0,295.0,22.0,AWW,31.0,AWW,5260.0,4755.0,10615.0
950,Switzerland,2.0,4.0,0.08,0.04,39.773144517560326,4980.0,36.50000005428172,2320.0,19.0,19.0,35.0,1657.0,19.0,AWW,35.0,AWW,5244.0,4714.0,10752.0
951,Switzerland,2.0,4.0,0.08,0.04,40.11116311935363,1468.0,36.50000039803035,587.0,26.0,49.0,34.0,308.0,26.0,AWW,34.0,AWW,5159.0,4874.0,10749.0
952,Switzerland,2.0,4.0,0.08,0.04,18.449188965040555,935.0,15.500000993245159,518.0,30.0,8712.0,21.0,1547.0,15.500000993245159,HARISS,15.500000993245159,HARISS,5220.0,4790.0,10593.0
953,Switzerland,2.0,4.0,0.08,0.04,29.06534709831596,979.0,33.50000065954087,2471.0,29.0,964.0,30.0,1217.0,29.0,AWW,29.06534709831596,ICU,5151.0,4840.0,10873.0
954,Switzerland,2.0,4.0,0.08,0.04,39.177757168867025,3752.0,36.500000534796335,2035.0,17.0,20.0,35.0,1470.0,17.0,AWW,35.0,AWW,5012.0,4735.0,10612.0
955,Switzerland,2.0,4.0,0.08,0.04,55.094786321694755,475887.0,26.500000961813573,940.0,29.0,1514.0,34.0,4067.0,26.500000961813573,HARISS,26.500000961813573,HARISS,5194.0,4682.0,10700.0
956,Switzerland,2.0,4.0,0.08,0.04,62.06549455152775,216586.0,43.50000080282596,2080.0,17.0,0.0,36.0,149.0,17.0,AWW,36.0,AWW,5094.0,4685.0,10592.0
957,Switzerland,2.0,4.0,0.08,0.04,61.68411458136512,263801.0,43.50000048346297,3170.0,17.0,1.0,40.0,1002.0,17.0,AWW,40.0,AWW,5250.0,4820.0,10543.0
958,Switzerland,2.0,4.0,0.08,0.04,39.947924006014034,7122.0,36.500000238937865,2976.0,20.0,49.0,33.0,1249.0,20.0,AWW,33.0,AWW,5083.0,4781.0,10619.0
959,Switzerland,2.0,4.0,0.08,0.04,42.08706119768681,6563.0,40.500000766692715,4276.0,16.0,7.0,35.0,1199.0,16.0,AWW,35.0,AWW,5099.0,4765.0,10802.0
960,Switzerland,2.0,4.0,0.08,0.04,48.93700221067426,22450.0,36.50000021448625,1025.0,28.0,59.0,39.0,2005.0,28.0,AWW,36.50000021448625,HARISS,5194.0,4657.0,10414.0
961,Switzerland,2.0,4.0,0.08,0.04,29.36450588854633,119.0,36.50000076982007,1146.0,11.0,0.0,29.0,102.0,11.0,AWW,29.0,AWW,5201.0,4739.0,10708.0
962,Switzerland,2.0,4.0,0.08,0.04,45.383759303063094,14101.0,40.500000092686726,4146.0,11.0,0.0,40.0,3591.0,11.0,AWW,40.0,AWW,5098.0,4791.0,10697.0
963,Switzerland,2.0,4.0,0.08,0.04,50.54683866079817,18780.0,36.500000706960215,580.0,12.0,2.0,37.0,639.0,12.0,AWW,36.500000706960215,HARISS,5063.0,4707.0,10547.0
964,Switzerland,2.0,4.0,0.08,0.04,38.69025363024995,10462.0,22.50000058775713,255.0,23.0,285.0,35.0,4435.0,22.50000058775713,HARISS,22.50000058775713,HARISS,5055.0,4724.0,10639.0
965,Switzerland,2.0,4.0,0.08,0.04,43.05551332260314,3523.0,22.500000466154663,19.0,30.0,127.0,31.0,179.0,22.500000466154663,HARISS,22.500000466154663,HARISS,5027.0,4726.0,10883.0
966,Switzerland,2.0,4.0,0.08,0.04,32.8020574993733,248.0,40.500000880459964,2318.0,17.0,7.0,28.0,60.0,17.0,AWW,28.0,AWW,5140.0,4675.0,10468.0
967,Switzerland,2.0,4.0,0.08,0.04,51.21235570554182,52205.0,33.50000086025569,893.0,13.0,0.0,35.0,1321.0,13.0,AWW,33.50000086025569,HARISS,5239.0,4810.0,10516.0
968,Switzerland,2.0,4.0,0.08,0.04,43.87032078393732,9981.0,36.50000018263323,1613.0,31.0,312.0,32.0,408.0,31.0,AWW,32.0,AWW,5074.0,4738.0,10635.0
969,Switzerland,2.0,4.0,0.08,0.04,51.455502180466404,26100.0,43.50000021728407,3237.0,31.0,110.0,32.0,141.0,31.0,AWW,32.0,AWW,5145.0,4801.0,10707.0
970,Switzerland,2.0,4.0,0.08,0.04,42.225636167958555,7985.0,29.50000025750286,366.0,32.0,640.0,36.0,1689.0,29.50000025750286,HARISS,29.50000025750286,HARISS,5081.0,4687.0,10716.0
971,Switzerland,2.0,4.0,0.08,0.04,37.58343652523683,1530.0,19.500000344868504,11.0,28.0,110.0,37.0,1319.0,19.500000344868504,HARISS,19.500000344868504,HARISS,4946.0,4754.0,10554.0
972,Switzerland,2.0,4.0,0.08,0.04,57.38804258402509,218955.0,33.500000809377006,1008.0,16.0,5.0,34.0,1150.0,16.0,AWW,33.500000809377006,HARISS,5129.0,4844.0,10581.0
973,Switzerland,2.0,4.0,0.08,0.04,31.439365068148778,1306.0,33.50000001321839,2683.0,27.0,199.0,28.0,332.0,27.0,AWW,28.0,AWW,5044.0,4826.0,10588.0
974,Switzerland,2.0,4.0,0.08,0.04,30.78206955668526,572.0,33.50000003722162,1299.0,23.0,26.0,31.0,606.0,23.0,AWW,30.78206955668526,ICU,5091.0,4780.0,10745.0
975,Switzerland,2.0,4.0,0.08,0.04,46.42131442879445,7482.0,36.500000460319356,451.0,34.0,226.0,34.0,226.0,34.0,AWW,34.0,AWW,5077.0,4758.0,10637.0
976,Switzerland,2.0,4.0,0.08,0.04,10.31276008774864,24.0,36.50000066586956,1086.0,14.0,26.0,35.0,778.0,10.31276008774864,ICU,10.31276008774864,ICU,5252.0,4836.0,10587.0
977,Switzerland,2.0,4.0,0.08,0.04,45.973906376859404,18741.0,36.50000035094314,2064.0,20.0,9.0,41.0,5824.0,20.0,AWW,36.50000035094314,HARISS,5168.0,4768.0,10639.0
978,Switzerland,2.0,4.0,0.08,0.04,38.21547446706909,2694.0,40.500000168780346,4679.0,35.0,1175.0,36.0,1517.0,35.0,AWW,36.0,AWW,4993.0,4878.0,10517.0
979,Switzerland,2.0,4.0,0.08,0.04,46.54794697306929,11251.0,19.500000296968793,9.0,20.0,11.0,32.0,451.0,19.500000296968793,HARISS,19.500000296968793,HARISS,5014.0,4850.0,10689.0
980,Switzerland,2.0,4.0,0.08,0.04,52.69187850634516,123217.0,33.50000024502419,2588.0,24.0,150.0,33.0,2366.0,24.0,AWW,33.0,AWW,5068.0,4737.0,10838.0
981,Switzerland,2.0,4.0,0.08,0.04,43.12132257482179,33250.0,33.50000013029989,4332.0,29.0,1337.0,34.0,4840.0,29.0,AWW,33.50000013029989,HARISS,5137.0,4669.0,10776.0
982,Switzerland,2.0,4.0,0.08,0.04,28.215237545423925,1325.0,26.50000063912278,913.0,19.0,42.0,20.0,83.0,19.0,AWW,20.0,AWW,5065.0,4655.0,10532.0
983,Switzerland,2.0,4.0,0.08,0.04,25.557612389138345,300.0,29.500000424643797,786.0,30.0,898.0,39.0,8496.0,25.557612389138345,ICU,25.557612389138345,ICU,5101.0,4726.0,10520.0
984,Switzerland,2.0,4.0,0.08,0.04,39.029178406208835,13837.0,29.50000042651609,1628.0,25.0,556.0,35.0,5574.0,25.0,AWW,29.50000042651609,HARISS,5058.0,4706.0,10512.0
985,Switzerland,2.0,4.0,0.08,0.04,34.72605383109196,4241.0,26.500000591170437,497.0,26.0,412.0,29.0,1034.0,26.0,AWW,26.500000591170437,HARISS,5014.0,4724.0,10585.0
986,Switzerland,2.0,4.0,0.08,0.04,47.99497192102077,13136.0,36.50000085175429,879.0,27.0,103.0,27.0,103.0,27.0,AWW,27.0,AWW,4978.0,4796.0,10617.0
987,Switzerland,2.0,4.0,0.08,0.04,38.56345849876108,1881.0,40.50000090251585,2980.0,22.0,36.0,29.0,192.0,22.0,AWW,29.0,AWW,5166.0,4792.0,10643.0
988,Switzerland,2.0,4.0,0.08,0.04,42.52325056170169,6235.0,12.500000584628928,2.0,19.0,2.0,36.0,1214.0,12.500000584628928,HARISS,12.500000584628928,HARISS,5134.0,4871.0,10591.0
989,Switzerland,2.0,4.0,0.08,0.04,33.350912489891066,1065.0,40.50000034765811,5271.0,17.0,33.0,33.0,984.0,17.0,AWW,33.0,AWW,5143.0,4856.0,10673.0
990,Switzerland,2.0,4.0,0.08,0.04,29.79064067794153,2129.0,26.500000245800823,982.0,27.0,1131.0,30.0,2246.0,26.500000245800823,HARISS,26.500000245800823,HARISS,5131.0,4715.0,10506.0
991,Switzerland,2.0,4.0,0.08,0.04,49.43096400853473,24798.0,29.5000001814626,187.0,4.0,0.0,37.0,1074.0,4.0,AWW,29.5000001814626,HARISS,5032.0,4844.0,10832.0
992,Switzerland,2.0,4.0,0.08,0.04,24.557386781399337,571.0,29.500000001080146,1288.0,28.0,1005.0,39.0,10051.0,24.557386781399337,ICU,24.557386781399337,ICU,5070.0,4690.0,10552.0
993,Switzerland,2.0,4.0,0.08,0.04,43.0936952451513,3787.0,33.500000132956444,203.0,28.0,59.0,14.0,0.0,28.0,AWW,14.0,AWW,5115.0,4807.0,10739.0
994,Switzerland,2.0,4.0,0.08,0.04,16.43886306560421,165.0,36.500000138559656,2629.0,24.0,487.0,37.0,2881.0,16.43886306560421,ICU,16.43886306560421,ICU,5146.0,4789.0,10661.0
995,Switzerland,2.0,4.0,0.08,0.04,53.03257476675193,64431.0,36.50000032718618,1109.0,28.0,73.0,38.0,1791.0,28.0,AWW,36.50000032718618,HARISS,5196.0,4685.0,10706.0
996,Switzerland,2.0,4.0,0.08,0.04,41.42552850429789,2099.0,40.50000042745265,1688.0,14.0,0.0,32.0,178.0,14.0,AWW,32.0,AWW,4970.0,4715.0,10759.0
997,Switzerland,2.0,4.0,0.08,0.04,43.92486833458137,3832.0,43.50000081918836,3517.0,24.0,6.0,36.0,569.0,24.0,AWW,36.0,AWW,5068.0,4678.0,10798.0
998,Switzerland,2.0,4.0,0.08,0.04,45.22466286707422,7064.0,40.50000019734284,2378.0,27.0,81.0,35.0,505.0,27.0,AWW,35.0,AWW,5135.0,4702.0,10750.0
999,Switzerland,2.0,4.0,0.08,0.04,37.98099996104833,2445.0,26.5000005391272,153.0,33.0,688.0,37.0,1885.0,26.5000005391272,HARISS,26.5000005391272,HARISS,5144.0,4747.0,10681.0
1000,Switzerland,2.0,4.0,0.08,0.04,42.68213106803216,6652.0,33.50000056691611,724.0,28.0,136.0,35.0,1043.0,28.0,AWW,33.50000056691611,HARISS,5025.0,4788.0,10625.0
