sample_id,country,R0,gen_time,p_det,false_positive_rate,icu_detection_time,icu_local_cases,hariss_detection_time,hariss_local_cases,aww_detection_time,aww_local_cases,earliest_detection_time,earliest_surveillance_type,total_latent,total_infectious,total_detectable
1,Switzerland,2.0,4.0,0.08,0.04,35.878212121623804,878.0,36.500000560743814,989.0,35.0,734.0,35.0,AWW,2145.0,1917.0,4420.0
2,Switzerland,2.0,4.0,0.08,0.04,43.743035097476984,2718.0,36.500000341103465,549.0,24.0,29.0,24.0,AWW,1996.0,1975.0,4286.0
3,Switzerland,2.0,4.0,0.08,0.04,44.87937305346464,1332.0,47.50000004568303,2288.0,37.0,278.0,37.0,AWW,2102.0,1974.0,4385.0
4,Switzerland,2.0,4.0,0.08,0.04,36.0826698178996,552.0,36.500000855873424,618.0,38.0,889.0,36.0826698178996,ICU,2079.0,1890.0,4438.0
5,Switzerland,2.0,4.0,0.08,0.04,57.50466169697844,1146.0,Inf,NaN,36.0,16.0,36.0,AWW,2164.0,1900.0,4425.0
6,Switzerland,2.0,4.0,0.08,0.04,42.232942855738166,2721.0,43.500000757062544,3584.0,38.0,1089.0,38.0,AWW,2089.0,1887.0,4318.0
7,Switzerland,2.0,4.0,0.08,0.04,51.26822688270208,4850.0,40.500000608792526,487.0,37.0,232.0,37.0,AWW,2016.0,2004.0,4327.0
8,Switzerland,2.0,4.0,0.08,0.04,58.076930173576976,1601.0,Inf,NaN,34.0,12.0,34.0,AWW,2080.0,1940.0,4386.0
9,Switzerland,2.0,4.0,0.08,0.04,42.45660514259901,336.0,54.5000001073061,4506.0,33.0,37.0,33.0,AWW,2028.0,2022.0,4305.0
10,Switzerland,2.0,4.0,0.08,0.04,47.66046340489485,1262.0,50.50000043373048,2314.0,41.0,281.0,41.0,AWW,2185.0,1939.0,4298.0
11,Switzerland,2.0,4.0,0.08,0.04,44.669758031229854,2681.0,40.50000062623916,1109.0,12.0,0.0,12.0,AWW,2007.0,1885.0,4372.0
12,Switzerland,2.0,4.0,0.08,0.04,39.308573175226385,342.0,47.50000038680301,1791.0,41.0,451.0,39.308573175226385,ICU,2029.0,1924.0,4288.0
13,Switzerland,2.0,4.0,0.08,0.04,51.19764043492684,2259.0,47.50000074156242,981.0,37.0,122.0,37.0,AWW,2023.0,1963.0,4263.0
14,Switzerland,2.0,4.0,0.08,0.04,34.130362241959695,49.0,54.50000093391236,3852.0,32.0,31.0,32.0,AWW,2114.0,1888.0,4345.0
15,Switzerland,2.0,4.0,0.08,0.04,48.12963581682112,250.0,Inf,NaN,6.0,0.0,6.0,AWW,2065.0,1841.0,4225.0
16,Switzerland,2.0,4.0,0.08,0.04,42.07103091308519,2479.0,47.50000043587698,7820.0,34.0,409.0,34.0,AWW,2148.0,1943.0,4307.0
17,Switzerland,2.0,4.0,0.08,0.04,41.290935702966955,1606.0,33.50000032210632,298.0,34.0,321.0,33.50000032210632,HARISS,2074.0,1998.0,4282.0
18,Switzerland,2.0,4.0,0.08,0.04,51.95276590644605,1418.0,Inf,NaN,39.0,74.0,39.0,AWW,2035.0,1909.0,4346.0
19,Switzerland,2.0,4.0,0.08,0.04,22.44802930606171,405.0,26.500000817250317,785.0,37.0,3606.0,22.44802930606171,ICU,2161.0,1923.0,4413.0
20,Switzerland,2.0,4.0,0.08,0.04,49.14174015519447,1818.0,47.50000011275885,1229.0,31.0,35.0,31.0,AWW,2072.0,1949.0,4296.0
21,Switzerland,2.0,4.0,0.08,0.04,38.05154043549928,1854.0,36.500000595312116,1274.0,35.0,911.0,35.0,AWW,2059.0,1954.0,4373.0
22,Switzerland,2.0,4.0,0.08,0.04,37.80208062119312,205.0,47.50000081797389,1565.0,29.0,38.0,29.0,AWW,2085.0,1916.0,4296.0
23,Switzerland,2.0,4.0,0.08,0.04,49.115798296354384,624.0,40.500000656654244,271.0,38.0,207.0,38.0,AWW,2044.0,1916.0,4265.0
24,Switzerland,2.0,4.0,0.08,0.04,34.343158043618224,375.0,40.50000006296175,1168.0,37.0,588.0,34.343158043618224,ICU,2070.0,1975.0,4425.0
25,Switzerland,2.0,4.0,0.08,0.04,50.65376014879681,1141.0,43.50000086918832,258.0,26.0,10.0,26.0,AWW,2106.0,1946.0,4331.0
26,Switzerland,2.0,4.0,0.08,0.04,55.298922826943404,2353.0,43.50000017151653,217.0,35.0,49.0,35.0,AWW,2069.0,1892.0,4294.0
27,Switzerland,2.0,4.0,0.08,0.04,36.07707370612843,197.0,50.50000074120417,3909.0,25.0,17.0,25.0,AWW,2120.0,1997.0,4333.0
28,Switzerland,2.0,4.0,0.08,0.04,19.667642243523428,458.0,19.500000107786352,455.0,41.0,27255.0,19.500000107786352,HARISS,2107.0,1939.0,4335.0
29,Switzerland,2.0,4.0,0.08,0.04,50.565202606564114,1195.0,54.50000011337557,2718.0,31.0,25.0,31.0,AWW,2008.0,1941.0,4387.0
30,Switzerland,2.0,4.0,0.08,0.04,51.4647875184692,820.0,43.50000023971857,157.0,33.0,33.0,33.0,AWW,2100.0,1963.0,4268.0
31,Switzerland,2.0,4.0,0.08,0.04,47.848706094571654,1195.0,43.500000591230545,473.0,30.0,27.0,30.0,AWW,2102.0,1902.0,4274.0
32,Switzerland,2.0,4.0,0.08,0.04,46.24737395286271,1090.0,50.500000872103755,2702.0,27.0,17.0,27.0,AWW,2163.0,1959.0,4332.0
33,Switzerland,2.0,4.0,0.08,0.04,54.843179329600126,4797.0,40.50000066284843,233.0,37.0,111.0,37.0,AWW,2099.0,1881.0,4342.0
34,Switzerland,2.0,4.0,0.08,0.04,46.50332551910628,3644.0,43.500000079433256,1809.0,21.0,11.0,21.0,AWW,2089.0,1942.0,4293.0
35,Switzerland,2.0,4.0,0.08,0.04,29.49504650531296,435.0,33.50000029485045,1063.0,33.0,946.0,29.49504650531296,ICU,2085.0,1948.0,4360.0
36,Switzerland,2.0,4.0,0.08,0.04,36.001131758674866,895.0,40.50000078436155,2420.0,23.0,56.0,23.0,AWW,2113.0,1970.0,4286.0
37,Switzerland,2.0,4.0,0.08,0.04,29.355906163787832,106.0,36.50000025560805,455.0,29.0,96.0,29.0,AWW,2061.0,2029.0,4497.0
38,Switzerland,2.0,4.0,0.08,0.04,37.04109031020935,3523.0,29.500000535935566,687.0,36.0,2764.0,29.500000535935566,HARISS,2105.0,2010.0,4274.0
39,Switzerland,2.0,4.0,0.08,0.04,51.148738828871934,1392.0,50.50000035173674,1202.0,38.0,102.0,38.0,AWW,2072.0,2072.0,4450.0
40,Switzerland,2.0,4.0,0.08,0.04,44.682773236405644,560.0,47.50000074023865,1075.0,38.0,155.0,38.0,AWW,2100.0,1920.0,4362.0
41,Switzerland,2.0,4.0,0.08,0.04,20.777770124513648,1684.0,19.50000035577704,1436.0,24.0,2533.0,19.50000035577704,HARISS,2154.0,1946.0,4372.0
42,Switzerland,2.0,4.0,0.08,0.04,44.76523404927394,1831.0,47.500000084770896,3310.0,31.0,89.0,31.0,AWW,2180.0,1964.0,4250.0
43,Switzerland,2.0,4.0,0.08,0.04,36.97074052497715,2489.0,36.500000569704106,2234.0,26.0,64.0,26.0,AWW,2065.0,1953.0,4309.0
44,Switzerland,2.0,4.0,0.08,0.04,41.451928190551435,755.0,50.500000614612105,5718.0,35.0,172.0,35.0,AWW,2058.0,1916.0,4412.0
45,Switzerland,2.0,4.0,0.08,0.04,44.436208479969025,232.0,Inf,NaN,32.0,8.0,32.0,AWW,2094.0,1928.0,4199.0
46,Switzerland,2.0,4.0,0.08,0.04,34.12982110799333,1421.0,40.500000947574094,5752.0,31.0,655.0,31.0,AWW,2154.0,1968.0,4282.0
47,Switzerland,2.0,4.0,0.08,0.04,9.118660842210799,0.0,Inf,NaN,26.0,1.0,9.118660842210799,ICU,2128.0,1955.0,4243.0
48,Switzerland,2.0,4.0,0.08,0.04,30.496590654843544,320.0,40.50000055233599,2629.0,33.0,508.0,30.496590654843544,ICU,2139.0,1801.0,4373.0
49,Switzerland,2.0,4.0,0.08,0.04,16.1885310450825,232.0,22.500000478708618,1088.0,34.0,13232.0,16.1885310450825,ICU,1987.0,1977.0,4469.0
50,Switzerland,2.0,4.0,0.08,0.04,53.21097837951054,1941.0,Inf,NaN,36.0,35.0,36.0,AWW,2054.0,1930.0,4429.0
51,Switzerland,2.0,4.0,0.08,0.04,29.347057313278928,110.0,33.50000067016797,234.0,36.0,355.0,29.347057313278928,ICU,2074.0,1898.0,4258.0
52,Switzerland,2.0,4.0,0.08,0.04,52.30576473943643,453.0,50.500000266869435,300.0,33.0,14.0,33.0,AWW,2068.0,1901.0,4386.0
53,Switzerland,2.0,4.0,0.08,0.04,29.751703130322674,137.0,40.50000090840044,2106.0,42.0,3139.0,29.751703130322674,ICU,2059.0,1864.0,4220.0
54,Switzerland,2.0,4.0,0.08,0.04,41.328464825808716,1671.0,36.50000005235859,598.0,35.0,440.0,35.0,AWW,2143.0,1870.0,4411.0
55,Switzerland,2.0,4.0,0.08,0.04,45.851065050540754,231.0,54.500000566829165,1631.0,28.0,14.0,28.0,AWW,2102.0,1975.0,4375.0
56,Switzerland,2.0,4.0,0.08,0.04,49.81259266053492,154.0,Inf,NaN,36.0,18.0,36.0,AWW,2109.0,1952.0,4388.0
57,Switzerland,2.0,4.0,0.08,0.04,39.35116341814858,1150.0,36.500000275558534,597.0,29.0,114.0,29.0,AWW,1996.0,1896.0,4336.0
58,Switzerland,2.0,4.0,0.08,0.04,38.199532868284486,1664.0,40.50000021802369,2910.0,24.0,49.0,24.0,AWW,2060.0,2036.0,4352.0
59,Switzerland,2.0,4.0,0.08,0.04,42.364021066645904,1890.0,47.50000095431606,5683.0,38.0,810.0,38.0,AWW,2071.0,1893.0,4405.0
60,Switzerland,2.0,4.0,0.08,0.04,41.65747426293112,3744.0,36.500000148004915,929.0,10.0,3.0,10.0,AWW,2070.0,1941.0,4347.0
61,Switzerland,2.0,4.0,0.08,0.04,59.761156543202745,2072.0,50.50000093453847,513.0,37.0,31.0,37.0,AWW,2100.0,1983.0,4337.0
62,Switzerland,2.0,4.0,0.08,0.04,35.86837427328522,560.0,29.500000024440897,209.0,22.0,52.0,22.0,AWW,2093.0,1825.0,4299.0
63,Switzerland,2.0,4.0,0.08,0.04,17.368811707752904,62.0,19.500000824329373,65.0,35.0,74.0,17.368811707752904,ICU,2051.0,1955.0,4283.0
64,Switzerland,2.0,4.0,0.08,0.04,47.81912926929504,931.0,54.50000031875393,4345.0,39.0,129.0,39.0,AWW,2066.0,2007.0,4326.0
65,Switzerland,2.0,4.0,0.08,0.04,39.2252024927414,859.0,26.500000419154,145.0,35.0,353.0,26.500000419154,HARISS,2112.0,1973.0,4294.0
66,Switzerland,2.0,4.0,0.08,0.04,32.697201049005955,461.0,26.50000087706642,180.0,35.0,785.0,26.50000087706642,HARISS,2101.0,1943.0,4315.0
67,Switzerland,2.0,4.0,0.08,0.04,54.2751574434113,2089.0,54.50000025590584,2182.0,30.0,10.0,30.0,AWW,1991.0,1961.0,4294.0
68,Switzerland,2.0,4.0,0.08,0.04,51.959473064165635,968.0,Inf,NaN,25.0,4.0,25.0,AWW,2166.0,1956.0,4338.0
69,Switzerland,2.0,4.0,0.08,0.04,40.881879852677415,1042.0,33.500000147188835,191.0,35.0,264.0,33.500000147188835,HARISS,1997.0,1970.0,4283.0
70,Switzerland,2.0,4.0,0.08,0.04,42.386106717026266,356.0,50.50000080545459,2272.0,32.0,34.0,32.0,AWW,2048.0,1926.0,4341.0
71,Switzerland,2.0,4.0,0.08,0.04,43.965801037325704,2648.0,47.50000030300408,5391.0,35.0,396.0,35.0,AWW,2035.0,1911.0,4269.0
72,Switzerland,2.0,4.0,0.08,0.04,39.06391694630889,2600.0,26.500000111950396,135.0,31.0,419.0,26.500000111950396,HARISS,2192.0,1969.0,4225.0
73,Switzerland,2.0,4.0,0.08,0.04,31.977770182060848,708.0,40.50000037386368,4130.0,32.0,712.0,31.977770182060848,ICU,2001.0,1960.0,4302.0
74,Switzerland,2.0,4.0,0.08,0.04,17.262536858857956,3.0,Inf,NaN,39.0,3.0,17.262536858857956,ICU,1988.0,1906.0,4382.0
75,Switzerland,2.0,4.0,0.08,0.04,39.95082049940834,492.0,50.500000761022896,4488.0,34.0,154.0,34.0,AWW,2019.0,1931.0,4256.0
76,Switzerland,2.0,4.0,0.08,0.04,8.38996238682465,179.0,19.500000610246325,2613.0,35.0,59055.0,8.38996238682465,ICU,2160.0,1957.0,4353.0
77,Switzerland,2.0,4.0,0.08,0.04,45.18640549629196,392.0,40.50000045526125,147.0,23.0,1.0,23.0,AWW,2072.0,1997.0,4252.0
78,Switzerland,2.0,4.0,0.08,0.04,31.577502000141095,133.0,40.500000880022974,915.0,39.0,662.0,31.577502000141095,ICU,2047.0,1847.0,4363.0
79,Switzerland,2.0,4.0,0.08,0.04,44.9680475180829,1248.0,40.500000877755696,453.0,35.0,135.0,35.0,AWW,2092.0,1871.0,4312.0
80,Switzerland,2.0,4.0,0.08,0.04,30.92155998941418,2821.0,33.50000072047685,5148.0,24.0,300.0,24.0,AWW,2133.0,1960.0,4361.0
81,Switzerland,2.0,4.0,0.08,0.04,43.700339122286074,1499.0,43.50000088731707,1423.0,38.0,436.0,38.0,AWW,2037.0,1987.0,4367.0
82,Switzerland,2.0,4.0,0.08,0.04,43.303435460723804,679.0,40.500000264407475,370.0,38.0,212.0,38.0,AWW,2123.0,1999.0,4201.0
83,Switzerland,2.0,4.0,0.08,0.04,39.374804863707894,3947.0,36.50000067930622,2156.0,24.0,126.0,24.0,AWW,2114.0,1905.0,4319.0
84,Switzerland,2.0,4.0,0.08,0.04,19.86456946175723,70.0,40.50000065603355,5898.0,34.0,1428.0,19.86456946175723,ICU,2166.0,1913.0,4307.0
85,Switzerland,2.0,4.0,0.08,0.04,24.420632440702875,76.0,33.500000632635135,433.0,32.0,323.0,24.420632440702875,ICU,2065.0,1994.0,4383.0
86,Switzerland,2.0,4.0,0.08,0.04,32.23900814653893,211.0,43.500000432594454,2322.0,35.0,386.0,32.23900814653893,ICU,2180.0,1869.0,4300.0
87,Switzerland,2.0,4.0,0.08,0.04,47.532300453647885,3382.0,36.50000049432853,425.0,23.0,64.0,23.0,AWW,2151.0,1986.0,4351.0
88,Switzerland,2.0,4.0,0.08,0.04,39.21346901621548,1641.0,33.500000459210966,517.0,36.0,864.0,33.500000459210966,HARISS,2051.0,1940.0,4429.0
89,Switzerland,2.0,4.0,0.08,0.04,44.71812218229586,128.0,54.500000707605196,1103.0,43.0,100.0,43.0,AWW,2175.0,1960.0,4302.0
90,Switzerland,2.0,4.0,0.08,0.04,41.78723173292923,418.0,50.500000048266,2467.0,32.0,51.0,32.0,AWW,2022.0,1917.0,4310.0
91,Switzerland,2.0,4.0,0.08,0.04,26.122825994282902,24.0,19.500000920714218,5.0,33.0,104.0,19.500000920714218,HARISS,2113.0,1989.0,4371.0
92,Switzerland,2.0,4.0,0.08,0.04,40.95153067674084,88.0,50.500000046223,598.0,37.0,43.0,37.0,AWW,2073.0,1919.0,4337.0
93,Switzerland,2.0,4.0,0.08,0.04,35.85697791155646,68.0,54.50000067716889,3259.0,38.0,98.0,35.85697791155646,ICU,2152.0,1922.0,4385.0
94,Switzerland,2.0,4.0,0.08,0.04,43.189756621639965,1441.0,40.50000043646769,827.0,33.0,180.0,33.0,AWW,2052.0,1914.0,4374.0
95,Switzerland,2.0,4.0,0.08,0.04,48.75076848681846,2005.0,50.50000073575282,3008.0,23.0,11.0,23.0,AWW,2051.0,1975.0,4288.0
96,Switzerland,2.0,4.0,0.08,0.04,44.755630441366144,2541.0,43.5000007589273,1886.0,18.0,3.0,18.0,AWW,2039.0,1962.0,4302.0
97,Switzerland,2.0,4.0,0.08,0.04,28.160962786326596,3376.0,26.500000610495746,2225.0,36.0,14667.0,26.500000610495746,HARISS,2096.0,1950.0,4376.0
98,Switzerland,2.0,4.0,0.08,0.04,29.46855483675524,255.0,40.500000241762386,2737.0,35.0,868.0,29.46855483675524,ICU,2115.0,1838.0,4309.0
99,Switzerland,2.0,4.0,0.08,0.04,21.973047866044688,2626.0,15.500000280122237,586.0,19.0,1457.0,15.500000280122237,HARISS,2134.0,1942.0,4362.0
100,Switzerland,2.0,4.0,0.08,0.04,21.48901898228569,365.0,29.50000037627956,2022.0,32.0,3348.0,21.48901898228569,ICU,2056.0,1980.0,4256.0
101,Switzerland,2.0,4.0,0.08,0.04,27.927497321981033,1536.0,26.500000068389838,1171.0,28.0,1565.0,26.500000068389838,HARISS,2110.0,1906.0,4363.0
102,Switzerland,2.0,4.0,0.08,0.04,21.956733747988178,96.0,40.50000093983318,6000.0,35.0,1820.0,21.956733747988178,ICU,2100.0,1911.0,4476.0
103,Switzerland,2.0,4.0,0.08,0.04,43.68375313065525,698.0,43.50000003766684,682.0,31.0,52.0,31.0,AWW,2054.0,1939.0,4230.0
104,Switzerland,2.0,4.0,0.08,0.04,28.826600481058783,1145.0,29.500000253350226,1339.0,26.0,577.0,26.0,AWW,2120.0,1868.0,4339.0
105,Switzerland,2.0,4.0,0.08,0.04,45.82783488813186,377.0,50.50000047420464,1087.0,34.0,32.0,34.0,AWW,2068.0,2001.0,4382.0
106,Switzerland,2.0,4.0,0.08,0.04,43.25665163092709,331.0,47.500000447555,752.0,30.0,47.0,30.0,AWW,2012.0,1967.0,4315.0
107,Switzerland,2.0,4.0,0.08,0.04,42.77741277897296,824.0,47.500000138091465,2425.0,31.0,72.0,31.0,AWW,2003.0,1856.0,4398.0
108,Switzerland,2.0,4.0,0.08,0.04,56.38050397227239,1235.0,Inf,NaN,35.0,28.0,35.0,AWW,2053.0,1996.0,4395.0
109,Switzerland,2.0,4.0,0.08,0.04,35.313837546410355,592.0,29.500000398292237,187.0,26.0,86.0,26.0,AWW,2096.0,2014.0,4352.0
110,Switzerland,2.0,4.0,0.08,0.04,24.478742550094825,197.0,33.50000002756263,1243.0,32.0,1045.0,24.478742550094825,ICU,2096.0,1990.0,4303.0
111,Switzerland,2.0,4.0,0.08,0.04,34.32644264972516,369.0,40.500000481250076,1595.0,29.0,116.0,29.0,AWW,2070.0,1897.0,4417.0
112,Switzerland,2.0,4.0,0.08,0.04,45.30846138449435,3083.0,40.500000534196516,1018.0,32.0,125.0,32.0,AWW,2103.0,1998.0,4413.0
113,Switzerland,2.0,4.0,0.08,0.04,37.59552213872322,2390.0,36.500000502277466,1773.0,38.0,2659.0,36.500000502277466,HARISS,2013.0,1991.0,4354.0
114,Switzerland,2.0,4.0,0.08,0.04,54.38002140951725,1846.0,47.50000030104748,492.0,37.0,87.0,37.0,AWW,1986.0,1987.0,4304.0
115,Switzerland,2.0,4.0,0.08,0.04,27.665563979672786,189.0,43.50000092758077,4629.0,36.0,620.0,27.665563979672786,ICU,2069.0,1983.0,4267.0
116,Switzerland,2.0,4.0,0.08,0.04,51.32390278172439,2051.0,50.50000076422382,1741.0,34.0,48.0,34.0,AWW,2109.0,1898.0,4454.0
117,Switzerland,2.0,4.0,0.08,0.04,28.81704311505095,1261.0,33.50000011422031,2649.0,29.0,1293.0,28.81704311505095,ICU,2073.0,1910.0,4278.0
118,Switzerland,2.0,4.0,0.08,0.04,39.03830088390921,1445.0,29.50000063224961,217.0,33.0,434.0,29.50000063224961,HARISS,2047.0,1963.0,4183.0
119,Switzerland,2.0,4.0,0.08,0.04,44.69624352232053,2149.0,47.50000057377923,4046.0,37.0,423.0,37.0,AWW,2116.0,2012.0,4376.0
120,Switzerland,2.0,4.0,0.08,0.04,18.218870165104825,1272.0,19.500000909712934,1644.0,36.0,40531.0,18.218870165104825,ICU,2095.0,1983.0,4293.0
121,Switzerland,2.0,4.0,0.08,0.04,31.845358875311184,852.0,29.500000079569322,540.0,32.0,879.0,29.500000079569322,HARISS,2058.0,1979.0,4414.0
122,Switzerland,2.0,4.0,0.08,0.04,40.86801948878307,989.0,47.5000009037257,4218.0,30.0,71.0,30.0,AWW,2136.0,1960.0,4286.0
123,Switzerland,2.0,4.0,0.08,0.04,29.12101269059595,1844.0,22.500000720148318,383.0,33.0,4033.0,22.500000720148318,HARISS,2073.0,1974.0,4323.0
124,Switzerland,2.0,4.0,0.08,0.04,50.32712787272714,2201.0,43.50000099899189,479.0,5.0,0.0,5.0,AWW,2085.0,1987.0,4308.0
125,Switzerland,2.0,4.0,0.08,0.04,45.35001688086386,1055.0,43.500000376403314,649.0,24.0,11.0,24.0,AWW,2152.0,1895.0,4379.0
126,Switzerland,2.0,4.0,0.08,0.04,29.392920307800452,64.0,36.50000022650156,281.0,36.0,259.0,29.392920307800452,ICU,2107.0,1925.0,4369.0
127,Switzerland,2.0,4.0,0.08,0.04,48.76419060461452,1324.0,50.500000405377854,1939.0,36.0,104.0,36.0,AWW,2081.0,1906.0,4237.0
128,Switzerland,2.0,4.0,0.08,0.04,44.061862405569116,1133.0,40.500000116739486,530.0,35.0,145.0,35.0,AWW,2004.0,1890.0,4526.0
129,Switzerland,2.0,4.0,0.08,0.04,28.962733226132407,66.0,33.50000049278904,155.0,31.0,95.0,28.962733226132407,ICU,2051.0,1928.0,4310.0
130,Switzerland,2.0,4.0,0.08,0.04,42.78402045700902,983.0,40.500000376264715,555.0,10.0,0.0,10.0,AWW,2057.0,1963.0,4435.0
131,Switzerland,2.0,4.0,0.08,0.04,39.98518705360257,1064.0,26.500000024125733,103.0,33.0,231.0,26.500000024125733,HARISS,2055.0,2007.0,4439.0
132,Switzerland,2.0,4.0,0.08,0.04,36.66924172011435,324.0,43.500000158962514,1428.0,33.0,136.0,33.0,AWW,2168.0,1978.0,4354.0
133,Switzerland,2.0,4.0,0.08,0.04,30.026292481692504,2237.0,33.50000090455127,4635.0,7.0,16.0,7.0,AWW,2116.0,1827.0,4383.0
134,Switzerland,2.0,4.0,0.08,0.04,34.79247031678207,496.0,40.50000023725961,1705.0,25.0,56.0,25.0,AWW,2026.0,1901.0,4403.0
135,Switzerland,2.0,4.0,0.08,0.04,42.32375103414108,147.0,Inf,NaN,33.0,47.0,33.0,AWW,2089.0,1964.0,4292.0
136,Switzerland,2.0,4.0,0.08,0.04,33.06991796462654,339.0,40.50000076873666,1547.0,30.0,174.0,30.0,AWW,2034.0,2013.0,4425.0
137,Switzerland,2.0,4.0,0.08,0.04,31.930333221042954,1086.0,33.50000064224146,1526.0,31.0,887.0,31.0,AWW,2066.0,1906.0,4435.0
138,Switzerland,2.0,4.0,0.08,0.04,39.93928597512531,6462.0,33.50000056914832,1611.0,35.0,2122.0,33.50000056914832,HARISS,2103.0,1861.0,4353.0
139,Switzerland,2.0,4.0,0.08,0.04,55.52593124951068,4693.0,54.5000006273645,3765.0,34.0,35.0,34.0,AWW,1999.0,1976.0,4395.0
140,Switzerland,2.0,4.0,0.08,0.04,20.218249991968953,114.0,26.500000542921306,692.0,28.0,942.0,20.218249991968953,ICU,2075.0,2010.0,4266.0
141,Switzerland,2.0,4.0,0.08,0.04,44.540974901491815,757.0,54.5000009009079,6271.0,27.0,21.0,27.0,AWW,2079.0,1914.0,4269.0
142,Switzerland,2.0,4.0,0.08,0.04,38.40711785478233,239.0,54.50000018688716,7498.0,40.0,311.0,38.40711785478233,ICU,2146.0,1993.0,4358.0
143,Switzerland,2.0,4.0,0.08,0.04,38.92981690223152,1204.0,36.50000047873167,713.0,31.0,217.0,31.0,AWW,2046.0,1984.0,4300.0
144,Switzerland,2.0,4.0,0.08,0.04,58.78749172568682,285.0,Inf,NaN,34.0,6.0,34.0,AWW,2134.0,2018.0,4257.0
145,Switzerland,2.0,4.0,0.08,0.04,15.44314053316257,65.0,29.500000343821107,1708.0,33.0,3755.0,15.44314053316257,ICU,2026.0,1964.0,4297.0
146,Switzerland,2.0,4.0,0.08,0.04,42.904769542520754,10995.0,22.50000031330238,120.0,37.0,2938.0,22.50000031330238,HARISS,2086.0,1943.0,4266.0
147,Switzerland,2.0,4.0,0.08,0.04,37.24986012940317,304.0,43.500000680966615,1222.0,38.0,354.0,37.24986012940317,ICU,2126.0,1930.0,4358.0
148,Switzerland,2.0,4.0,0.08,0.04,44.934093177730034,2993.0,36.50000040940728,496.0,35.0,377.0,35.0,AWW,2053.0,1980.0,4278.0
149,Switzerland,2.0,4.0,0.08,0.04,42.436172701499416,1032.0,43.50000065433466,1300.0,34.0,149.0,34.0,AWW,2189.0,1887.0,4321.0
150,Switzerland,2.0,4.0,0.08,0.04,55.89306020765317,229.0,Inf,NaN,31.0,14.0,31.0,AWW,2076.0,2014.0,4343.0
151,Switzerland,2.0,4.0,0.08,0.04,36.81693781943502,489.0,50.50000030521771,7828.0,36.0,413.0,36.0,AWW,2063.0,1944.0,4339.0
152,Switzerland,2.0,4.0,0.08,0.04,46.30009545794423,2084.0,47.500000085919915,2737.0,38.0,297.0,38.0,AWW,2047.0,1999.0,4467.0
153,Switzerland,2.0,4.0,0.08,0.04,48.75984689823228,538.0,54.50000088801211,1742.0,29.0,32.0,29.0,AWW,2062.0,1962.0,4268.0
154,Switzerland,2.0,4.0,0.08,0.04,34.90205565965614,2670.0,33.50000040179978,1912.0,33.0,1702.0,33.0,AWW,2045.0,1941.0,4260.0
155,Switzerland,2.0,4.0,0.08,0.04,29.750908120152587,240.0,36.50000089119531,893.0,36.0,808.0,29.750908120152587,ICU,2077.0,1981.0,4326.0
156,Switzerland,2.0,4.0,0.08,0.04,48.73552167389924,931.0,50.500000219981125,1381.0,40.0,139.0,40.0,AWW,2037.0,1976.0,4381.0
157,Switzerland,2.0,4.0,0.08,0.04,29.849237016669854,326.0,36.50000031242478,755.0,41.0,1463.0,29.849237016669854,ICU,2077.0,1977.0,4337.0
158,Switzerland,2.0,4.0,0.08,0.04,51.075186343941034,735.0,47.50000052120884,348.0,30.0,12.0,30.0,AWW,2098.0,1883.0,4331.0
159,Switzerland,2.0,4.0,0.08,0.04,12.203576622328026,2.0,Inf,NaN,33.0,2.0,12.203576622328026,ICU,2117.0,1878.0,4325.0
160,Switzerland,2.0,4.0,0.08,0.04,49.670595775687644,2883.0,47.500000505290565,1838.0,38.0,225.0,38.0,AWW,2058.0,1904.0,4263.0
161,Switzerland,2.0,4.0,0.08,0.04,37.88009355843465,72.0,36.50000013343155,48.0,38.0,74.0,36.50000013343155,HARISS,2146.0,1932.0,4219.0
162,Switzerland,2.0,4.0,0.08,0.04,32.421076923684616,185.0,36.50000015991308,445.0,32.0,177.0,32.0,AWW,2110.0,1962.0,4270.0
163,Switzerland,2.0,4.0,0.08,0.04,39.945652835992014,3220.0,36.50000013098233,1495.0,31.0,454.0,31.0,AWW,2119.0,1949.0,4205.0
164,Switzerland,2.0,4.0,0.08,0.04,58.37298701689914,800.0,Inf,NaN,35.0,22.0,35.0,AWW,2192.0,1972.0,4368.0
165,Switzerland,2.0,4.0,0.08,0.04,33.16677341368927,68.0,47.50000019656897,1849.0,36.0,129.0,33.16677341368927,ICU,2088.0,1894.0,4360.0
166,Switzerland,2.0,4.0,0.08,0.04,33.84879688485621,2797.0,22.500000907681244,296.0,33.0,2519.0,22.500000907681244,HARISS,1991.0,1952.0,4334.0
167,Switzerland,2.0,4.0,0.08,0.04,24.077890437382095,195.0,43.500000824569454,2262.0,16.0,27.0,16.0,AWW,2019.0,1906.0,4345.0
168,Switzerland,2.0,4.0,0.08,0.04,40.55065464450116,3725.0,33.50000057886704,793.0,34.0,887.0,33.50000057886704,HARISS,2210.0,1968.0,4336.0
169,Switzerland,2.0,4.0,0.08,0.04,39.686919813523346,1262.0,40.50000040965582,1570.0,36.0,575.0,36.0,AWW,2052.0,2000.0,4284.0
170,Switzerland,2.0,4.0,0.08,0.04,31.67084190091985,228.0,43.5000000663754,2908.0,34.0,385.0,31.67084190091985,ICU,2132.0,1913.0,4300.0
171,Switzerland,2.0,4.0,0.08,0.04,37.741869953708544,70.0,40.50000051848406,131.0,26.0,1.0,26.0,AWW,2093.0,1912.0,4383.0
172,Switzerland,2.0,4.0,0.08,0.04,43.43775819595163,5145.0,43.50000085644943,5210.0,36.0,1080.0,36.0,AWW,2077.0,1978.0,4248.0
173,Switzerland,2.0,4.0,0.08,0.04,21.749674433519885,154.0,33.5000001495254,1562.0,39.0,5306.0,21.749674433519885,ICU,1968.0,1998.0,4360.0
174,Switzerland,2.0,4.0,0.08,0.04,41.132996590577704,282.0,50.50000091153411,1771.0,27.0,17.0,27.0,AWW,2034.0,1980.0,4346.0
175,Switzerland,2.0,4.0,0.08,0.04,47.45898750193101,2242.0,50.5000000986535,4109.0,32.0,105.0,32.0,AWW,2094.0,1930.0,4396.0
176,Switzerland,2.0,4.0,0.08,0.04,28.743446170431078,23.0,50.50000092461908,2018.0,12.0,0.0,12.0,AWW,1998.0,1922.0,4361.0
177,Switzerland,2.0,4.0,0.08,0.04,44.670626999385505,842.0,47.500000026976366,1471.0,32.0,70.0,32.0,AWW,1995.0,1993.0,4438.0
178,Switzerland,2.0,4.0,0.08,0.04,37.39165311729276,283.0,36.5000004379981,246.0,27.0,29.0,27.0,AWW,1992.0,1907.0,4388.0
179,Switzerland,2.0,4.0,0.08,0.04,42.345429559844106,1856.0,43.50000055999817,2414.0,39.0,899.0,39.0,AWW,2073.0,2004.0,4287.0
180,Switzerland,2.0,4.0,0.08,0.04,39.293337946617356,3672.0,36.50000077184691,1996.0,38.0,2775.0,36.50000077184691,HARISS,2074.0,1855.0,4307.0
181,Switzerland,2.0,4.0,0.08,0.04,49.50629983237323,2432.0,43.50000022380303,713.0,37.0,173.0,37.0,AWW,2131.0,1875.0,4345.0
182,Switzerland,2.0,4.0,0.08,0.04,50.35744024145927,1678.0,54.50000051284416,4221.0,31.0,34.0,31.0,AWW,2120.0,1872.0,4381.0
183,Switzerland,2.0,4.0,0.08,0.04,32.218546260320686,1710.0,26.50000030841195,483.0,39.0,7361.0,26.50000030841195,HARISS,2142.0,2007.0,4350.0
184,Switzerland,2.0,4.0,0.08,0.04,33.11552663123436,1414.0,33.50000088421551,1535.0,23.0,34.0,23.0,AWW,2024.0,1954.0,4382.0
185,Switzerland,2.0,4.0,0.08,0.04,36.39746843811159,665.0,26.500000156423354,59.0,36.0,601.0,26.500000156423354,HARISS,2066.0,1957.0,4327.0
186,Switzerland,2.0,4.0,0.08,0.04,36.48877013232677,1673.0,40.500000908681514,4070.0,28.0,283.0,28.0,AWW,2009.0,1912.0,4322.0
187,Switzerland,2.0,4.0,0.08,0.04,40.08182996703742,2132.0,33.50000036666548,497.0,37.0,1058.0,33.50000036666548,HARISS,2065.0,1951.0,4315.0
188,Switzerland,2.0,4.0,0.08,0.04,25.19644326865376,550.0,29.50000094271476,1355.0,34.0,2693.0,25.19644326865376,ICU,2126.0,1891.0,4313.0
189,Switzerland,2.0,4.0,0.08,0.04,20.71311004267164,2.0,50.50000095474174,3647.0,29.0,34.0,20.71311004267164,ICU,2093.0,1971.0,4387.0
190,Switzerland,2.0,4.0,0.08,0.04,17.139599932212633,6.0,Inf,NaN,33.0,6.0,17.139599932212633,ICU,2081.0,1944.0,4509.0
191,Switzerland,2.0,4.0,0.08,0.04,24.75890694414405,2534.0,26.500000512975944,3521.0,39.0,44084.0,24.75890694414405,ICU,2170.0,1908.0,4280.0
192,Switzerland,2.0,4.0,0.08,0.04,28.088662276257743,2852.0,26.500000319562513,1839.0,30.0,4484.0,26.500000319562513,HARISS,2065.0,1935.0,4288.0
193,Switzerland,2.0,4.0,0.08,0.04,36.51792102319682,3861.0,26.50000096691513,459.0,35.0,2806.0,26.50000096691513,HARISS,2077.0,1983.0,4272.0
194,Switzerland,2.0,4.0,0.08,0.04,31.000339886349888,1116.0,36.50000043142765,3822.0,22.0,134.0,22.0,AWW,2079.0,1940.0,4280.0
195,Switzerland,2.0,4.0,0.08,0.04,37.52028127947769,260.0,43.50000040216824,1033.0,37.0,236.0,37.0,AWW,2034.0,1977.0,4370.0
196,Switzerland,2.0,4.0,0.08,0.04,33.8657808342292,507.0,36.50000071288864,950.0,27.0,92.0,27.0,AWW,2050.0,2005.0,4328.0
197,Switzerland,2.0,4.0,0.08,0.04,47.07678140200081,1098.0,15.500000982739952,2.0,34.0,49.0,15.500000982739952,HARISS,2065.0,1947.0,4344.0
198,Switzerland,2.0,4.0,0.08,0.04,28.240466349602002,196.0,43.500000775205606,5039.0,33.0,513.0,28.240466349602002,ICU,2073.0,1967.0,4323.0
199,Switzerland,2.0,4.0,0.08,0.04,33.497154895528666,193.0,43.50000039634853,1924.0,30.0,67.0,30.0,AWW,2045.0,1956.0,4243.0
200,Switzerland,2.0,4.0,0.08,0.04,51.53890918494093,1714.0,43.50000019727839,283.0,36.0,57.0,36.0,AWW,2101.0,1970.0,4255.0
201,Switzerland,2.0,4.0,0.08,0.04,45.42653483381349,530.0,36.50000078727879,71.0,8.0,0.0,8.0,AWW,1977.0,1883.0,4348.0
202,Switzerland,2.0,4.0,0.08,0.04,45.77239458068039,144.0,54.500000005530815,870.0,34.0,29.0,34.0,AWW,1970.0,2054.0,4308.0
203,Switzerland,2.0,4.0,0.08,0.04,50.83942059053982,2623.0,47.50000046269324,1251.0,27.0,9.0,27.0,AWW,2167.0,1938.0,4500.0
204,Switzerland,2.0,4.0,0.08,0.04,43.46602999898232,1589.0,43.50000005803023,1602.0,34.0,211.0,34.0,AWW,2094.0,1907.0,4411.0
205,Switzerland,2.0,4.0,0.08,0.04,42.336267473045645,432.0,54.50000028645089,6694.0,42.0,390.0,42.0,AWW,2124.0,1878.0,4285.0
206,Switzerland,2.0,4.0,0.08,0.04,63.48408303911312,929.0,Inf,NaN,35.0,24.0,35.0,AWW,1986.0,1915.0,4398.0
207,Switzerland,2.0,4.0,0.08,0.04,39.95342298712707,2224.0,40.50000088384573,2498.0,37.0,1167.0,37.0,AWW,2049.0,1922.0,4357.0
208,Switzerland,2.0,4.0,0.08,0.04,27.42029721960162,83.0,43.50000027525351,2154.0,32.0,182.0,27.42029721960162,ICU,2037.0,2000.0,4252.0
209,Switzerland,2.0,4.0,0.08,0.04,44.345126107485804,3977.0,22.500000318569096,25.0,38.0,995.0,22.500000318569096,HARISS,2123.0,1987.0,4436.0
210,Switzerland,2.0,4.0,0.08,0.04,45.457462043785235,2241.0,47.500000908171934,3623.0,34.0,206.0,34.0,AWW,2078.0,1881.0,4272.0
211,Switzerland,2.0,4.0,0.08,0.04,33.37517106424544,688.0,33.50000041418395,701.0,29.0,268.0,29.0,AWW,2069.0,1931.0,4410.0
212,Switzerland,2.0,4.0,0.08,0.04,23.355025394767253,89.0,26.500000806373972,181.0,34.0,1078.0,23.355025394767253,ICU,2090.0,1896.0,4351.0
213,Switzerland,2.0,4.0,0.08,0.04,37.43660475243362,1215.0,36.50000032262923,1008.0,37.0,1113.0,36.50000032262923,HARISS,2066.0,1895.0,4171.0
214,Switzerland,2.0,4.0,0.08,0.04,47.7366784093885,3800.0,40.500000559902304,793.0,36.0,316.0,36.0,AWW,2070.0,1918.0,4358.0
215,Switzerland,2.0,4.0,0.08,0.04,30.070406127746693,513.0,29.50000059128965,464.0,39.0,3527.0,29.50000059128965,HARISS,2064.0,1963.0,4277.0
216,Switzerland,2.0,4.0,0.08,0.04,27.34739603755838,751.0,29.500000143858877,1251.0,34.0,3234.0,27.34739603755838,ICU,2060.0,1924.0,4482.0
217,Switzerland,2.0,4.0,0.08,0.04,41.529121355753865,303.0,43.500000769654655,456.0,39.0,188.0,39.0,AWW,2030.0,1975.0,4354.0
218,Switzerland,2.0,4.0,0.08,0.04,31.51446889525414,332.0,29.500000959887927,199.0,34.0,568.0,29.500000959887927,HARISS,2122.0,1921.0,4480.0
219,Switzerland,2.0,4.0,0.08,0.04,45.609487091736256,3328.0,47.500000500645925,5226.0,25.0,47.0,25.0,AWW,2085.0,1897.0,4214.0
220,Switzerland,2.0,4.0,0.08,0.04,41.223893655293416,3626.0,40.500000339924725,3060.0,33.0,595.0,33.0,AWW,2014.0,1936.0,4350.0
221,Switzerland,2.0,4.0,0.08,0.04,53.636929804666806,3419.0,36.500000848918894,87.0,38.0,130.0,36.500000848918894,HARISS,2054.0,1939.0,4342.0
222,Switzerland,2.0,4.0,0.08,0.04,37.02290823883264,1297.0,33.50000015306839,605.0,27.0,120.0,27.0,AWW,2076.0,1938.0,4388.0
223,Switzerland,2.0,4.0,0.08,0.04,37.7700947040568,210.0,47.50000021648246,1604.0,35.0,123.0,35.0,AWW,2052.0,1899.0,4386.0
224,Switzerland,2.0,4.0,0.08,0.04,63.28894844395261,1348.0,47.50000066684452,165.0,41.0,45.0,41.0,AWW,2094.0,1983.0,4329.0
225,Switzerland,2.0,4.0,0.08,0.04,59.51546315343529,967.0,Inf,NaN,35.0,18.0,35.0,AWW,2047.0,2045.0,4326.0
226,Switzerland,2.0,4.0,0.08,0.04,27.866899111743972,9.0,50.50000008121774,794.0,35.0,27.0,27.866899111743972,ICU,2104.0,1980.0,4388.0
227,Switzerland,2.0,4.0,0.08,0.04,46.29339387671903,3782.0,36.500000618753795,428.0,27.0,68.0,27.0,AWW,2073.0,1901.0,4226.0
228,Switzerland,2.0,4.0,0.08,0.04,55.49164771397799,5080.0,54.50000074482671,4086.0,37.0,87.0,37.0,AWW,2137.0,1947.0,4308.0
229,Switzerland,2.0,4.0,0.08,0.04,29.778771066961077,4.0,Inf,NaN,40.0,4.0,29.778771066961077,ICU,1971.0,1996.0,4256.0
230,Switzerland,2.0,4.0,0.08,0.04,39.65238364175131,2284.0,36.50000088787422,1183.0,25.0,124.0,25.0,AWW,2098.0,1888.0,4276.0
231,Switzerland,2.0,4.0,0.08,0.04,35.91131595609365,1685.0,36.5000007934703,1920.0,40.0,3760.0,35.91131595609365,ICU,1971.0,1952.0,4269.0
232,Switzerland,2.0,4.0,0.08,0.04,34.470606322153664,780.0,29.500000393931575,309.0,28.0,224.0,28.0,AWW,2049.0,1934.0,4275.0
233,Switzerland,2.0,4.0,0.08,0.04,26.559063315592315,28.0,43.500000665407974,1131.0,35.0,173.0,26.559063315592315,ICU,2087.0,1891.0,4189.0
234,Switzerland,2.0,4.0,0.08,0.04,38.30967622203663,1273.0,40.500000265097846,1954.0,35.0,625.0,35.0,AWW,2046.0,1914.0,4389.0
235,Switzerland,2.0,4.0,0.08,0.04,34.095557422423894,1497.0,29.50000076054252,707.0,21.0,91.0,21.0,AWW,2011.0,1969.0,4163.0
236,Switzerland,2.0,4.0,0.08,0.04,23.543902055217597,377.0,19.500000845495016,150.0,33.0,2974.0,19.500000845495016,HARISS,2032.0,1968.0,4259.0
237,Switzerland,2.0,4.0,0.08,0.04,34.98036617253328,96.0,43.50000051416928,477.0,23.0,4.0,23.0,AWW,2072.0,2026.0,4334.0
238,Switzerland,2.0,4.0,0.08,0.04,41.13558091392839,254.0,54.500000380713985,3458.0,32.0,88.0,32.0,AWW,2042.0,1888.0,4359.0
239,Switzerland,2.0,4.0,0.08,0.04,48.24990830406628,3559.0,47.500000280088166,3007.0,26.0,23.0,26.0,AWW,1984.0,1943.0,4339.0
240,Switzerland,2.0,4.0,0.08,0.04,45.643771256615544,3621.0,29.50000063492212,100.0,28.0,68.0,28.0,AWW,2051.0,1973.0,4289.0
241,Switzerland,2.0,4.0,0.08,0.04,36.340941293799844,276.0,43.50000076314698,1297.0,29.0,73.0,29.0,AWW,2041.0,1940.0,4351.0
242,Switzerland,2.0,4.0,0.08,0.04,34.27286408681789,1567.0,36.500000250413294,2284.0,37.0,2524.0,34.27286408681789,ICU,2020.0,1895.0,4309.0
243,Switzerland,2.0,4.0,0.08,0.04,49.60337376441882,693.0,54.50000038181813,2006.0,31.0,19.0,31.0,AWW,2116.0,1998.0,4448.0
244,Switzerland,2.0,4.0,0.08,0.04,42.711649719845525,978.0,43.500000428105935,1157.0,34.0,130.0,34.0,AWW,1966.0,1902.0,4431.0
245,Switzerland,2.0,4.0,0.08,0.04,35.62265609331018,534.0,43.5000000375055,2772.0,35.0,482.0,35.0,AWW,2050.0,1997.0,4443.0
246,Switzerland,2.0,4.0,0.08,0.04,10.278125475601414,0.0,50.5000001792773,4423.0,36.0,199.0,10.278125475601414,ICU,2141.0,1961.0,4311.0
247,Switzerland,2.0,4.0,0.08,0.04,47.11298747893797,3284.0,29.50000048943081,67.0,25.0,28.0,25.0,AWW,1960.0,1976.0,4322.0
248,Switzerland,2.0,4.0,0.08,0.04,34.48128645661504,105.0,47.50000070129676,1657.0,33.0,71.0,33.0,AWW,2164.0,1981.0,4330.0
249,Switzerland,2.0,4.0,0.08,0.04,36.33818453688621,90.0,43.50000066334444,444.0,27.0,11.0,27.0,AWW,1989.0,1892.0,4375.0
250,Switzerland,2.0,4.0,0.08,0.04,20.149458797915013,965.0,12.500000997787275,265.0,29.0,3184.0,12.500000997787275,HARISS,2184.0,2019.0,4376.0
251,Switzerland,2.0,4.0,0.08,0.04,11.917065613088106,5.0,Inf,NaN,28.0,5.0,11.917065613088106,ICU,2073.0,1958.0,4293.0
252,Switzerland,2.0,4.0,0.08,0.04,29.34025411512282,115.0,36.50000006163865,574.0,19.0,9.0,19.0,AWW,2105.0,1946.0,4418.0
253,Switzerland,2.0,4.0,0.08,0.04,45.500760456666896,308.0,43.50000044501056,190.0,35.0,26.0,35.0,AWW,2036.0,1983.0,4327.0
254,Switzerland,2.0,4.0,0.08,0.04,43.322027973099225,65.0,Inf,NaN,36.0,21.0,36.0,AWW,2076.0,1864.0,4358.0
255,Switzerland,2.0,4.0,0.08,0.04,39.181195419227954,330.0,47.50000036174925,2176.0,35.0,129.0,35.0,AWW,2086.0,1961.0,4359.0
256,Switzerland,2.0,4.0,0.08,0.04,51.72695862508624,1158.0,54.500000102115,2117.0,36.0,45.0,36.0,AWW,2021.0,2007.0,4354.0
257,Switzerland,2.0,4.0,0.08,0.04,47.2483915277034,1147.0,50.500000397005216,2366.0,23.0,18.0,23.0,AWW,2013.0,2022.0,4275.0
258,Switzerland,2.0,4.0,0.08,0.04,29.39215302356546,759.0,36.50000061844123,4105.0,37.0,4588.0,29.39215302356546,ICU,2032.0,1960.0,4348.0
259,Switzerland,2.0,4.0,0.08,0.04,15.287888682484953,686.0,15.500000287087708,735.0,36.0,45541.0,15.287888682484953,ICU,2094.0,2011.0,4275.0
260,Switzerland,2.0,4.0,0.08,0.04,54.32982004730598,2816.0,54.50000026684904,2939.0,34.0,36.0,34.0,AWW,2090.0,1959.0,4220.0
261,Switzerland,2.0,4.0,0.08,0.04,40.16249314397693,438.0,26.500000892696182,97.0,36.0,223.0,26.500000892696182,HARISS,2040.0,1929.0,4341.0
262,Switzerland,2.0,4.0,0.08,0.04,43.660951193347444,2537.0,40.50000083414042,1308.0,39.0,980.0,39.0,AWW,2219.0,1962.0,4300.0
263,Switzerland,2.0,4.0,0.08,0.04,38.887880852874176,259.0,26.500000100529288,44.0,33.0,99.0,26.500000100529288,HARISS,2080.0,1962.0,4378.0
264,Switzerland,2.0,4.0,0.08,0.04,28.492959577626806,612.0,29.50000073039521,778.0,32.0,1375.0,28.492959577626806,ICU,2096.0,2025.0,4282.0
265,Switzerland,2.0,4.0,0.08,0.04,49.84394270331721,2089.0,Inf,NaN,31.0,39.0,31.0,AWW,2117.0,1984.0,4250.0
266,Switzerland,2.0,4.0,0.08,0.04,42.014605088321325,901.0,47.50000094956163,2868.0,40.0,616.0,40.0,AWW,2051.0,1950.0,4372.0
267,Switzerland,2.0,4.0,0.08,0.04,46.021617012466294,827.0,26.500000772374605,11.0,33.0,43.0,26.500000772374605,HARISS,2114.0,1962.0,4220.0
268,Switzerland,2.0,4.0,0.08,0.04,41.20551757698098,924.0,47.500000513550056,3740.0,30.0,65.0,30.0,AWW,2035.0,1919.0,4257.0
269,Switzerland,2.0,4.0,0.08,0.04,35.149806015238255,135.0,47.50000040892421,2047.0,36.0,169.0,35.149806015238255,ICU,2049.0,1948.0,4297.0
270,Switzerland,2.0,4.0,0.08,0.04,47.64014806901724,268.0,54.50000064191546,1135.0,35.0,39.0,35.0,AWW,2052.0,1973.0,4400.0
271,Switzerland,2.0,4.0,0.08,0.04,43.02806692918635,308.0,47.50000050870192,788.0,36.0,70.0,36.0,AWW,2054.0,1911.0,4336.0
272,Switzerland,2.0,4.0,0.08,0.04,54.299510960694285,3546.0,50.50000047053903,1463.0,40.0,147.0,40.0,AWW,2090.0,1961.0,4374.0
273,Switzerland,2.0,4.0,0.08,0.04,58.87569613553812,1644.0,Inf,NaN,21.0,5.0,21.0,AWW,2073.0,1907.0,4330.0
274,Switzerland,2.0,4.0,0.08,0.04,53.69562579486022,2720.0,47.50000040909938,738.0,36.0,89.0,36.0,AWW,2122.0,1987.0,4273.0
275,Switzerland,2.0,4.0,0.08,0.04,35.306223303282465,695.0,36.50000037399434,832.0,35.0,661.0,35.0,AWW,2113.0,1981.0,4324.0
276,Switzerland,2.0,4.0,0.08,0.04,51.05179622410727,4560.0,47.500000449371036,2043.0,40.0,354.0,40.0,AWW,2073.0,1957.0,4418.0
277,Switzerland,2.0,4.0,0.08,0.04,29.208549577460097,211.0,29.500000265662866,226.0,30.0,257.0,29.208549577460097,ICU,2080.0,1941.0,4447.0
278,Switzerland,2.0,4.0,0.08,0.04,46.99118647794752,1549.0,50.50000098597239,3202.0,34.0,106.0,34.0,AWW,2070.0,1994.0,4396.0
279,Switzerland,2.0,4.0,0.08,0.04,36.89962229365993,950.0,43.50000037710941,3964.0,39.0,1532.0,36.89962229365993,ICU,2150.0,1940.0,4320.0
280,Switzerland,2.0,4.0,0.08,0.04,21.72422474773237,173.0,8.500000001533598,26.0,33.0,1859.0,8.500000001533598,HARISS,2046.0,1990.0,4370.0
281,Switzerland,2.0,4.0,0.08,0.04,30.42783609282362,1143.0,29.500000766956177,954.0,26.0,441.0,26.0,AWW,2105.0,1957.0,4372.0
282,Switzerland,2.0,4.0,0.08,0.04,24.181191311297752,455.0,26.50000017971612,741.0,12.0,36.0,12.0,AWW,2113.0,1995.0,4400.0
283,Switzerland,2.0,4.0,0.08,0.04,42.81685962343324,2526.0,40.50000027389085,1575.0,20.0,18.0,20.0,AWW,2056.0,2003.0,4206.0
284,Switzerland,2.0,4.0,0.08,0.04,38.65591363432447,140.0,54.50000028071506,5891.0,28.0,16.0,28.0,AWW,1971.0,1867.0,4258.0
285,Switzerland,2.0,4.0,0.08,0.04,37.468792097169995,289.0,43.500000898182655,1167.0,31.0,51.0,31.0,AWW,2062.0,1907.0,4375.0
286,Switzerland,2.0,4.0,0.08,0.04,50.12003364367391,372.0,Inf,NaN,33.0,8.0,33.0,AWW,2076.0,1990.0,4281.0
287,Switzerland,2.0,4.0,0.08,0.04,50.66407516406637,3070.0,47.50000042770336,1539.0,34.0,64.0,34.0,AWW,2088.0,1911.0,4339.0
288,Switzerland,2.0,4.0,0.08,0.04,55.50691371199926,3564.0,43.50000048737851,247.0,8.0,0.0,8.0,AWW,2058.0,1878.0,4370.0
289,Switzerland,2.0,4.0,0.08,0.04,34.154148534526996,429.0,36.500000229804144,541.0,34.0,423.0,34.0,AWW,2111.0,1923.0,4295.0
290,Switzerland,2.0,4.0,0.08,0.04,32.390129361944396,878.0,40.500000313186845,5349.0,29.0,425.0,29.0,AWW,2131.0,2044.0,4358.0
291,Switzerland,2.0,4.0,0.08,0.04,54.7177830592038,1487.0,50.50000069095327,599.0,23.0,7.0,23.0,AWW,2075.0,1981.0,4348.0
292,Switzerland,2.0,4.0,0.08,0.04,27.97895741098868,546.0,36.50000017759499,3588.0,26.0,333.0,26.0,AWW,2075.0,1983.0,4371.0
293,Switzerland,2.0,4.0,0.08,0.04,47.19287489311858,546.0,36.500000045669594,58.0,29.0,20.0,29.0,AWW,2140.0,2005.0,4248.0
294,Switzerland,2.0,4.0,0.08,0.04,50.14070746942594,943.0,54.50000077280003,2596.0,38.0,72.0,38.0,AWW,2080.0,1958.0,4329.0
295,Switzerland,2.0,4.0,0.08,0.04,45.62250904640018,2324.0,43.50000013561986,1461.0,27.0,38.0,27.0,AWW,2064.0,1932.0,4217.0
296,Switzerland,2.0,4.0,0.08,0.04,43.634616377777355,2322.0,43.50000068689021,2276.0,29.0,111.0,29.0,AWW,2100.0,1994.0,4407.0
297,Switzerland,2.0,4.0,0.08,0.04,42.39397262288941,308.0,54.50000094595569,4582.0,38.0,125.0,38.0,AWW,2132.0,1944.0,4460.0
298,Switzerland,2.0,4.0,0.08,0.04,26.81864522119843,396.0,29.50000019788297,703.0,39.0,4073.0,26.81864522119843,ICU,2092.0,1951.0,4259.0
299,Switzerland,2.0,4.0,0.08,0.04,37.14468030327621,1167.0,40.500000277021684,2428.0,40.0,2211.0,37.14468030327621,ICU,1940.0,1992.0,4378.0
300,Switzerland,2.0,4.0,0.08,0.04,50.06784141872686,3079.0,54.5000002879847,8205.0,27.0,37.0,27.0,AWW,2057.0,1928.0,4303.0
301,Switzerland,2.0,4.0,0.08,0.04,43.96674164557443,2634.0,29.500000819634067,106.0,31.0,139.0,29.500000819634067,HARISS,2031.0,2011.0,4252.0
302,Switzerland,2.0,4.0,0.08,0.04,43.641565504427156,2362.0,47.500000698845916,5552.0,24.0,28.0,24.0,AWW,1995.0,1923.0,4424.0
303,Switzerland,2.0,4.0,0.08,0.04,30.425684486960872,554.0,33.50000027344761,1160.0,33.0,1038.0,30.425684486960872,ICU,2101.0,1926.0,4294.0
304,Switzerland,2.0,4.0,0.08,0.04,25.28052406011231,742.0,33.500000954658844,7192.0,35.0,10350.0,25.28052406011231,ICU,2138.0,1999.0,4263.0
305,Switzerland,2.0,4.0,0.08,0.04,42.306696048181294,808.0,47.50000018750408,2600.0,29.0,36.0,29.0,AWW,2014.0,1924.0,4375.0
306,Switzerland,2.0,4.0,0.08,0.04,45.68729542682608,1050.0,43.50000016546106,711.0,39.0,299.0,39.0,AWW,2161.0,1976.0,4421.0
307,Switzerland,2.0,4.0,0.08,0.04,30.552631346288866,49.0,43.50000098259429,2269.0,22.0,0.0,22.0,AWW,2155.0,1940.0,4252.0
308,Switzerland,2.0,4.0,0.08,0.04,32.6688605679345,2497.0,26.500000321721235,810.0,14.0,0.0,14.0,AWW,2028.0,2018.0,4381.0
309,Switzerland,2.0,4.0,0.08,0.04,40.94099040318314,859.0,40.50000090550775,781.0,33.0,159.0,33.0,AWW,2098.0,1940.0,4389.0
310,Switzerland,2.0,4.0,0.08,0.04,35.671007550182544,305.0,36.50000030644942,354.0,14.0,4.0,14.0,AWW,2132.0,1882.0,4340.0
311,Switzerland,2.0,4.0,0.08,0.04,52.89591904712721,874.0,Inf,NaN,35.0,21.0,35.0,AWW,2109.0,1904.0,4421.0
312,Switzerland,2.0,4.0,0.08,0.04,34.445787225217614,752.0,36.50000031860384,956.0,38.0,1145.0,34.445787225217614,ICU,2038.0,2005.0,4357.0
313,Switzerland,2.0,4.0,0.08,0.04,41.80762284301642,2377.0,36.50000049156995,729.0,30.0,195.0,30.0,AWW,2149.0,1983.0,4193.0
314,Switzerland,2.0,4.0,0.08,0.04,50.57080787067294,3275.0,47.50000029771301,1670.0,38.0,206.0,38.0,AWW,2135.0,1896.0,4434.0
315,Switzerland,2.0,4.0,0.08,0.04,42.797622971953494,5194.0,36.50000070350222,1266.0,37.0,1409.0,36.50000070350222,HARISS,2075.0,1999.0,4376.0
316,Switzerland,2.0,4.0,0.08,0.04,34.07678828742759,1591.0,33.500000397205554,1389.0,37.0,3105.0,33.500000397205554,HARISS,2068.0,1904.0,4302.0
317,Switzerland,2.0,4.0,0.08,0.04,37.42124589821975,147.0,47.5000002518788,1078.0,32.0,49.0,32.0,AWW,2104.0,1917.0,4257.0
318,Switzerland,2.0,4.0,0.08,0.04,41.50099043918587,230.0,50.500000412181635,1763.0,34.0,36.0,34.0,AWW,2114.0,1944.0,4235.0
319,Switzerland,2.0,4.0,0.08,0.04,39.93304977622752,907.0,40.500000722684945,952.0,39.0,826.0,39.0,AWW,2079.0,1857.0,4346.0
320,Switzerland,2.0,4.0,0.08,0.04,20.295776098765522,7.0,Inf,NaN,29.0,17.0,20.295776098765522,ICU,2040.0,2014.0,4452.0
321,Switzerland,2.0,4.0,0.08,0.04,29.392286967423377,76.0,33.50000093635565,177.0,37.0,398.0,29.392286967423377,ICU,1997.0,1925.0,4303.0
322,Switzerland,2.0,4.0,0.08,0.04,41.78399934493141,394.0,40.50000068586063,282.0,39.0,229.0,39.0,AWW,2084.0,1901.0,4165.0
323,Switzerland,2.0,4.0,0.08,0.04,32.73192779956266,324.0,40.50000067825478,1733.0,25.0,67.0,25.0,AWW,2014.0,2018.0,4230.0
324,Switzerland,2.0,4.0,0.08,0.04,31.385579467701273,2120.0,26.500000204052863,625.0,41.0,11774.0,26.500000204052863,HARISS,2080.0,1996.0,4287.0
325,Switzerland,2.0,4.0,0.08,0.04,46.96785250410721,77.0,Inf,NaN,32.0,46.0,32.0,AWW,2110.0,1996.0,4486.0
326,Switzerland,2.0,4.0,0.08,0.04,57.42706958667244,7880.0,36.50000081198731,108.0,37.0,118.0,36.50000081198731,HARISS,2023.0,1877.0,4315.0
327,Switzerland,2.0,4.0,0.08,0.04,14.159342742008777,7.0,Inf,NaN,36.0,7.0,14.159342742008777,ICU,2045.0,1959.0,4287.0
328,Switzerland,2.0,4.0,0.08,0.04,42.835344892595856,706.0,50.50000014099798,3887.0,32.0,70.0,32.0,AWW,2077.0,1972.0,4181.0
329,Switzerland,2.0,4.0,0.08,0.04,35.15167956828664,30.0,40.50000090133447,56.0,35.0,30.0,35.0,AWW,2041.0,1904.0,4431.0
330,Switzerland,2.0,4.0,0.08,0.04,41.80337563581342,1215.0,50.50000085421833,8410.0,34.0,236.0,34.0,AWW,2023.0,1965.0,4366.0
331,Switzerland,2.0,4.0,0.08,0.04,53.85825851099734,924.0,43.500000577838044,109.0,38.0,45.0,38.0,AWW,1996.0,1936.0,4372.0
332,Switzerland,2.0,4.0,0.08,0.04,19.469582905685005,12.0,Inf,NaN,34.0,12.0,19.469582905685005,ICU,2121.0,1949.0,4318.0
333,Switzerland,2.0,4.0,0.08,0.04,41.23949960935936,2818.0,36.50000070979426,1000.0,32.0,379.0,32.0,AWW,2067.0,1926.0,4405.0
334,Switzerland,2.0,4.0,0.08,0.04,41.45861920187978,286.0,54.50000027774126,4763.0,36.0,79.0,36.0,AWW,2037.0,1966.0,4469.0
335,Switzerland,2.0,4.0,0.08,0.04,49.71778630031886,10014.0,40.50000093850027,1311.0,25.0,57.0,25.0,AWW,2080.0,2010.0,4258.0
336,Switzerland,2.0,4.0,0.08,0.04,36.08679040477715,1712.0,36.50000067991344,1874.0,30.0,453.0,30.0,AWW,2111.0,1922.0,4394.0
337,Switzerland,2.0,4.0,0.08,0.04,47.3962380841466,1349.0,40.50000004346663,339.0,18.0,5.0,18.0,AWW,2035.0,1912.0,4341.0
338,Switzerland,2.0,4.0,0.08,0.04,34.21710020611078,74.0,36.500000745595784,126.0,37.0,141.0,34.21710020611078,ICU,2005.0,1963.0,4417.0
339,Switzerland,2.0,4.0,0.08,0.04,38.37812977023125,1875.0,22.50000048558586,57.0,41.0,3348.0,22.50000048558586,HARISS,2068.0,1940.0,4436.0
340,Switzerland,2.0,4.0,0.08,0.04,36.68420371589786,2010.0,36.500000394426884,1919.0,37.0,2154.0,36.500000394426884,HARISS,2086.0,1944.0,4247.0
341,Switzerland,2.0,4.0,0.08,0.04,35.44556393063102,3634.0,29.50000076685032,1058.0,35.0,3235.0,29.50000076685032,HARISS,2150.0,1912.0,4240.0
342,Switzerland,2.0,4.0,0.08,0.04,31.614646794912346,1520.0,33.50000094910156,2418.0,21.0,172.0,21.0,AWW,2041.0,1908.0,4285.0
343,Switzerland,2.0,4.0,0.08,0.04,40.81077300162702,393.0,43.50000092916448,755.0,35.0,98.0,35.0,AWW,2060.0,1966.0,4319.0
344,Switzerland,2.0,4.0,0.08,0.04,49.05351237422798,957.0,43.50000049833619,406.0,37.0,200.0,37.0,AWW,2110.0,1913.0,4324.0
345,Switzerland,2.0,4.0,0.08,0.04,46.96920734311975,2581.0,43.500000679913676,1180.0,40.0,554.0,40.0,AWW,2049.0,1922.0,4326.0
346,Switzerland,2.0,4.0,0.08,0.04,39.34008186194199,556.0,26.500000129327937,38.0,31.0,88.0,26.500000129327937,HARISS,2065.0,1939.0,4396.0
347,Switzerland,2.0,4.0,0.08,0.04,46.746042115014525,608.0,54.50000024996399,3148.0,31.0,22.0,31.0,AWW,2156.0,1879.0,4423.0
348,Switzerland,2.0,4.0,0.08,0.04,60.86701967797508,1334.0,54.50000062499482,805.0,33.0,21.0,33.0,AWW,2169.0,1909.0,4378.0
349,Switzerland,2.0,4.0,0.08,0.04,36.45830243484709,2154.0,36.50000018040562,2170.0,36.0,1972.0,36.0,AWW,2109.0,1963.0,4291.0
350,Switzerland,2.0,4.0,0.08,0.04,37.461995844881905,193.0,43.50000006961044,809.0,31.0,45.0,31.0,AWW,2080.0,1868.0,4350.0
351,Switzerland,2.0,4.0,0.08,0.04,34.65181271342507,1720.0,36.50000006672428,2640.0,34.0,1511.0,34.0,AWW,2095.0,1867.0,4269.0
352,Switzerland,2.0,4.0,0.08,0.04,28.185857809467915,88.0,47.500000676638685,4975.0,31.0,142.0,28.185857809467915,ICU,2184.0,1893.0,4307.0
353,Switzerland,2.0,4.0,0.08,0.04,20.741915547771814,350.0,29.500000888141624,2862.0,34.0,7262.0,20.741915547771814,ICU,2109.0,2014.0,4391.0
354,Switzerland,2.0,4.0,0.08,0.04,41.686327742351054,214.0,47.50000002519893,791.0,29.0,16.0,29.0,AWW,2090.0,1980.0,4361.0
355,Switzerland,2.0,4.0,0.08,0.04,42.826211124401624,4582.0,26.50000040440604,148.0,39.0,1954.0,26.50000040440604,HARISS,2073.0,1988.0,4331.0
356,Switzerland,2.0,4.0,0.08,0.04,46.7312856035814,2254.0,43.50000093283603,1081.0,37.0,232.0,37.0,AWW,2030.0,1961.0,4344.0
357,Switzerland,2.0,4.0,0.08,0.04,25.658204681431723,41.0,Inf,NaN,38.0,41.0,25.658204681431723,ICU,2104.0,1957.0,4270.0
358,Switzerland,2.0,4.0,0.08,0.04,60.14075342325899,2219.0,50.50000050935026,577.0,29.0,17.0,29.0,AWW,2125.0,2006.0,4375.0
359,Switzerland,2.0,4.0,0.08,0.04,13.258550831201156,70.0,22.500000182975768,2328.0,33.0,24643.0,13.258550831201156,ICU,2074.0,2028.0,4420.0
360,Switzerland,2.0,4.0,0.08,0.04,32.74314402319237,1873.0,36.50000099310368,3746.0,23.0,125.0,23.0,AWW,2107.0,1980.0,4331.0
361,Switzerland,2.0,4.0,0.08,0.04,35.40276992593904,1832.0,29.500000904579164,509.0,31.0,677.0,29.500000904579164,HARISS,2024.0,1838.0,4392.0
362,Switzerland,2.0,4.0,0.08,0.04,43.88011041585073,4489.0,36.50000022165222,889.0,32.0,355.0,32.0,AWW,2090.0,1909.0,4395.0
363,Switzerland,2.0,4.0,0.08,0.04,34.05371866223342,709.0,33.50000047342342,648.0,32.0,460.0,32.0,AWW,2050.0,1979.0,4281.0
364,Switzerland,2.0,4.0,0.08,0.04,43.88431389200013,1028.0,40.500000958106895,503.0,38.0,279.0,38.0,AWW,2110.0,2007.0,4421.0
365,Switzerland,2.0,4.0,0.08,0.04,44.46769020241091,1648.0,43.50000041023886,1316.0,34.0,158.0,34.0,AWW,2123.0,1934.0,4294.0
366,Switzerland,2.0,4.0,0.08,0.04,30.789143716436794,621.0,40.500000472815906,5578.0,33.0,1214.0,30.789143716436794,ICU,2090.0,1830.0,4332.0
367,Switzerland,2.0,4.0,0.08,0.04,42.424776207158224,777.0,40.50000057791492,530.0,35.0,154.0,35.0,AWW,2103.0,1922.0,4201.0
368,Switzerland,2.0,4.0,0.08,0.04,51.61648533418148,2150.0,36.50000065521009,98.0,35.0,65.0,35.0,AWW,2108.0,1905.0,4325.0
369,Switzerland,2.0,4.0,0.08,0.04,42.2591515683966,2015.0,40.50000037028316,1395.0,35.0,463.0,35.0,AWW,2074.0,1965.0,4243.0
370,Switzerland,2.0,4.0,0.08,0.04,40.31886922011455,2171.0,36.50000099790823,961.0,26.0,80.0,26.0,AWW,2058.0,1955.0,4277.0
371,Switzerland,2.0,4.0,0.08,0.04,41.40649785965329,250.0,47.50000016310651,877.0,30.0,40.0,30.0,AWW,2051.0,1986.0,4315.0
372,Switzerland,2.0,4.0,0.08,0.04,48.61554260763723,618.0,29.500000609542617,10.0,39.0,60.0,29.500000609542617,HARISS,2132.0,2001.0,4331.0
373,Switzerland,2.0,4.0,0.08,0.04,46.791878460013855,305.0,Inf,NaN,27.0,6.0,27.0,AWW,2011.0,1895.0,4449.0
374,Switzerland,2.0,4.0,0.08,0.04,26.431941065925322,109.0,43.50000036635161,4335.0,38.0,1380.0,26.431941065925322,ICU,2078.0,1964.0,4276.0
375,Switzerland,2.0,4.0,0.08,0.04,53.04908289395371,2282.0,54.500000479059175,3207.0,37.0,82.0,37.0,AWW,2087.0,2063.0,4285.0
376,Switzerland,2.0,4.0,0.08,0.04,61.192213799044154,1305.0,Inf,NaN,22.0,3.0,22.0,AWW,2023.0,1964.0,4301.0
377,Switzerland,2.0,4.0,0.08,0.04,23.997772819211207,592.0,22.500000661428498,442.0,34.0,4367.0,22.500000661428498,HARISS,2021.0,1927.0,4519.0
378,Switzerland,2.0,4.0,0.08,0.04,39.07108285046039,1081.0,29.500000431472277,302.0,33.0,498.0,29.500000431472277,HARISS,2046.0,1926.0,4339.0
379,Switzerland,2.0,4.0,0.08,0.04,53.856074425923296,2393.0,Inf,NaN,36.0,46.0,36.0,AWW,2019.0,1941.0,4311.0
380,Switzerland,2.0,4.0,0.08,0.04,41.984394588433034,600.0,43.50000023801284,799.0,33.0,88.0,33.0,AWW,2162.0,1834.0,4394.0
381,Switzerland,2.0,4.0,0.08,0.04,20.271464929439716,5.0,Inf,NaN,14.0,0.0,14.0,AWW,2076.0,1988.0,4298.0
382,Switzerland,2.0,4.0,0.08,0.04,41.799502560997055,414.0,50.50000071469505,2995.0,31.0,32.0,31.0,AWW,2121.0,1915.0,4314.0
383,Switzerland,2.0,4.0,0.08,0.04,24.309741893288198,554.0,33.500000290376555,2375.0,31.0,1623.0,24.309741893288198,ICU,2018.0,1979.0,4254.0
384,Switzerland,2.0,4.0,0.08,0.04,31.333069742684273,120.0,43.500000719863046,1470.0,35.0,258.0,31.333069742684273,ICU,2075.0,2006.0,4297.0
385,Switzerland,2.0,4.0,0.08,0.04,35.3091080737649,862.0,26.500000735790977,125.0,28.0,176.0,26.500000735790977,HARISS,2028.0,1940.0,4391.0
386,Switzerland,2.0,4.0,0.08,0.04,52.83473104807536,3099.0,43.50000051280166,394.0,24.0,2.0,24.0,AWW,2070.0,2000.0,4207.0
387,Switzerland,2.0,4.0,0.08,0.04,16.816221352869462,5.0,43.50000070636738,2776.0,39.0,1064.0,16.816221352869462,ICU,2124.0,1956.0,4346.0
388,Switzerland,2.0,4.0,0.08,0.04,51.2056124191961,1541.0,Inf,NaN,29.0,22.0,29.0,AWW,2060.0,1994.0,4229.0
389,Switzerland,2.0,4.0,0.08,0.04,35.73307154503493,1063.0,36.500000187004325,1272.0,42.0,4271.0,35.73307154503493,ICU,2103.0,1966.0,4197.0
390,Switzerland,2.0,4.0,0.08,0.04,50.443505096920745,704.0,Inf,NaN,30.0,143.0,30.0,AWW,2071.0,1988.0,4341.0
391,Switzerland,2.0,4.0,0.08,0.04,44.069772709548104,1911.0,40.50000070601733,800.0,29.0,74.0,29.0,AWW,2110.0,1914.0,4374.0
392,Switzerland,2.0,4.0,0.08,0.04,41.3602951575091,1404.0,40.50000057211822,1179.0,32.0,157.0,32.0,AWW,2067.0,1955.0,4365.0
393,Switzerland,2.0,4.0,0.08,0.04,11.24080315498534,114.0,22.50000018815572,1499.0,34.0,20670.0,11.24080315498534,ICU,2084.0,1966.0,4205.0
394,Switzerland,2.0,4.0,0.08,0.04,53.85138997483951,5988.0,36.500000514606086,160.0,31.0,61.0,31.0,AWW,2000.0,1940.0,4226.0
395,Switzerland,2.0,4.0,0.08,0.04,33.48039098488245,26.0,50.500000306962015,662.0,32.0,20.0,32.0,AWW,2068.0,1953.0,4411.0
396,Switzerland,2.0,4.0,0.08,0.04,41.00676149442528,1535.0,40.5000007575171,1336.0,38.0,730.0,38.0,AWW,2000.0,1865.0,4436.0
397,Switzerland,2.0,4.0,0.08,0.04,38.967514063307064,512.0,50.50000095395776,6068.0,33.0,156.0,33.0,AWW,2072.0,1967.0,4441.0
398,Switzerland,2.0,4.0,0.08,0.04,28.62790988255829,96.0,33.500000048109584,272.0,31.0,156.0,28.62790988255829,ICU,2046.0,1898.0,4373.0
399,Switzerland,2.0,4.0,0.08,0.04,47.469236817573794,3118.0,40.500000180357326,702.0,37.0,341.0,37.0,AWW,2115.0,1927.0,4332.0
400,Switzerland,2.0,4.0,0.08,0.04,53.078400480016185,3338.0,40.50000041702486,235.0,34.0,43.0,34.0,AWW,2147.0,1982.0,4347.0
401,Switzerland,2.0,4.0,0.08,0.04,58.9358765983459,987.0,Inf,NaN,31.0,18.0,31.0,AWW,2070.0,1942.0,4274.0
402,Switzerland,2.0,4.0,0.08,0.04,30.652398969318913,1183.0,33.50000052995811,1996.0,31.0,1276.0,30.652398969318913,ICU,2064.0,1974.0,4397.0
403,Switzerland,2.0,4.0,0.08,0.04,62.84034566705634,244.0,Inf,NaN,41.0,37.0,41.0,AWW,2069.0,1880.0,4219.0
404,Switzerland,2.0,4.0,0.08,0.04,45.386849395421834,2276.0,36.50000061084021,331.0,37.0,375.0,36.50000061084021,HARISS,2040.0,1922.0,4330.0
405,Switzerland,2.0,4.0,0.08,0.04,45.56549368509438,3171.0,33.500000750502174,196.0,29.0,73.0,29.0,AWW,2145.0,1956.0,4218.0
406,Switzerland,2.0,4.0,0.08,0.04,46.14281132539394,4149.0,36.5000004380081,471.0,29.0,79.0,29.0,AWW,2073.0,1932.0,4303.0
407,Switzerland,2.0,4.0,0.08,0.04,39.20643738951004,662.0,43.500000908071314,1958.0,32.0,118.0,32.0,AWW,2093.0,1954.0,4214.0
408,Switzerland,2.0,4.0,0.08,0.04,40.06577055050375,1690.0,36.500000810942296,778.0,37.0,867.0,36.500000810942296,HARISS,2004.0,1932.0,4309.0
409,Switzerland,2.0,4.0,0.08,0.04,51.62173710095753,2750.0,47.50000016740297,974.0,33.0,43.0,33.0,AWW,2129.0,1937.0,4383.0
410,Switzerland,2.0,4.0,0.08,0.04,40.24324106685963,427.0,33.50000035347351,111.0,37.0,211.0,33.50000035347351,HARISS,2072.0,1989.0,4191.0
411,Switzerland,2.0,4.0,0.08,0.04,30.153752171971206,1565.0,26.500000936020825,745.0,14.0,5.0,14.0,AWW,2008.0,1940.0,4299.0
412,Switzerland,2.0,4.0,0.08,0.04,55.935836614483335,869.0,36.50000092367249,175.0,38.0,207.0,36.50000092367249,HARISS,2075.0,1915.0,4334.0
413,Switzerland,2.0,4.0,0.08,0.04,38.06848697712163,3915.0,29.500000111578316,444.0,34.0,1319.0,29.500000111578316,HARISS,2095.0,1921.0,4372.0
414,Switzerland,2.0,4.0,0.08,0.04,33.80793198735766,593.0,29.500000383281574,246.0,37.0,1160.0,29.500000383281574,HARISS,1955.0,1914.0,4370.0
415,Switzerland,2.0,4.0,0.08,0.04,45.518920315385586,372.0,29.500000261337604,7.0,34.0,20.0,29.500000261337604,HARISS,2088.0,1936.0,4332.0
416,Switzerland,2.0,4.0,0.08,0.04,54.256157473170376,4703.0,43.50000006394585,460.0,32.0,46.0,32.0,AWW,2088.0,1960.0,4338.0
417,Switzerland,2.0,4.0,0.08,0.04,52.319314567614086,2566.0,40.5000001711399,190.0,27.0,15.0,27.0,AWW,2095.0,1946.0,4348.0
418,Switzerland,2.0,4.0,0.08,0.04,44.45726071786129,3624.0,36.50000000738157,645.0,40.0,1345.0,36.50000000738157,HARISS,2089.0,2007.0,4311.0
419,Switzerland,2.0,4.0,0.08,0.04,43.77358015942402,1832.0,40.50000027859627,907.0,38.0,507.0,38.0,AWW,2120.0,1972.0,4436.0
420,Switzerland,2.0,4.0,0.08,0.04,56.24022566185726,5102.0,47.500000043145214,758.0,31.0,27.0,31.0,AWW,2048.0,1884.0,4364.0
421,Switzerland,2.0,4.0,0.08,0.04,34.116950476075544,1248.0,36.50000010528971,2200.0,27.0,246.0,27.0,AWW,2098.0,1930.0,4324.0
422,Switzerland,2.0,4.0,0.08,0.04,31.51864506077407,184.0,40.50000052657583,1367.0,39.0,970.0,31.51864506077407,ICU,2031.0,1867.0,4340.0
423,Switzerland,2.0,4.0,0.08,0.04,34.7500344456424,258.0,47.50000002354731,3883.0,32.0,144.0,32.0,AWW,2101.0,1953.0,4391.0
424,Switzerland,2.0,4.0,0.08,0.04,45.08521628914411,785.0,54.50000092951182,6023.0,37.0,138.0,37.0,AWW,2154.0,1985.0,4249.0
425,Switzerland,2.0,4.0,0.08,0.04,44.21320914123823,894.0,43.50000041986002,755.0,33.0,87.0,33.0,AWW,2078.0,1936.0,4351.0
426,Switzerland,2.0,4.0,0.08,0.04,56.696881769755706,317.0,54.5000002291345,197.0,34.0,14.0,34.0,AWW,2027.0,2009.0,4270.0
427,Switzerland,2.0,4.0,0.08,0.04,40.86247086099749,633.0,33.500000900004046,126.0,38.0,345.0,33.500000900004046,HARISS,2076.0,1893.0,4397.0
428,Switzerland,2.0,4.0,0.08,0.04,46.113393661427324,4652.0,40.50000064915942,1250.0,33.0,239.0,33.0,AWW,2108.0,1936.0,4262.0
429,Switzerland,2.0,4.0,0.08,0.04,24.422615455781912,114.0,40.50000009770364,3049.0,40.0,2748.0,24.422615455781912,ICU,2142.0,1885.0,4322.0
430,Switzerland,2.0,4.0,0.08,0.04,43.0654443485535,1630.0,43.50000081993363,1798.0,32.0,140.0,32.0,AWW,2074.0,1938.0,4238.0
431,Switzerland,2.0,4.0,0.08,0.04,19.7432516760976,71.0,26.500000080834308,321.0,31.0,850.0,19.7432516760976,ICU,2037.0,1997.0,4280.0
432,Switzerland,2.0,4.0,0.08,0.04,40.41586821143606,515.0,40.5000009810686,523.0,33.0,113.0,33.0,AWW,2077.0,1931.0,4328.0
433,Switzerland,2.0,4.0,0.08,0.04,49.08276955847123,1044.0,33.50000063448185,32.0,15.0,0.0,15.0,AWW,2049.0,1909.0,4358.0
434,Switzerland,2.0,4.0,0.08,0.04,46.699685031391795,1125.0,Inf,NaN,39.0,236.0,39.0,AWW,2022.0,1899.0,4269.0
435,Switzerland,2.0,4.0,0.08,0.04,54.88425272113936,1062.0,54.50000005881829,994.0,37.0,32.0,37.0,AWW,2130.0,1976.0,4290.0
436,Switzerland,2.0,4.0,0.08,0.04,41.692742001100406,1737.0,40.50000079077984,1368.0,39.0,997.0,39.0,AWW,2080.0,1869.0,4248.0
437,Switzerland,2.0,4.0,0.08,0.04,55.626189318447054,3928.0,54.50000046590254,3148.0,33.0,28.0,33.0,AWW,2128.0,2012.0,4351.0
438,Switzerland,2.0,4.0,0.08,0.04,39.81724600716153,948.0,47.50000008834739,4929.0,30.0,113.0,30.0,AWW,2067.0,1981.0,4271.0
439,Switzerland,2.0,4.0,0.08,0.04,30.827537289005754,573.0,36.50000088130218,1510.0,9.0,0.0,9.0,AWW,1972.0,1947.0,4318.0
440,Switzerland,2.0,4.0,0.08,0.04,36.24256164437125,1620.0,33.50000083584425,1051.0,28.0,438.0,28.0,AWW,2120.0,1942.0,4401.0
441,Switzerland,2.0,4.0,0.08,0.04,37.558898628338405,484.0,36.50000076333944,399.0,31.0,116.0,31.0,AWW,2090.0,1847.0,4383.0
442,Switzerland,2.0,4.0,0.08,0.04,57.44574987081869,5608.0,54.50000022468457,3283.0,36.0,60.0,36.0,AWW,2102.0,1891.0,4259.0
443,Switzerland,2.0,4.0,0.08,0.04,45.641251743735914,3103.0,33.500000613685394,461.0,36.0,730.0,33.500000613685394,HARISS,2123.0,1954.0,4398.0
444,Switzerland,2.0,4.0,0.08,0.04,36.60867022066358,255.0,47.500000661691544,2829.0,32.0,91.0,32.0,AWW,2095.0,1967.0,4285.0
445,Switzerland,2.0,4.0,0.08,0.04,42.89847983369151,1088.0,47.50000073869984,2912.0,36.0,227.0,36.0,AWW,2099.0,1924.0,4317.0
446,Switzerland,2.0,4.0,0.08,0.04,42.73718198257508,1109.0,47.500000918849494,2892.0,33.0,151.0,33.0,AWW,2038.0,1948.0,4285.0
447,Switzerland,2.0,4.0,0.08,0.04,50.269078735569906,2953.0,50.50000006796618,3067.0,33.0,76.0,33.0,AWW,2051.0,1937.0,4371.0
448,Switzerland,2.0,4.0,0.08,0.04,42.23308714314284,1913.0,43.50000018665445,2452.0,34.0,287.0,34.0,AWW,2129.0,1932.0,4241.0
449,Switzerland,2.0,4.0,0.08,0.04,27.79320114574161,3629.0,19.50000030928348,542.0,33.0,12872.0,19.50000030928348,HARISS,2025.0,1951.0,4226.0
450,Switzerland,2.0,4.0,0.08,0.04,59.979951269897924,1697.0,Inf,NaN,32.0,69.0,32.0,AWW,2099.0,1870.0,4257.0
451,Switzerland,2.0,4.0,0.08,0.04,34.283182645353854,1234.0,36.500000390036405,2009.0,38.0,2880.0,34.283182645353854,ICU,2063.0,1942.0,4251.0
452,Switzerland,2.0,4.0,0.08,0.04,51.371569659223404,3037.0,43.50000039649989,558.0,23.0,3.0,23.0,AWW,2072.0,1924.0,4356.0
453,Switzerland,2.0,4.0,0.08,0.04,29.279096201356868,730.0,36.5000009816243,3290.0,20.0,119.0,20.0,AWW,2082.0,1935.0,4404.0
454,Switzerland,2.0,4.0,0.08,0.04,45.36807561936318,1506.0,47.50000004655465,2319.0,13.0,0.0,13.0,AWW,2223.0,1900.0,4317.0
455,Switzerland,2.0,4.0,0.08,0.04,42.84016227278851,1057.0,43.50000094189605,1216.0,24.0,25.0,24.0,AWW,2066.0,1893.0,4303.0
456,Switzerland,2.0,4.0,0.08,0.04,42.227670155343354,3037.0,40.500000170630074,2051.0,37.0,954.0,37.0,AWW,2034.0,1981.0,4384.0
457,Switzerland,2.0,4.0,0.08,0.04,44.30139669963766,405.0,50.50000021582172,1561.0,38.0,97.0,38.0,AWW,2098.0,1909.0,4263.0
458,Switzerland,2.0,4.0,0.08,0.04,39.185667767345215,3377.0,43.50000068818448,8874.0,38.0,2635.0,38.0,AWW,2114.0,1983.0,4310.0
459,Switzerland,2.0,4.0,0.08,0.04,37.08643238532659,141.0,43.50000075786311,533.0,29.0,19.0,29.0,AWW,2007.0,1913.0,4289.0
460,Switzerland,2.0,4.0,0.08,0.04,47.081528027760065,1180.0,47.50000092613918,1299.0,31.0,42.0,31.0,AWW,2011.0,1983.0,4268.0
461,Switzerland,2.0,4.0,0.08,0.04,29.117997983679036,1631.0,29.500000164956997,1741.0,25.0,815.0,25.0,AWW,2053.0,1984.0,4300.0
462,Switzerland,2.0,4.0,0.08,0.04,33.64635921968893,41.0,47.50000054213213,654.0,35.0,58.0,33.64635921968893,ICU,2071.0,1944.0,4161.0
463,Switzerland,2.0,4.0,0.08,0.04,32.858142875417926,74.0,47.50000054708433,1431.0,33.0,76.0,32.858142875417926,ICU,2006.0,1936.0,4345.0
464,Switzerland,2.0,4.0,0.08,0.04,23.496014331574134,568.0,29.500000139945094,2378.0,37.0,13633.0,23.496014331574134,ICU,2108.0,1881.0,4312.0
465,Switzerland,2.0,4.0,0.08,0.04,26.013906128734128,683.0,29.5000003335823,1511.0,37.0,7676.0,26.013906128734128,ICU,2139.0,1986.0,4260.0
466,Switzerland,2.0,4.0,0.08,0.04,21.91815281068865,5.0,50.50000023169068,3057.0,39.0,243.0,21.91815281068865,ICU,2036.0,1978.0,4363.0
467,Switzerland,2.0,4.0,0.08,0.04,35.50321599941274,4019.0,33.500000747846315,2534.0,36.0,4462.0,33.500000747846315,HARISS,2084.0,1948.0,4252.0
468,Switzerland,2.0,4.0,0.08,0.04,46.98549162713848,1066.0,43.500000192109674,462.0,35.0,66.0,35.0,AWW,2087.0,1943.0,4243.0
469,Switzerland,2.0,4.0,0.08,0.04,20.480756020732805,78.0,29.500000900008043,1758.0,32.0,3471.0,20.480756020732805,ICU,1979.0,2005.0,4272.0
470,Switzerland,2.0,4.0,0.08,0.04,51.123080183299805,901.0,54.50000036778415,1880.0,36.0,53.0,36.0,AWW,2116.0,1959.0,4248.0
471,Switzerland,2.0,4.0,0.08,0.04,59.62761820378467,1206.0,Inf,NaN,22.0,10.0,22.0,AWW,2077.0,1931.0,4319.0
472,Switzerland,2.0,4.0,0.08,0.04,17.014073063451754,0.0,Inf,NaN,31.0,0.0,17.014073063451754,ICU,2142.0,1959.0,4311.0
473,Switzerland,2.0,4.0,0.08,0.04,46.258562450418715,993.0,54.50000003276622,5792.0,33.0,87.0,33.0,AWW,2101.0,1912.0,4351.0
474,Switzerland,2.0,4.0,0.08,0.04,17.040848085436085,2.0,Inf,NaN,33.0,2.0,17.040848085436085,ICU,2132.0,1938.0,4349.0
475,Switzerland,2.0,4.0,0.08,0.04,29.801317555906014,2038.0,22.500000059877863,459.0,32.0,3325.0,22.500000059877863,HARISS,2156.0,1975.0,4341.0
476,Switzerland,2.0,4.0,0.08,0.04,41.927492853952835,2273.0,40.50000067486733,1621.0,25.0,69.0,25.0,AWW,2123.0,1923.0,4109.0
477,Switzerland,2.0,4.0,0.08,0.04,49.27965042134579,7822.0,43.50000099254527,2211.0,34.0,265.0,34.0,AWW,2033.0,1934.0,4284.0
478,Switzerland,2.0,4.0,0.08,0.04,41.20901239268163,999.0,26.500000307247557,60.0,38.0,638.0,26.500000307247557,HARISS,2109.0,1989.0,4285.0
479,Switzerland,2.0,4.0,0.08,0.04,44.691029696011576,208.0,Inf,NaN,38.0,49.0,38.0,AWW,2109.0,1924.0,4441.0
480,Switzerland,2.0,4.0,0.08,0.04,32.594650958157416,1851.0,33.50000043267454,2410.0,35.0,3672.0,32.594650958157416,ICU,2050.0,1883.0,4331.0
481,Switzerland,2.0,4.0,0.08,0.04,51.93450760799167,1078.0,54.50000005131943,1879.0,34.0,36.0,34.0,AWW,2028.0,1934.0,4262.0
482,Switzerland,2.0,4.0,0.08,0.04,23.236139566792836,35.0,43.5000005821916,3067.0,24.0,43.0,23.236139566792836,ICU,2084.0,2003.0,4213.0
483,Switzerland,2.0,4.0,0.08,0.04,45.298410586938125,857.0,50.50000024068504,2634.0,37.0,163.0,37.0,AWW,2066.0,1933.0,4221.0
484,Switzerland,2.0,4.0,0.08,0.04,37.45045560564495,623.0,36.5000002701855,505.0,34.0,285.0,34.0,AWW,2076.0,2003.0,4255.0
485,Switzerland,2.0,4.0,0.08,0.04,29.356472970843285,494.0,33.50000053156533,1289.0,32.0,904.0,29.356472970843285,ICU,2149.0,2007.0,4357.0
486,Switzerland,2.0,4.0,0.08,0.04,24.97800162862718,35.0,50.500000341547846,5740.0,39.0,542.0,24.97800162862718,ICU,2084.0,2003.0,4275.0
487,Switzerland,2.0,4.0,0.08,0.04,29.61110427548137,193.0,47.500000021404325,9112.0,37.0,916.0,29.61110427548137,ICU,2103.0,2028.0,4275.0
488,Switzerland,2.0,4.0,0.08,0.04,34.790242025473816,728.0,40.50000081310457,2236.0,33.0,514.0,33.0,AWW,2137.0,2025.0,4228.0
489,Switzerland,2.0,4.0,0.08,0.04,46.75531605944204,1521.0,50.50000036771482,3386.0,40.0,397.0,40.0,AWW,2071.0,1997.0,4294.0
490,Switzerland,2.0,4.0,0.08,0.04,43.528232046636006,1137.0,50.50000056509838,5104.0,33.0,121.0,33.0,AWW,2052.0,1877.0,4387.0
491,Switzerland,2.0,4.0,0.08,0.04,26.50773373626827,64.0,43.50000079111362,1319.0,34.0,201.0,26.50773373626827,ICU,2047.0,1932.0,4229.0
492,Switzerland,2.0,4.0,0.08,0.04,24.574302580052496,88.0,29.5000006088971,288.0,31.0,365.0,24.574302580052496,ICU,2066.0,1989.0,4211.0
493,Switzerland,2.0,4.0,0.08,0.04,43.5597636768897,3033.0,43.500000052927575,2990.0,32.0,247.0,32.0,AWW,2106.0,1943.0,4308.0
494,Switzerland,2.0,4.0,0.08,0.04,47.783824694393694,3919.0,43.500000465516386,1559.0,24.0,8.0,24.0,AWW,2138.0,1966.0,4328.0
495,Switzerland,2.0,4.0,0.08,0.04,46.98544331453524,324.0,47.500000558556245,346.0,18.0,4.0,18.0,AWW,2100.0,1899.0,4214.0
496,Switzerland,2.0,4.0,0.08,0.04,49.04924801735116,1266.0,40.500000600556305,199.0,30.0,26.0,30.0,AWW,2095.0,1957.0,4292.0
497,Switzerland,2.0,4.0,0.08,0.04,32.288271767376116,208.0,40.500000011443454,1168.0,29.0,92.0,29.0,AWW,2117.0,1913.0,4377.0
498,Switzerland,2.0,4.0,0.08,0.04,37.44201688730267,20.0,Inf,NaN,27.0,5.0,27.0,AWW,2058.0,1968.0,4279.0
499,Switzerland,2.0,4.0,0.08,0.04,35.0262108623875,2784.0,33.50000012885581,1995.0,32.0,1502.0,32.0,AWW,2062.0,1985.0,4297.0
500,Switzerland,2.0,4.0,0.08,0.04,32.466302582649234,407.0,43.50000099948665,516.0,37.0,479.0,32.466302582649234,ICU,2029.0,1868.0,4452.0
501,Switzerland,2.0,4.0,0.08,0.04,59.36948372013294,3386.0,47.50000028819482,429.0,34.0,37.0,34.0,AWW,2065.0,1918.0,4440.0
502,Switzerland,2.0,4.0,0.08,0.04,54.09128752151182,606.0,50.50000034506979,265.0,40.0,32.0,40.0,AWW,2014.0,1984.0,4419.0
503,Switzerland,2.0,4.0,0.08,0.04,50.42377861838271,1277.0,Inf,NaN,28.0,15.0,28.0,AWW,2078.0,1895.0,4386.0
504,Switzerland,2.0,4.0,0.08,0.04,44.14900868090086,745.0,36.50000033725115,153.0,31.0,46.0,31.0,AWW,2117.0,1899.0,4246.0
505,Switzerland,2.0,4.0,0.08,0.04,58.502308463509884,1105.0,Inf,NaN,40.0,32.0,40.0,AWW,2062.0,1973.0,4421.0
506,Switzerland,2.0,4.0,0.08,0.04,62.99168272327195,453.0,Inf,NaN,35.0,9.0,35.0,AWW,2057.0,1943.0,4352.0
507,Switzerland,2.0,4.0,0.08,0.04,37.09003807381106,820.0,33.50000070397081,318.0,36.0,630.0,33.50000070397081,HARISS,2114.0,1983.0,4248.0
508,Switzerland,2.0,4.0,0.08,0.04,36.059949832162054,2984.0,26.500000464159882,411.0,34.0,1948.0,26.500000464159882,HARISS,2073.0,2012.0,4400.0
509,Switzerland,2.0,4.0,0.08,0.04,44.82364069460208,1858.0,40.50000001415251,691.0,15.0,2.0,15.0,AWW,2070.0,1982.0,4375.0
510,Switzerland,2.0,4.0,0.08,0.04,52.98889103999819,1282.0,54.50000089232853,1826.0,23.0,4.0,23.0,AWW,2035.0,1977.0,4353.0
511,Switzerland,2.0,4.0,0.08,0.04,51.937070385763256,863.0,50.500000498397625,645.0,28.0,8.0,28.0,AWW,2058.0,1903.0,4312.0
512,Switzerland,2.0,4.0,0.08,0.04,42.61788280213803,2371.0,29.500000253460826,158.0,33.0,324.0,29.500000253460826,HARISS,1986.0,1927.0,4328.0
513,Switzerland,2.0,4.0,0.08,0.04,41.86593207623903,338.0,40.50000052022789,232.0,37.0,109.0,37.0,AWW,2073.0,1992.0,4236.0
514,Switzerland,2.0,4.0,0.08,0.04,9.48759298451347,90.0,19.500000658787343,1593.0,36.0,20455.0,9.48759298451347,ICU,2128.0,1905.0,4373.0
515,Switzerland,2.0,4.0,0.08,0.04,33.539012619199106,1435.0,40.50000042233797,6637.0,31.0,863.0,31.0,AWW,2063.0,1938.0,4200.0
516,Switzerland,2.0,4.0,0.08,0.04,40.982025378101355,1526.0,36.500000813886835,579.0,33.0,288.0,33.0,AWW,2120.0,1964.0,4405.0
517,Switzerland,2.0,4.0,0.08,0.04,33.13979152864991,68.0,Inf,NaN,30.0,35.0,30.0,AWW,1997.0,1938.0,4328.0
518,Switzerland,2.0,4.0,0.08,0.04,46.82905890213539,1637.0,50.50000032797443,4416.0,36.0,285.0,36.0,AWW,2083.0,1941.0,4320.0
519,Switzerland,2.0,4.0,0.08,0.04,13.680810607858875,192.0,22.50000074676347,3283.0,32.0,19853.0,13.680810607858875,ICU,2041.0,1954.0,4214.0
520,Switzerland,2.0,4.0,0.08,0.04,35.618930599294934,637.0,29.50000041237781,169.0,34.0,443.0,29.50000041237781,HARISS,2123.0,1854.0,4449.0
521,Switzerland,2.0,4.0,0.08,0.04,26.813515917372325,1129.0,29.500000098667943,1943.0,21.0,313.0,21.0,AWW,2123.0,1925.0,4189.0
522,Switzerland,2.0,4.0,0.08,0.04,50.76712778536248,3833.0,36.50000067193023,183.0,30.0,54.0,30.0,AWW,2064.0,1949.0,4430.0
523,Switzerland,2.0,4.0,0.08,0.04,36.2730150603365,705.0,33.500000586700295,397.0,35.0,546.0,33.500000586700295,HARISS,2052.0,1934.0,4241.0
524,Switzerland,2.0,4.0,0.08,0.04,33.41127814189268,1943.0,26.500000196605235,435.0,28.0,619.0,26.500000196605235,HARISS,2151.0,2001.0,4254.0
525,Switzerland,2.0,4.0,0.08,0.04,45.748048539041434,393.0,50.50000089609657,1070.0,37.0,64.0,37.0,AWW,2060.0,1908.0,4321.0
526,Switzerland,2.0,4.0,0.08,0.04,41.51463366822639,1213.0,36.50000023810968,420.0,29.0,93.0,29.0,AWW,2114.0,1896.0,4433.0
527,Switzerland,2.0,4.0,0.08,0.04,38.02532596464974,31.0,Inf,NaN,35.0,23.0,35.0,AWW,2095.0,1917.0,4233.0
528,Switzerland,2.0,4.0,0.08,0.04,51.96203181978879,2030.0,Inf,NaN,36.0,80.0,36.0,AWW,2031.0,1839.0,4445.0
529,Switzerland,2.0,4.0,0.08,0.04,20.781981662546023,311.0,22.500000055430608,534.0,30.0,3578.0,20.781981662546023,ICU,2081.0,1930.0,4287.0
530,Switzerland,2.0,4.0,0.08,0.04,8.871582936507382,0.0,Inf,NaN,21.0,0.0,8.871582936507382,ICU,2041.0,2040.0,4221.0
531,Switzerland,2.0,4.0,0.08,0.04,44.511846142290125,218.0,50.500000567773945,713.0,33.0,18.0,33.0,AWW,2024.0,1964.0,4257.0
532,Switzerland,2.0,4.0,0.08,0.04,31.700489443503525,153.0,43.5000002933245,2063.0,28.0,69.0,28.0,AWW,2129.0,1826.0,4332.0
533,Switzerland,2.0,4.0,0.08,0.04,38.62625130411327,1073.0,43.50000029838097,2558.0,39.0,1157.0,38.62625130411327,ICU,2022.0,1965.0,4411.0
534,Switzerland,2.0,4.0,0.08,0.04,44.476719084943205,990.0,43.50000040149418,847.0,30.0,127.0,30.0,AWW,2059.0,1918.0,4340.0
535,Switzerland,2.0,4.0,0.08,0.04,32.53829344018011,1337.0,19.500000000521528,75.0,35.0,2253.0,19.500000000521528,HARISS,2158.0,1958.0,4273.0
536,Switzerland,2.0,4.0,0.08,0.04,41.49108419333897,702.0,40.500000203663,586.0,34.0,133.0,34.0,AWW,2076.0,1949.0,4272.0
537,Switzerland,2.0,4.0,0.08,0.04,54.52566061847673,2392.0,54.50000064883252,2386.0,23.0,2.0,23.0,AWW,2031.0,1949.0,4236.0
538,Switzerland,2.0,4.0,0.08,0.04,33.07905672168778,323.0,36.500000152497485,703.0,37.0,796.0,33.07905672168778,ICU,2032.0,1953.0,4362.0
539,Switzerland,2.0,4.0,0.08,0.04,37.273127894588875,527.0,50.5000006184849,9198.0,35.0,335.0,35.0,AWW,2113.0,2026.0,4436.0
540,Switzerland,2.0,4.0,0.08,0.04,33.84656531173926,377.0,33.50000009666256,357.0,32.0,274.0,32.0,AWW,2056.0,1974.0,4438.0
541,Switzerland,2.0,4.0,0.08,0.04,43.859442002234424,694.0,47.50000017945006,1650.0,37.0,144.0,37.0,AWW,2078.0,1903.0,4387.0
542,Switzerland,2.0,4.0,0.08,0.04,35.47120143021134,985.0,33.500000525917244,639.0,36.0,1108.0,33.500000525917244,HARISS,2107.0,2006.0,4269.0
543,Switzerland,2.0,4.0,0.08,0.04,50.61235419100781,278.0,Inf,NaN,33.0,8.0,33.0,AWW,2036.0,1916.0,4214.0
544,Switzerland,2.0,4.0,0.08,0.04,35.344968701240376,4176.0,26.50000023031035,644.0,26.0,545.0,26.0,AWW,2095.0,2033.0,4296.0
545,Switzerland,2.0,4.0,0.08,0.04,42.493975082363555,733.0,43.50000018976956,899.0,33.0,99.0,33.0,AWW,2074.0,1898.0,4243.0
546,Switzerland,2.0,4.0,0.08,0.04,49.16700403519808,471.0,47.50000006215688,323.0,28.0,15.0,28.0,AWW,2105.0,1932.0,4305.0
547,Switzerland,2.0,4.0,0.08,0.04,37.55435921082754,780.0,43.50000011407912,2918.0,35.0,404.0,35.0,AWW,2037.0,1850.0,4346.0
548,Switzerland,2.0,4.0,0.08,0.04,40.38160265637414,2247.0,43.50000072713628,4277.0,35.0,653.0,35.0,AWW,2087.0,1994.0,4376.0
549,Switzerland,2.0,4.0,0.08,0.04,27.17383244665423,13.0,50.50000043966901,3194.0,30.0,28.0,27.17383244665423,ICU,2106.0,1938.0,4476.0
550,Switzerland,2.0,4.0,0.08,0.04,41.86498634760389,1306.0,43.50000032901395,1921.0,35.0,264.0,35.0,AWW,1938.0,2056.0,4371.0
551,Switzerland,2.0,4.0,0.08,0.04,28.955278648942457,569.0,33.5000004717439,1545.0,39.0,4931.0,28.955278648942457,ICU,2058.0,1884.0,4445.0
552,Switzerland,2.0,4.0,0.08,0.04,41.558860828329315,693.0,40.5000005756418,553.0,37.0,246.0,37.0,AWW,2074.0,1935.0,4326.0
553,Switzerland,2.0,4.0,0.08,0.04,47.34260216643501,3698.0,33.500000882561686,199.0,38.0,503.0,33.500000882561686,HARISS,2065.0,1923.0,4276.0
554,Switzerland,2.0,4.0,0.08,0.04,43.63341233990278,1079.0,36.50000060023162,240.0,33.0,116.0,33.0,AWW,2025.0,2023.0,4315.0
555,Switzerland,2.0,4.0,0.08,0.04,39.05522799096049,784.0,33.50000079719514,247.0,39.0,777.0,33.50000079719514,HARISS,2084.0,1892.0,4333.0
556,Switzerland,2.0,4.0,0.08,0.04,29.573009441628635,541.0,33.50000080078077,1505.0,28.0,347.0,28.0,AWW,2096.0,1904.0,4356.0
557,Switzerland,2.0,4.0,0.08,0.04,36.65482012681578,938.0,33.50000040204552,499.0,27.0,142.0,27.0,AWW,2099.0,1945.0,4402.0
558,Switzerland,2.0,4.0,0.08,0.04,40.017866789489545,2405.0,36.50000048706601,1062.0,32.0,377.0,32.0,AWW,2101.0,1948.0,4371.0
559,Switzerland,2.0,4.0,0.08,0.04,41.75197886653999,4136.0,29.5000006909873,289.0,38.0,1843.0,29.5000006909873,HARISS,2042.0,1889.0,4391.0
560,Switzerland,2.0,4.0,0.08,0.04,46.27337935357993,1686.0,40.50000021252896,497.0,20.0,9.0,20.0,AWW,2026.0,1910.0,4349.0
561,Switzerland,2.0,4.0,0.08,0.04,30.869754599771642,206.0,40.500000136798484,1764.0,34.0,422.0,30.869754599771642,ICU,2035.0,1933.0,4319.0
562,Switzerland,2.0,4.0,0.08,0.04,33.800104629751374,195.0,43.50000099235526,1752.0,31.0,123.0,31.0,AWW,2059.0,2032.0,4310.0
563,Switzerland,2.0,4.0,0.08,0.04,26.893731068200275,1311.0,33.50000018145034,5117.0,32.0,3810.0,26.893731068200275,ICU,2149.0,1898.0,4320.0
564,Switzerland,2.0,4.0,0.08,0.04,52.1755730519206,2214.0,50.50000012897195,1574.0,34.0,61.0,34.0,AWW,2029.0,1952.0,4307.0
565,Switzerland,2.0,4.0,0.08,0.04,37.368020655407804,3528.0,33.5000005640329,1598.0,15.0,21.0,15.0,AWW,2107.0,1932.0,4235.0
566,Switzerland,2.0,4.0,0.08,0.04,33.90726644357237,120.0,47.50000031686869,1392.0,33.0,104.0,33.0,AWW,2107.0,1982.0,4282.0
567,Switzerland,2.0,4.0,0.08,0.04,42.587081329925276,1054.0,40.50000094407225,644.0,40.0,575.0,40.0,AWW,2051.0,1956.0,4333.0
568,Switzerland,2.0,4.0,0.08,0.04,24.62318471005627,34.0,Inf,NaN,38.0,71.0,24.62318471005627,ICU,2052.0,1939.0,4270.0
569,Switzerland,2.0,4.0,0.08,0.04,47.030560388835696,1945.0,50.50000088871515,4209.0,33.0,92.0,33.0,AWW,2123.0,2021.0,4304.0
570,Switzerland,2.0,4.0,0.08,0.04,47.85941802540525,2009.0,36.500000232574955,172.0,32.0,81.0,32.0,AWW,2018.0,1955.0,4310.0
571,Switzerland,2.0,4.0,0.08,0.04,34.647072831638006,720.0,29.50000034002191,250.0,41.0,2475.0,29.50000034002191,HARISS,2056.0,1938.0,4396.0
572,Switzerland,2.0,4.0,0.08,0.04,26.195001540784027,275.0,29.50000050533071,527.0,25.0,209.0,25.0,AWW,2109.0,1867.0,4361.0
573,Switzerland,2.0,4.0,0.08,0.04,36.10314128037273,425.0,43.500000209187824,2133.0,37.0,499.0,36.10314128037273,ICU,2129.0,2004.0,4263.0
574,Switzerland,2.0,4.0,0.08,0.04,42.35185703171966,822.0,43.50000012075626,1041.0,39.0,373.0,39.0,AWW,2042.0,1952.0,4332.0
575,Switzerland,2.0,4.0,0.08,0.04,57.75945281930026,2403.0,50.50000013422026,577.0,36.0,23.0,36.0,AWW,2072.0,1942.0,4225.0
576,Switzerland,2.0,4.0,0.08,0.04,42.56131916231116,379.0,54.500000351402505,5133.0,33.0,42.0,33.0,AWW,2167.0,1858.0,4351.0
577,Switzerland,2.0,4.0,0.08,0.04,48.05211937462308,1237.0,36.500000884537066,96.0,31.0,29.0,31.0,AWW,2128.0,2010.0,4402.0
578,Switzerland,2.0,4.0,0.08,0.04,34.963771743421056,3190.0,29.500000722213567,925.0,36.0,3819.0,29.500000722213567,HARISS,2115.0,1973.0,4407.0
579,Switzerland,2.0,4.0,0.08,0.04,37.03922853315169,300.0,36.50000011190534,267.0,31.0,93.0,31.0,AWW,2110.0,1928.0,4343.0
580,Switzerland,2.0,4.0,0.08,0.04,51.8415842217382,3343.0,40.50000085970925,261.0,23.0,2.0,23.0,AWW,2048.0,1967.0,4218.0
581,Switzerland,2.0,4.0,0.08,0.04,20.39942405577901,2.0,Inf,NaN,28.0,2.0,20.39942405577901,ICU,2052.0,1923.0,4337.0
582,Switzerland,2.0,4.0,0.08,0.04,40.742250822484856,515.0,36.500000736788344,199.0,13.0,0.0,13.0,AWW,2010.0,1922.0,4346.0
583,Switzerland,2.0,4.0,0.08,0.04,50.93888323301761,2046.0,47.50000051104032,946.0,40.0,191.0,40.0,AWW,2083.0,1944.0,4318.0
584,Switzerland,2.0,4.0,0.08,0.04,46.73253372308874,565.0,36.500000363299165,57.0,34.0,35.0,34.0,AWW,2150.0,1965.0,4368.0
585,Switzerland,2.0,4.0,0.08,0.04,13.093119769211075,39.0,Inf,NaN,37.0,43.0,13.093119769211075,ICU,2072.0,1903.0,4358.0
586,Switzerland,2.0,4.0,0.08,0.04,35.42937489458245,374.0,43.50000010421926,2170.0,33.0,188.0,33.0,AWW,2012.0,1929.0,4389.0
587,Switzerland,2.0,4.0,0.08,0.04,48.133626459513806,634.0,54.50000054407463,2680.0,35.0,40.0,35.0,AWW,2084.0,1914.0,4348.0
588,Switzerland,2.0,4.0,0.08,0.04,41.92078809951991,708.0,50.500000960033375,4667.0,36.0,166.0,36.0,AWW,2099.0,1936.0,4431.0
589,Switzerland,2.0,4.0,0.08,0.04,45.069345699966505,349.0,36.50000046527099,57.0,39.0,95.0,36.50000046527099,HARISS,2176.0,1904.0,4393.0
590,Switzerland,2.0,4.0,0.08,0.04,52.83709474106615,3334.0,50.50000062930452,1970.0,32.0,46.0,32.0,AWW,2087.0,1967.0,4349.0
591,Switzerland,2.0,4.0,0.08,0.04,53.48980181668556,2054.0,Inf,NaN,33.0,25.0,33.0,AWW,2088.0,1977.0,4232.0
592,Switzerland,2.0,4.0,0.08,0.04,39.825388428948365,229.0,47.50000008995622,1234.0,40.0,242.0,39.825388428948365,ICU,2026.0,1936.0,4254.0
593,Switzerland,2.0,4.0,0.08,0.04,50.50180744568602,541.0,47.50000068513833,293.0,37.0,27.0,37.0,AWW,2162.0,1976.0,4381.0
594,Switzerland,2.0,4.0,0.08,0.04,31.10167939113226,39.0,50.50000027338036,3160.0,25.0,10.0,25.0,AWW,2137.0,1949.0,4217.0
595,Switzerland,2.0,4.0,0.08,0.04,53.97150957673141,3274.0,50.500000218127894,1533.0,40.0,177.0,40.0,AWW,2065.0,1905.0,4390.0
596,Switzerland,2.0,4.0,0.08,0.04,45.49533332596955,1109.0,43.50000099427565,686.0,36.0,123.0,36.0,AWW,2033.0,1946.0,4330.0
597,Switzerland,2.0,4.0,0.08,0.04,30.697751229229702,318.0,36.500000461116876,1111.0,34.0,668.0,30.697751229229702,ICU,2158.0,2017.0,4427.0
598,Switzerland,2.0,4.0,0.08,0.04,31.68214764595736,389.0,29.50000016057039,252.0,35.0,925.0,29.50000016057039,HARISS,2133.0,1921.0,4313.0
599,Switzerland,2.0,4.0,0.08,0.04,48.76207523817453,1099.0,50.50000027508073,1477.0,39.0,160.0,39.0,AWW,2111.0,1907.0,4370.0
600,Switzerland,2.0,4.0,0.08,0.04,44.768227605114774,1654.0,50.500000908100944,5592.0,35.0,184.0,35.0,AWW,2117.0,1973.0,4284.0
601,Switzerland,2.0,4.0,0.08,0.04,33.24132544228469,672.0,33.50000086312115,724.0,35.0,1002.0,33.24132544228469,ICU,2013.0,2010.0,4453.0
602,Switzerland,2.0,4.0,0.08,0.04,54.79669187977136,1857.0,54.500000010448446,1714.0,27.0,7.0,27.0,AWW,2020.0,1878.0,4310.0
603,Switzerland,2.0,4.0,0.08,0.04,48.168968634166305,1024.0,43.50000077169288,371.0,33.0,43.0,33.0,AWW,2148.0,1968.0,4351.0
604,Switzerland,2.0,4.0,0.08,0.04,46.965126985444215,5697.0,50.500000940365645,12927.0,33.0,204.0,33.0,AWW,2022.0,2015.0,4267.0
605,Switzerland,2.0,4.0,0.08,0.04,42.843988841580085,2471.0,47.5000002123834,7086.0,33.0,239.0,33.0,AWW,2044.0,1919.0,4428.0
606,Switzerland,2.0,4.0,0.08,0.04,43.941931992278654,824.0,50.5000001867068,3619.0,35.0,106.0,35.0,AWW,2082.0,1918.0,4360.0
607,Switzerland,2.0,4.0,0.08,0.04,46.94879079530318,372.0,Inf,NaN,23.0,4.0,23.0,AWW,2081.0,1972.0,4241.0
608,Switzerland,2.0,4.0,0.08,0.04,46.225720704084765,1397.0,50.50000098423257,3394.0,39.0,295.0,39.0,AWW,2165.0,2035.0,4370.0
609,Switzerland,2.0,4.0,0.08,0.04,42.87049359706089,919.0,33.50000025816761,202.0,32.0,148.0,32.0,AWW,2116.0,1854.0,4327.0
610,Switzerland,2.0,4.0,0.08,0.04,36.24641318963212,2300.0,29.500000791807143,546.0,36.0,2172.0,29.500000791807143,HARISS,2072.0,1890.0,4353.0
611,Switzerland,2.0,4.0,0.08,0.04,49.16196641811787,508.0,54.50000066674271,1637.0,35.0,29.0,35.0,AWW,2066.0,2005.0,4342.0
612,Switzerland,2.0,4.0,0.08,0.04,29.815279251031114,632.0,29.500000791431816,567.0,38.0,4931.0,29.500000791431816,HARISS,2051.0,1991.0,4396.0
613,Switzerland,2.0,4.0,0.08,0.04,24.802677298525527,121.0,33.500000106550615,807.0,31.0,468.0,24.802677298525527,ICU,2152.0,1961.0,4216.0
614,Switzerland,2.0,4.0,0.08,0.04,32.29621317904998,349.0,40.500000501094654,1967.0,11.0,4.0,11.0,AWW,2044.0,1950.0,4266.0
615,Switzerland,2.0,4.0,0.08,0.04,46.46422494285132,5550.0,40.50000004191425,1482.0,39.0,1045.0,39.0,AWW,2068.0,1972.0,4301.0
616,Switzerland,2.0,4.0,0.08,0.04,46.90416469746356,506.0,Inf,NaN,41.0,143.0,41.0,AWW,2052.0,1960.0,4276.0
617,Switzerland,2.0,4.0,0.08,0.04,18.57310409724373,9.0,Inf,NaN,21.0,20.0,18.57310409724373,ICU,2052.0,1880.0,4348.0
618,Switzerland,2.0,4.0,0.08,0.04,43.31244116295591,2625.0,22.50000043342888,99.0,35.0,513.0,22.50000043342888,HARISS,2127.0,1997.0,4325.0
619,Switzerland,2.0,4.0,0.08,0.04,25.13846943944358,669.0,33.5000008805195,5345.0,29.0,1846.0,25.13846943944358,ICU,2117.0,2022.0,4289.0
620,Switzerland,2.0,4.0,0.08,0.04,37.86366327648784,4168.0,29.50000059278315,606.0,21.0,82.0,21.0,AWW,2088.0,1916.0,4218.0
621,Switzerland,2.0,4.0,0.08,0.04,53.0387901758456,2418.0,47.500000782317464,744.0,34.0,45.0,34.0,AWW,1957.0,1984.0,4268.0
622,Switzerland,2.0,4.0,0.08,0.04,48.16707459969709,2263.0,43.5000000168041,794.0,36.0,144.0,36.0,AWW,2000.0,2017.0,4476.0
623,Switzerland,2.0,4.0,0.08,0.04,25.433865090333757,431.0,33.50000069826546,2432.0,38.0,6447.0,25.433865090333757,ICU,2108.0,1896.0,4316.0
624,Switzerland,2.0,4.0,0.08,0.04,43.74752351571918,4397.0,33.500000050947996,466.0,38.0,1300.0,33.500000050947996,HARISS,2161.0,1909.0,4340.0
625,Switzerland,2.0,4.0,0.08,0.04,33.87197087088825,1009.0,36.50000043749451,1657.0,35.0,1235.0,33.87197087088825,ICU,2138.0,1945.0,4346.0
626,Switzerland,2.0,4.0,0.08,0.04,35.97889981480208,203.0,40.50000080360445,540.0,30.0,62.0,30.0,AWW,2052.0,1934.0,4311.0
627,Switzerland,2.0,4.0,0.08,0.04,55.98529590278978,2848.0,Inf,NaN,39.0,185.0,39.0,AWW,2087.0,1955.0,4305.0
628,Switzerland,2.0,4.0,0.08,0.04,44.58386940923216,1902.0,47.50000009711256,3612.0,38.0,494.0,38.0,AWW,2069.0,1932.0,4436.0
629,Switzerland,2.0,4.0,0.08,0.04,25.1643417309924,31.0,43.500000272558395,1472.0,23.0,24.0,23.0,AWW,2093.0,1944.0,4377.0
630,Switzerland,2.0,4.0,0.08,0.04,27.91187359145041,12.0,43.5000009807813,360.0,30.0,18.0,27.91187359145041,ICU,2032.0,2004.0,4288.0
631,Switzerland,2.0,4.0,0.08,0.04,34.82562872756855,2769.0,26.50000091480646,374.0,23.0,223.0,23.0,AWW,2018.0,1921.0,4387.0
632,Switzerland,2.0,4.0,0.08,0.04,39.29165145571023,678.0,43.50000080686405,1793.0,40.0,805.0,39.29165145571023,ICU,2190.0,1960.0,4333.0
633,Switzerland,2.0,4.0,0.08,0.04,48.09319886822306,601.0,54.50000063473998,2601.0,33.0,25.0,33.0,AWW,2125.0,1956.0,4230.0
634,Switzerland,2.0,4.0,0.08,0.04,47.46640585806964,2903.0,50.500000035976576,5931.0,31.0,95.0,31.0,AWW,2066.0,1925.0,4379.0
635,Switzerland,2.0,4.0,0.08,0.04,53.28049431556238,9919.0,43.50000073214592,1214.0,30.0,69.0,30.0,AWW,2111.0,1925.0,4373.0
636,Switzerland,2.0,4.0,0.08,0.04,32.609165766614396,1345.0,33.500000732616144,1564.0,31.0,961.0,31.0,AWW,2031.0,1910.0,4158.0
637,Switzerland,2.0,4.0,0.08,0.04,47.06427994857495,1454.0,50.50000052342558,3037.0,37.0,142.0,37.0,AWW,2083.0,1899.0,4357.0
638,Switzerland,2.0,4.0,0.08,0.04,6.807513994321111,4.0,Inf,NaN,36.0,4.0,6.807513994321111,ICU,2059.0,1918.0,4267.0
639,Switzerland,2.0,4.0,0.08,0.04,42.0259607401037,3481.0,40.500000379565606,2546.0,32.0,401.0,32.0,AWW,2000.0,1909.0,4414.0
640,Switzerland,2.0,4.0,0.08,0.04,38.26379770816686,1131.0,40.500000928432264,1818.0,30.0,177.0,30.0,AWW,2191.0,2016.0,4484.0
641,Switzerland,2.0,4.0,0.08,0.04,28.480956176039605,121.0,43.50000073985839,4168.0,36.0,753.0,28.480956176039605,ICU,2084.0,1896.0,4323.0
642,Switzerland,2.0,4.0,0.08,0.04,51.11875877075689,463.0,47.50000049566265,207.0,37.0,23.0,37.0,AWW,2201.0,1981.0,4272.0
643,Switzerland,2.0,4.0,0.08,0.04,57.24741485597862,2108.0,47.500000341639954,240.0,35.0,22.0,35.0,AWW,2016.0,1936.0,4284.0
644,Switzerland,2.0,4.0,0.08,0.04,51.8483242484338,1765.0,54.50000092064142,3049.0,8.0,0.0,8.0,AWW,2054.0,1966.0,4211.0
645,Switzerland,2.0,4.0,0.08,0.04,23.870931741116028,74.0,40.500000711660455,2784.0,38.0,1582.0,23.870931741116028,ICU,2132.0,1945.0,4431.0
646,Switzerland,2.0,4.0,0.08,0.04,45.18521676669734,1622.0,43.500000419231824,1129.0,39.0,395.0,39.0,AWW,2136.0,1980.0,4272.0
647,Switzerland,2.0,4.0,0.08,0.04,50.5538214925749,3502.0,47.50000056561511,1851.0,31.0,67.0,31.0,AWW,2101.0,1967.0,4361.0
648,Switzerland,2.0,4.0,0.08,0.04,33.77322979064376,1287.0,33.50000074929993,1215.0,37.0,2409.0,33.50000074929993,HARISS,2193.0,1910.0,4566.0
649,Switzerland,2.0,4.0,0.08,0.04,16.184984976711338,63.0,19.500000270622465,146.0,4.0,1.0,4.0,AWW,2071.0,1943.0,4299.0
650,Switzerland,2.0,4.0,0.08,0.04,41.2140055824917,993.0,15.500000709305953,10.0,33.0,204.0,15.500000709305953,HARISS,2134.0,2020.0,4442.0
651,Switzerland,2.0,4.0,0.08,0.04,35.95850895963381,596.0,40.50000091068558,1541.0,38.0,923.0,35.95850895963381,ICU,2058.0,1907.0,4296.0
652,Switzerland,2.0,4.0,0.08,0.04,41.427468874820335,2768.0,36.50000012234604,881.0,35.0,646.0,35.0,AWW,2100.0,1977.0,4257.0
653,Switzerland,2.0,4.0,0.08,0.04,42.22427824904296,200.0,50.5000000771909,1236.0,30.0,21.0,30.0,AWW,2061.0,2035.0,4293.0
654,Switzerland,2.0,4.0,0.08,0.04,40.58437299942753,880.0,36.50000021923298,367.0,41.0,957.0,36.50000021923298,HARISS,2094.0,1965.0,4356.0
655,Switzerland,2.0,4.0,0.08,0.04,38.3246273103993,487.0,47.50000026345334,3955.0,38.0,460.0,38.0,AWW,2081.0,1872.0,4387.0
656,Switzerland,2.0,4.0,0.08,0.04,27.72457720265533,199.0,40.50000077704356,3395.0,23.0,75.0,23.0,AWW,1987.0,1868.0,4327.0
657,Switzerland,2.0,4.0,0.08,0.04,41.184183991760925,1619.0,40.50000028215605,1413.0,27.0,72.0,27.0,AWW,2054.0,1979.0,4239.0
658,Switzerland,2.0,4.0,0.08,0.04,25.196232081459126,175.0,Inf,NaN,34.0,186.0,25.196232081459126,ICU,2096.0,1937.0,4218.0
659,Switzerland,2.0,4.0,0.08,0.04,34.019600705420814,326.0,40.50000074536405,1321.0,28.0,94.0,28.0,AWW,2082.0,1978.0,4416.0
660,Switzerland,2.0,4.0,0.08,0.04,43.53917410728255,1191.0,40.50000018914194,592.0,37.0,270.0,37.0,AWW,2028.0,1991.0,4316.0
661,Switzerland,2.0,4.0,0.08,0.04,18.308018428913293,1.0,Inf,NaN,34.0,1.0,18.308018428913293,ICU,1984.0,2053.0,4404.0
662,Switzerland,2.0,4.0,0.08,0.04,38.82046826251089,1537.0,43.500000805716965,4159.0,33.0,408.0,33.0,AWW,2045.0,1947.0,4361.0
663,Switzerland,2.0,4.0,0.08,0.04,28.761600854148487,392.0,40.50000080040001,4482.0,35.0,1361.0,28.761600854148487,ICU,2137.0,2031.0,4416.0
664,Switzerland,2.0,4.0,0.08,0.04,20.975623666421924,6.0,Inf,NaN,34.0,6.0,20.975623666421924,ICU,2018.0,1939.0,4290.0
665,Switzerland,2.0,4.0,0.08,0.04,36.910863456693214,1731.0,29.500000546181234,310.0,34.0,1011.0,29.500000546181234,HARISS,2104.0,1961.0,4322.0
666,Switzerland,2.0,4.0,0.08,0.04,46.00169502413762,2106.0,26.500000676679747,24.0,36.0,250.0,26.500000676679747,HARISS,2099.0,1957.0,4368.0
667,Switzerland,2.0,4.0,0.08,0.04,51.10165462768805,4570.0,54.5000001752378,9709.0,37.0,189.0,37.0,AWW,2101.0,1836.0,4326.0
668,Switzerland,2.0,4.0,0.08,0.04,36.220153100193585,1110.0,40.500000669516915,3405.0,38.0,1838.0,36.220153100193585,ICU,2141.0,1919.0,4250.0
669,Switzerland,2.0,4.0,0.08,0.04,47.8119480587064,2565.0,47.500000688924565,2388.0,32.0,97.0,32.0,AWW,2129.0,1959.0,4309.0
670,Switzerland,2.0,4.0,0.08,0.04,46.27222756705026,2036.0,43.50000088486404,1102.0,26.0,27.0,26.0,AWW,2066.0,2004.0,4248.0
671,Switzerland,2.0,4.0,0.08,0.04,59.18079743329511,2296.0,Inf,NaN,29.0,13.0,29.0,AWW,2104.0,1896.0,4412.0
672,Switzerland,2.0,4.0,0.08,0.04,20.987877035912803,457.0,26.50000056287236,1500.0,27.0,1640.0,20.987877035912803,ICU,1989.0,1967.0,4456.0
673,Switzerland,2.0,4.0,0.08,0.04,48.74993638455686,855.0,36.50000059988072,63.0,31.0,21.0,31.0,AWW,2224.0,2051.0,4352.0
674,Switzerland,2.0,4.0,0.08,0.04,39.227848117797755,667.0,43.500000981753445,1775.0,32.0,151.0,32.0,AWW,2019.0,1918.0,4257.0
675,Switzerland,2.0,4.0,0.08,0.04,37.131195480629145,140.0,54.500000425510976,5038.0,33.0,61.0,33.0,AWW,2175.0,1972.0,4404.0
676,Switzerland,2.0,4.0,0.08,0.04,51.400288141874775,2399.0,50.50000094217633,1947.0,29.0,13.0,29.0,AWW,2080.0,1936.0,4398.0
677,Switzerland,2.0,4.0,0.08,0.04,40.83536350189583,2323.0,36.50000057899525,888.0,36.0,800.0,36.0,AWW,2187.0,1969.0,4385.0
678,Switzerland,2.0,4.0,0.08,0.04,47.147198982885655,802.0,54.50000031891759,3919.0,36.0,73.0,36.0,AWW,2046.0,1994.0,4328.0
679,Switzerland,2.0,4.0,0.08,0.04,43.14762722869437,265.0,Inf,NaN,35.0,50.0,35.0,AWW,2079.0,1913.0,4242.0
680,Switzerland,2.0,4.0,0.08,0.04,33.6336621183635,472.0,47.50000066729357,8528.0,30.0,229.0,30.0,AWW,2124.0,1925.0,4258.0
681,Switzerland,2.0,4.0,0.08,0.04,36.407419285611766,1645.0,26.50000049213105,178.0,22.0,61.0,22.0,AWW,2096.0,1995.0,4375.0
682,Switzerland,2.0,4.0,0.08,0.04,29.659040669290604,58.0,50.50000009844485,3245.0,36.0,178.0,29.659040669290604,ICU,2025.0,1949.0,4310.0
683,Switzerland,2.0,4.0,0.08,0.04,42.64988867397324,793.0,29.50000008389816,51.0,22.0,10.0,22.0,AWW,2085.0,2017.0,4377.0
684,Switzerland,2.0,4.0,0.08,0.04,46.99477546004906,3164.0,47.5000007756217,3530.0,37.0,424.0,37.0,AWW,2058.0,1979.0,4282.0
685,Switzerland,2.0,4.0,0.08,0.04,39.21490244200522,1307.0,43.5000004505749,3323.0,36.0,627.0,36.0,AWW,2016.0,2026.0,4298.0
686,Switzerland,2.0,4.0,0.08,0.04,27.14759479151421,7.0,Inf,NaN,38.0,16.0,27.14759479151421,ICU,2033.0,1897.0,4278.0
687,Switzerland,2.0,4.0,0.08,0.04,30.834314346151196,858.0,19.50000036675115,71.0,34.0,1700.0,19.50000036675115,HARISS,2135.0,1931.0,4326.0
688,Switzerland,2.0,4.0,0.08,0.04,12.076714321028653,6.0,Inf,NaN,38.0,6.0,12.076714321028653,ICU,2100.0,1948.0,4385.0
689,Switzerland,2.0,4.0,0.08,0.04,32.510106457456075,401.0,40.50000044295489,2316.0,31.0,288.0,31.0,AWW,2050.0,1924.0,4291.0
690,Switzerland,2.0,4.0,0.08,0.04,31.097527340000592,2776.0,26.50000067922485,865.0,5.0,13.0,5.0,AWW,2088.0,1950.0,4320.0
691,Switzerland,2.0,4.0,0.08,0.04,44.006874574129974,669.0,50.50000006970994,2870.0,32.0,36.0,32.0,AWW,2114.0,1924.0,4309.0
692,Switzerland,2.0,4.0,0.08,0.04,29.31246057067904,399.0,29.500000806533514,415.0,34.0,1222.0,29.31246057067904,ICU,2073.0,1966.0,4315.0
693,Switzerland,2.0,4.0,0.08,0.04,43.1590907026527,1501.0,40.500000084064666,826.0,26.0,40.0,26.0,AWW,2035.0,1825.0,4308.0
694,Switzerland,2.0,4.0,0.08,0.04,53.313030726744714,3187.0,47.500000440212375,867.0,31.0,24.0,31.0,AWW,2091.0,1895.0,4296.0
695,Switzerland,2.0,4.0,0.08,0.04,42.8956831356624,3630.0,40.50000097779777,2185.0,38.0,1270.0,38.0,AWW,2085.0,1891.0,4288.0
696,Switzerland,2.0,4.0,0.08,0.04,46.586652343936436,3016.0,33.50000084565137,199.0,21.0,9.0,21.0,AWW,2103.0,1938.0,4260.0
697,Switzerland,2.0,4.0,0.08,0.04,40.51474295554315,1529.0,36.500000662219115,692.0,36.0,630.0,36.0,AWW,2012.0,1967.0,4281.0
698,Switzerland,2.0,4.0,0.08,0.04,42.33476421672978,1183.0,47.500000855376456,3783.0,33.0,153.0,33.0,AWW,2131.0,1947.0,4406.0
699,Switzerland,2.0,4.0,0.08,0.04,36.12112776381994,177.0,40.50000031216762,419.0,9.0,2.0,9.0,AWW,2143.0,1962.0,4358.0
700,Switzerland,2.0,4.0,0.08,0.04,24.146156873884276,135.0,40.50000090191437,3852.0,27.0,284.0,24.146156873884276,ICU,2084.0,1957.0,4336.0
701,Switzerland,2.0,4.0,0.08,0.04,48.04469344927085,1584.0,47.500000107158776,1379.0,34.0,49.0,34.0,AWW,2086.0,1933.0,4279.0
702,Switzerland,2.0,4.0,0.08,0.04,33.606506379419585,306.0,43.50000014245627,2733.0,34.0,325.0,33.606506379419585,ICU,2152.0,1971.0,4402.0
703,Switzerland,2.0,4.0,0.08,0.04,32.726309946117745,815.0,36.50000081302261,1962.0,27.0,207.0,27.0,AWW,2131.0,1965.0,4362.0
704,Switzerland,2.0,4.0,0.08,0.04,36.13744053209001,1334.0,40.50000073104701,3645.0,32.0,503.0,32.0,AWW,2104.0,1926.0,4264.0
705,Switzerland,2.0,4.0,0.08,0.04,48.61521326788024,1063.0,50.50000056799982,1596.0,30.0,13.0,30.0,AWW,2037.0,1844.0,4369.0
706,Switzerland,2.0,4.0,0.08,0.04,31.37832033681043,2129.0,29.50000007225876,1356.0,32.0,2461.0,29.50000007225876,HARISS,2037.0,1961.0,4438.0
707,Switzerland,2.0,4.0,0.08,0.04,47.99342886986642,2954.0,40.500000945488736,599.0,35.0,185.0,35.0,AWW,2100.0,1919.0,4382.0
708,Switzerland,2.0,4.0,0.08,0.04,18.889557619143257,7.0,50.50000043011891,207.0,38.0,25.0,18.889557619143257,ICU,2134.0,1951.0,4452.0
709,Switzerland,2.0,4.0,0.08,0.04,54.09798142958198,989.0,22.500000397695313,3.0,34.0,22.0,22.500000397695313,HARISS,2092.0,1995.0,4289.0
710,Switzerland,2.0,4.0,0.08,0.04,40.76476605691597,795.0,43.5000000783345,1393.0,34.0,152.0,34.0,AWW,2084.0,1943.0,4287.0
711,Switzerland,2.0,4.0,0.08,0.04,44.297073197392706,1457.0,40.50000007964032,607.0,30.0,62.0,30.0,AWW,2084.0,1919.0,4302.0
712,Switzerland,2.0,4.0,0.08,0.04,40.98574111589539,3153.0,29.500000572296774,254.0,34.0,671.0,29.500000572296774,HARISS,2061.0,2005.0,4328.0
713,Switzerland,2.0,4.0,0.08,0.04,39.53389871310721,3185.0,29.50000065207195,425.0,36.0,1522.0,29.50000065207195,HARISS,2082.0,1974.0,4345.0
714,Switzerland,2.0,4.0,0.08,0.04,27.470491074402013,742.0,33.500000454721715,2859.0,38.0,6345.0,27.470491074402013,ICU,2077.0,1972.0,4348.0
715,Switzerland,2.0,4.0,0.08,0.04,38.21877731035272,1777.0,33.500000444722765,587.0,39.0,2067.0,33.500000444722765,HARISS,2061.0,2035.0,4416.0
716,Switzerland,2.0,4.0,0.08,0.04,42.133772454922436,450.0,50.500000576992065,2960.0,38.0,197.0,38.0,AWW,2044.0,1980.0,4159.0
717,Switzerland,2.0,4.0,0.08,0.04,37.34342455005128,922.0,47.500000320217474,6077.0,34.0,492.0,34.0,AWW,2039.0,1927.0,4347.0
718,Switzerland,2.0,4.0,0.08,0.04,34.92339798172643,968.0,36.500000209195434,1427.0,32.0,517.0,32.0,AWW,2140.0,2038.0,4274.0
719,Switzerland,2.0,4.0,0.08,0.04,51.4799838855711,1516.0,50.500000631341855,1197.0,39.0,102.0,39.0,AWW,2010.0,1943.0,4354.0
720,Switzerland,2.0,4.0,0.08,0.04,51.72444260376516,2871.0,40.500000448088336,284.0,37.0,157.0,37.0,AWW,2050.0,1939.0,4413.0
721,Switzerland,2.0,4.0,0.08,0.04,52.66652940305957,2009.0,50.50000007772918,1259.0,36.0,97.0,36.0,AWW,2098.0,1925.0,4228.0
722,Switzerland,2.0,4.0,0.08,0.04,44.32482227252818,9864.0,15.500000067088312,23.0,33.0,838.0,15.500000067088312,HARISS,2058.0,1950.0,4376.0
723,Switzerland,2.0,4.0,0.08,0.04,31.211390877538403,672.0,33.50000007677538,1122.0,34.0,1283.0,31.211390877538403,ICU,1964.0,1945.0,4454.0
724,Switzerland,2.0,4.0,0.08,0.04,34.579063287382525,2452.0,33.500000438314025,1919.0,30.0,879.0,30.0,AWW,2010.0,2020.0,4307.0
725,Switzerland,2.0,4.0,0.08,0.04,38.45627357549851,322.0,43.5000003319329,1016.0,30.0,39.0,30.0,AWW,2012.0,1957.0,4244.0
726,Switzerland,2.0,4.0,0.08,0.04,46.67943982712708,764.0,54.50000026480111,4563.0,35.0,65.0,35.0,AWW,1940.0,1934.0,4272.0
727,Switzerland,2.0,4.0,0.08,0.04,34.850382583960986,325.0,26.500000904464827,56.0,32.0,160.0,26.500000904464827,HARISS,2067.0,1921.0,4425.0
728,Switzerland,2.0,4.0,0.08,0.04,44.66308068764861,2540.0,47.50000096799243,4699.0,35.0,323.0,35.0,AWW,2090.0,1870.0,4352.0
729,Switzerland,2.0,4.0,0.08,0.04,45.95940708969346,1176.0,50.50000083192283,2979.0,15.0,0.0,15.0,AWW,2026.0,2004.0,4342.0
730,Switzerland,2.0,4.0,0.08,0.04,36.50515114089747,53.0,43.50000090937348,156.0,32.0,30.0,32.0,AWW,2079.0,1970.0,4385.0
731,Switzerland,2.0,4.0,0.08,0.04,30.95804767623566,1790.0,29.500000297767354,1346.0,31.0,1798.0,29.500000297767354,HARISS,2040.0,2011.0,4267.0
732,Switzerland,2.0,4.0,0.08,0.04,29.770687651114148,1078.0,29.500000603408616,1019.0,40.0,6927.0,29.500000603408616,HARISS,2140.0,2004.0,4371.0
733,Switzerland,2.0,4.0,0.08,0.04,36.4890920431896,817.0,36.50000033643061,819.0,34.0,486.0,34.0,AWW,2122.0,1978.0,4401.0
734,Switzerland,2.0,4.0,0.08,0.04,47.18378543743103,942.0,50.50000045564045,1534.0,31.0,105.0,31.0,AWW,2020.0,1923.0,4440.0
735,Switzerland,2.0,4.0,0.08,0.04,39.25662267884883,373.0,50.50000063866255,5053.0,34.0,126.0,34.0,AWW,2092.0,1936.0,4305.0
736,Switzerland,2.0,4.0,0.08,0.04,28.871553612684824,1976.0,29.500000403058316,2306.0,33.0,5070.0,28.871553612684824,ICU,2066.0,1969.0,4252.0
737,Switzerland,2.0,4.0,0.08,0.04,38.7482563264786,1059.0,40.50000010326491,1540.0,31.0,186.0,31.0,AWW,2089.0,1886.0,4262.0
738,Switzerland,2.0,4.0,0.08,0.04,38.29889512871792,374.0,47.50000080836543,2972.0,33.0,94.0,33.0,AWW,2097.0,1886.0,4419.0
739,Switzerland,2.0,4.0,0.08,0.04,39.15628744897335,1927.0,40.5000007113881,2528.0,38.0,1461.0,38.0,AWW,2100.0,1944.0,4414.0
740,Switzerland,2.0,4.0,0.08,0.04,36.87991416704183,772.0,40.50000086045214,1661.0,30.0,183.0,30.0,AWW,2119.0,1874.0,4334.0
741,Switzerland,2.0,4.0,0.08,0.04,39.17638026341323,296.0,50.50000051417303,3500.0,36.0,141.0,36.0,AWW,2036.0,1856.0,4361.0
742,Switzerland,2.0,4.0,0.08,0.04,46.627132356186415,449.0,50.500000904834906,1086.0,40.0,148.0,40.0,AWW,2024.0,1949.0,4260.0
743,Switzerland,2.0,4.0,0.08,0.04,38.66211998967411,620.0,43.50000097434835,1825.0,37.0,433.0,37.0,AWW,2095.0,2023.0,4450.0
744,Switzerland,2.0,4.0,0.08,0.04,47.3251287022358,2512.0,47.50000097557018,2612.0,34.0,155.0,34.0,AWW,2071.0,1955.0,4357.0
745,Switzerland,2.0,4.0,0.08,0.04,14.142959244910069,0.0,Inf,NaN,33.0,0.0,14.142959244910069,ICU,2110.0,1911.0,4295.0
746,Switzerland,2.0,4.0,0.08,0.04,50.4455011152717,5467.0,40.50000045980503,573.0,32.0,92.0,32.0,AWW,2076.0,2002.0,4341.0
747,Switzerland,2.0,4.0,0.08,0.04,43.73881683573602,2206.0,40.50000017987032,1087.0,33.0,217.0,33.0,AWW,2026.0,1956.0,4316.0
748,Switzerland,2.0,4.0,0.08,0.04,37.049826585410635,108.0,47.50000096301212,1225.0,36.0,85.0,36.0,AWW,2110.0,1917.0,4225.0
749,Switzerland,2.0,4.0,0.08,0.04,37.883386586070586,1974.0,33.5000000120696,738.0,34.0,802.0,33.5000000120696,HARISS,2016.0,2045.0,4277.0
750,Switzerland,2.0,4.0,0.08,0.04,41.273892617415775,201.0,47.500000601755175,815.0,38.0,95.0,38.0,AWW,1991.0,1973.0,4256.0
751,Switzerland,2.0,4.0,0.08,0.04,46.88935489870724,1852.0,40.50000053149625,433.0,16.0,9.0,16.0,AWW,2087.0,1964.0,4361.0
752,Switzerland,2.0,4.0,0.08,0.04,46.78173538408089,1806.0,47.50000079699937,2096.0,32.0,83.0,32.0,AWW,2133.0,1949.0,4431.0
753,Switzerland,2.0,4.0,0.08,0.04,31.069547991905534,427.0,29.500000690965454,326.0,37.0,1459.0,29.500000690965454,HARISS,2038.0,1920.0,4350.0
754,Switzerland,2.0,4.0,0.08,0.04,45.78357906907477,3353.0,47.50000091772063,4893.0,29.0,124.0,29.0,AWW,2107.0,1986.0,4276.0
755,Switzerland,2.0,4.0,0.08,0.04,49.43350028277422,2966.0,50.500000881815616,3822.0,37.0,245.0,37.0,AWW,2025.0,1986.0,4339.0
756,Switzerland,2.0,4.0,0.08,0.04,37.403204342452845,525.0,43.50000016456516,1934.0,35.0,328.0,35.0,AWW,2047.0,1957.0,4266.0
757,Switzerland,2.0,4.0,0.08,0.04,54.066747257269675,958.0,54.500000948989154,1034.0,30.0,15.0,30.0,AWW,2077.0,1944.0,4368.0
758,Switzerland,2.0,4.0,0.08,0.04,42.35026850780991,254.0,47.50000076891476,776.0,28.0,22.0,28.0,AWW,2154.0,1928.0,4324.0
759,Switzerland,2.0,4.0,0.08,0.04,32.50885695988441,350.0,22.500000397005458,30.0,30.0,200.0,22.500000397005458,HARISS,2086.0,1885.0,4423.0
760,Switzerland,2.0,4.0,0.08,0.04,31.47807983512594,141.0,36.50000038807507,230.0,41.0,475.0,31.47807983512594,ICU,2079.0,1864.0,4385.0
761,Switzerland,2.0,4.0,0.08,0.04,50.28046193887206,1226.0,50.50000012771627,1266.0,26.0,9.0,26.0,AWW,1987.0,1938.0,4288.0
762,Switzerland,2.0,4.0,0.08,0.04,36.53680601086577,1070.0,40.500000612246794,2434.0,24.0,75.0,24.0,AWW,2079.0,1932.0,4425.0
763,Switzerland,2.0,4.0,0.08,0.04,45.46734358561192,1199.0,22.500000475744525,9.0,23.0,10.0,22.500000475744525,HARISS,2053.0,2073.0,4324.0
764,Switzerland,2.0,4.0,0.08,0.04,31.077226752034843,5.0,Inf,NaN,43.0,5.0,31.077226752034843,ICU,2106.0,1986.0,4326.0
765,Switzerland,2.0,4.0,0.08,0.04,41.852149661709376,984.0,50.500000767691546,6782.0,21.0,6.0,21.0,AWW,1974.0,1914.0,4299.0
766,Switzerland,2.0,4.0,0.08,0.04,38.14812201296448,395.0,36.50000055537477,298.0,40.0,525.0,36.50000055537477,HARISS,2090.0,1963.0,4323.0
767,Switzerland,2.0,4.0,0.08,0.04,17.540330872059357,12.0,33.50000016996517,260.0,34.0,301.0,17.540330872059357,ICU,2083.0,1960.0,4432.0
768,Switzerland,2.0,4.0,0.08,0.04,34.56270740848894,88.0,33.500000960904906,72.0,39.0,219.0,33.500000960904906,HARISS,2062.0,1908.0,4360.0
769,Switzerland,2.0,4.0,0.08,0.04,49.855650330221415,737.0,47.5000005218,437.0,29.0,23.0,29.0,AWW,2064.0,1992.0,4265.0
770,Switzerland,2.0,4.0,0.08,0.04,55.711920119044386,6618.0,50.50000047785622,2085.0,39.0,210.0,39.0,AWW,2026.0,1939.0,4288.0
771,Switzerland,2.0,4.0,0.08,0.04,41.539639283577834,799.0,47.500000897206625,3238.0,28.0,26.0,28.0,AWW,2068.0,1877.0,4390.0
772,Switzerland,2.0,4.0,0.08,0.04,39.53929325832515,1957.0,43.500000492213886,4579.0,37.0,1122.0,37.0,AWW,2024.0,1955.0,4206.0
773,Switzerland,2.0,4.0,0.08,0.04,45.556149708151196,940.0,47.500000773489646,1483.0,29.0,18.0,29.0,AWW,2044.0,1947.0,4315.0
774,Switzerland,2.0,4.0,0.08,0.04,34.42805736251822,845.0,33.50000079839209,689.0,31.0,392.0,31.0,AWW,2055.0,2020.0,4335.0
775,Switzerland,2.0,4.0,0.08,0.04,47.06886630634202,2371.0,33.50000062570891,145.0,36.0,230.0,33.50000062570891,HARISS,2102.0,1905.0,4299.0
776,Switzerland,2.0,4.0,0.08,0.04,38.13406108906659,1449.0,29.500000775153993,209.0,38.0,1412.0,29.500000775153993,HARISS,2118.0,1907.0,4313.0
777,Switzerland,2.0,4.0,0.08,0.04,59.04014164764947,2272.0,50.50000011408666,559.0,31.0,24.0,31.0,AWW,2087.0,1903.0,4231.0
778,Switzerland,2.0,4.0,0.08,0.04,42.628912319738724,835.0,47.50000091319351,2376.0,35.0,184.0,35.0,AWW,2126.0,1933.0,4345.0
779,Switzerland,2.0,4.0,0.08,0.04,24.830834193187084,183.0,29.500000233100096,411.0,30.0,458.0,24.830834193187084,ICU,2081.0,1928.0,4412.0
780,Switzerland,2.0,4.0,0.08,0.04,49.13553559986417,4901.0,47.50000015556806,3491.0,30.0,96.0,30.0,AWW,2068.0,1896.0,4358.0
781,Switzerland,2.0,4.0,0.08,0.04,37.67011137335595,104.0,50.50000076241099,1737.0,32.0,29.0,32.0,AWW,2022.0,1871.0,4240.0
782,Switzerland,2.0,4.0,0.08,0.04,35.58038515715564,56.0,54.50000092027023,4059.0,39.0,131.0,35.58038515715564,ICU,2049.0,1841.0,4353.0
783,Switzerland,2.0,4.0,0.08,0.04,27.188734578365683,1713.0,29.50000059636112,2806.0,20.0,175.0,20.0,AWW,2061.0,1942.0,4346.0
784,Switzerland,2.0,4.0,0.08,0.04,47.13360427801283,2191.0,50.500000361468715,4668.0,34.0,241.0,34.0,AWW,2180.0,1845.0,4293.0
785,Switzerland,2.0,4.0,0.08,0.04,42.84372188940786,859.0,50.50000034690275,4633.0,32.0,88.0,32.0,AWW,2107.0,1915.0,4378.0
786,Switzerland,2.0,4.0,0.08,0.04,45.28797144052002,582.0,47.50000059893817,917.0,19.0,0.0,19.0,AWW,2128.0,2026.0,4401.0
787,Switzerland,2.0,4.0,0.08,0.04,56.42271024577046,3857.0,50.50000043833097,1028.0,36.0,45.0,36.0,AWW,2091.0,1974.0,4331.0
788,Switzerland,2.0,4.0,0.08,0.04,48.82770624572499,111.0,54.500000236897286,357.0,33.0,9.0,33.0,AWW,2114.0,1924.0,4345.0
789,Switzerland,2.0,4.0,0.08,0.04,38.18699739145813,164.0,40.500000436292254,260.0,36.0,120.0,36.0,AWW,2086.0,1895.0,4151.0
790,Switzerland,2.0,4.0,0.08,0.04,42.920213689879766,238.0,54.50000039162945,2819.0,33.0,20.0,33.0,AWW,2063.0,1935.0,4373.0
791,Switzerland,2.0,4.0,0.08,0.04,39.765429167033915,2794.0,33.50000034722068,700.0,39.0,2303.0,33.50000034722068,HARISS,2015.0,1921.0,4280.0
792,Switzerland,2.0,4.0,0.08,0.04,46.58917653333597,3970.0,40.500000911756196,1144.0,26.0,39.0,26.0,AWW,2067.0,1990.0,4376.0
793,Switzerland,2.0,4.0,0.08,0.04,44.319220628992504,351.0,54.500000056604556,3116.0,35.0,50.0,35.0,AWW,1936.0,1957.0,4246.0
794,Switzerland,2.0,4.0,0.08,0.04,43.82355440918028,696.0,40.5000007974186,346.0,34.0,84.0,34.0,AWW,2091.0,1965.0,4399.0
795,Switzerland,2.0,4.0,0.08,0.04,51.155340257243495,513.0,Inf,NaN,38.0,32.0,38.0,AWW,2091.0,1933.0,4423.0
796,Switzerland,2.0,4.0,0.08,0.04,43.78242946260297,3349.0,43.500000769895266,3150.0,36.0,606.0,36.0,AWW,2081.0,1972.0,4296.0
797,Switzerland,2.0,4.0,0.08,0.04,36.71993468168977,523.0,33.50000092490634,260.0,35.0,339.0,33.50000092490634,HARISS,2005.0,1954.0,4300.0
798,Switzerland,2.0,4.0,0.08,0.04,53.35467240989426,7175.0,43.50000060774782,837.0,34.0,122.0,34.0,AWW,2080.0,1948.0,4369.0
799,Switzerland,2.0,4.0,0.08,0.04,32.52602036228678,1627.0,33.50000003702766,1884.0,35.0,2396.0,32.52602036228678,ICU,2180.0,1952.0,4296.0
800,Switzerland,2.0,4.0,0.08,0.04,39.22858260321577,244.0,43.50000074891311,619.0,38.0,189.0,38.0,AWW,2162.0,1986.0,4328.0
801,Switzerland,2.0,4.0,0.08,0.04,33.42561119868475,411.0,43.500000742607426,4053.0,40.0,1803.0,33.42561119868475,ICU,2040.0,1894.0,4427.0
802,Switzerland,2.0,4.0,0.08,0.04,39.95721860595742,1315.0,40.50000058276427,1514.0,36.0,593.0,36.0,AWW,2080.0,1858.0,4315.0
803,Switzerland,2.0,4.0,0.08,0.04,51.22598380410753,1686.0,36.50000065434638,65.0,35.0,52.0,35.0,AWW,2100.0,1975.0,4314.0
804,Switzerland,2.0,4.0,0.08,0.04,26.314350786058966,394.0,33.500000603966406,1789.0,36.0,2939.0,26.314350786058966,ICU,2047.0,1915.0,4225.0
805,Switzerland,2.0,4.0,0.08,0.04,31.796389921156187,613.0,36.50000050364843,1684.0,32.0,654.0,31.796389921156187,ICU,2096.0,1951.0,4377.0
806,Switzerland,2.0,4.0,0.08,0.04,40.724318299209756,255.0,43.50000010869659,481.0,30.0,38.0,30.0,AWW,2117.0,1940.0,4319.0
807,Switzerland,2.0,4.0,0.08,0.04,44.730262187848155,1987.0,47.50000052275455,3718.0,39.0,555.0,39.0,AWW,2074.0,2004.0,4344.0
808,Switzerland,2.0,4.0,0.08,0.04,51.852269280270335,4161.0,40.50000037067442,414.0,38.0,244.0,38.0,AWW,1998.0,1942.0,4336.0
809,Switzerland,2.0,4.0,0.08,0.04,19.370016364818966,424.0,22.50000012016554,1077.0,38.0,26292.0,19.370016364818966,ICU,2110.0,1938.0,4406.0
810,Switzerland,2.0,4.0,0.08,0.04,43.377723322688716,1946.0,43.5000003751779,1996.0,34.0,234.0,34.0,AWW,2110.0,1970.0,4288.0
811,Switzerland,2.0,4.0,0.08,0.04,52.15719743733317,2625.0,50.5000008299081,1852.0,30.0,16.0,30.0,AWW,2049.0,1943.0,4406.0
812,Switzerland,2.0,4.0,0.08,0.04,31.93595024151818,970.0,29.50000099851987,624.0,37.0,2388.0,29.50000099851987,HARISS,2095.0,1910.0,4240.0
813,Switzerland,2.0,4.0,0.08,0.04,36.33829748322592,47.0,54.500000615666146,1489.0,38.0,68.0,36.33829748322592,ICU,2005.0,1948.0,4423.0
814,Switzerland,2.0,4.0,0.08,0.04,39.927356058552526,4413.0,36.50000076883041,2177.0,33.0,976.0,33.0,AWW,2117.0,1983.0,4322.0
815,Switzerland,2.0,4.0,0.08,0.04,37.35231919511497,653.0,43.50000015641923,2465.0,30.0,147.0,30.0,AWW,2072.0,1970.0,4234.0
816,Switzerland,2.0,4.0,0.08,0.04,32.91628860016138,157.0,50.50000093254373,1637.0,34.0,181.0,32.91628860016138,ICU,2079.0,1925.0,4288.0
817,Switzerland,2.0,4.0,0.08,0.04,48.96136800688065,627.0,Inf,NaN,40.0,114.0,40.0,AWW,2075.0,1910.0,4330.0
818,Switzerland,2.0,4.0,0.08,0.04,24.676764683037145,1551.0,19.500000707093825,402.0,30.0,4286.0,19.500000707093825,HARISS,2078.0,1905.0,4218.0
819,Switzerland,2.0,4.0,0.08,0.04,23.25062075421689,26.0,47.500000561819924,1096.0,21.0,20.0,21.0,AWW,2025.0,1904.0,4214.0
820,Switzerland,2.0,4.0,0.08,0.04,38.53851767669725,580.0,43.5000000785122,1722.0,34.0,224.0,34.0,AWW,1998.0,1961.0,4325.0
821,Switzerland,2.0,4.0,0.08,0.04,39.54908937831336,1111.0,26.500000651689362,59.0,40.0,1239.0,26.500000651689362,HARISS,2089.0,1916.0,4332.0
822,Switzerland,2.0,4.0,0.08,0.04,30.283199485323312,3312.0,19.500000958935104,329.0,32.0,4722.0,19.500000958935104,HARISS,2118.0,1866.0,4401.0
823,Switzerland,2.0,4.0,0.08,0.04,53.16364260561015,1832.0,40.50000094019572,122.0,36.0,49.0,36.0,AWW,2080.0,1967.0,4332.0
824,Switzerland,2.0,4.0,0.08,0.04,32.21845501019429,428.0,40.50000039594814,2520.0,32.0,410.0,32.0,AWW,2141.0,1970.0,4363.0
825,Switzerland,2.0,4.0,0.08,0.04,42.24524513759021,522.0,50.50000072749799,3368.0,32.0,60.0,32.0,AWW,2081.0,1858.0,4425.0
826,Switzerland,2.0,4.0,0.08,0.04,54.150655446897055,4037.0,50.500000633128,1752.0,28.0,8.0,28.0,AWW,2022.0,1971.0,4418.0
827,Switzerland,2.0,4.0,0.08,0.04,46.243550469407815,1600.0,26.500000682478106,34.0,33.0,109.0,26.500000682478106,HARISS,2081.0,1867.0,4397.0
828,Switzerland,2.0,4.0,0.08,0.04,13.12785283809548,9.0,Inf,NaN,27.0,9.0,13.12785283809548,ICU,2094.0,1899.0,4363.0
829,Switzerland,2.0,4.0,0.08,0.04,62.063141491434656,604.0,Inf,NaN,40.0,30.0,40.0,AWW,1996.0,2043.0,4349.0
830,Switzerland,2.0,4.0,0.08,0.04,52.45560736603745,4724.0,43.500000083179074,704.0,41.0,423.0,41.0,AWW,2042.0,1981.0,4282.0
831,Switzerland,2.0,4.0,0.08,0.04,17.18887579890872,3.0,Inf,NaN,35.0,3.0,17.18887579890872,ICU,1990.0,1953.0,4326.0
832,Switzerland,2.0,4.0,0.08,0.04,45.35169145296336,1099.0,43.5000005514948,691.0,37.0,175.0,37.0,AWW,2075.0,1993.0,4250.0
833,Switzerland,2.0,4.0,0.08,0.04,41.72926852583537,2905.0,36.50000087226713,927.0,20.0,64.0,20.0,AWW,2144.0,1943.0,4454.0
834,Switzerland,2.0,4.0,0.08,0.04,46.59507082410746,706.0,50.50000098213214,1577.0,34.0,47.0,34.0,AWW,2039.0,2001.0,4210.0
835,Switzerland,2.0,4.0,0.08,0.04,38.70254691714169,576.0,40.500000105051754,817.0,28.0,76.0,28.0,AWW,2125.0,1987.0,4407.0
836,Switzerland,2.0,4.0,0.08,0.04,35.09271874717886,73.0,47.50000004411872,1277.0,38.0,158.0,35.09271874717886,ICU,2029.0,1949.0,4378.0
837,Switzerland,2.0,4.0,0.08,0.04,44.53905394801314,1876.0,33.500000074334224,162.0,34.0,179.0,33.500000074334224,HARISS,2021.0,2017.0,4340.0
838,Switzerland,2.0,4.0,0.08,0.04,27.151512735306007,1512.0,22.500000087582986,454.0,29.0,2234.0,22.500000087582986,HARISS,2100.0,1903.0,4325.0
839,Switzerland,2.0,4.0,0.08,0.04,62.672478750281115,1744.0,Inf,NaN,32.0,11.0,32.0,AWW,2109.0,1974.0,4300.0
840,Switzerland,2.0,4.0,0.08,0.04,51.59877083090988,2141.0,54.500000837758115,4088.0,29.0,27.0,29.0,AWW,2186.0,1905.0,4382.0
841,Switzerland,2.0,4.0,0.08,0.04,39.24744291895765,614.0,47.50000017898712,3519.0,37.0,373.0,37.0,AWW,2018.0,1949.0,4294.0
842,Switzerland,2.0,4.0,0.08,0.04,56.86052956113579,5164.0,Inf,NaN,37.0,59.0,37.0,AWW,2155.0,1897.0,4259.0
843,Switzerland,2.0,4.0,0.08,0.04,47.30934465149971,7152.0,43.500000201513615,3206.0,32.0,262.0,32.0,AWW,2090.0,1977.0,4381.0
844,Switzerland,2.0,4.0,0.08,0.04,47.43431279617456,2141.0,47.50000086111465,2180.0,36.0,151.0,36.0,AWW,2143.0,1915.0,4379.0
845,Switzerland,2.0,4.0,0.08,0.04,44.904435525249376,895.0,50.500000687197655,2924.0,37.0,191.0,37.0,AWW,2078.0,1989.0,4120.0
846,Switzerland,2.0,4.0,0.08,0.04,49.710709285999016,3361.0,40.50000074358482,498.0,24.0,9.0,24.0,AWW,1996.0,1944.0,4235.0
847,Switzerland,2.0,4.0,0.08,0.04,29.121441064278724,2714.0,26.500000046469346,1526.0,32.0,4884.0,26.500000046469346,HARISS,2101.0,1942.0,4348.0
848,Switzerland,2.0,4.0,0.08,0.04,35.12914587831774,2519.0,33.50000041771439,1855.0,34.0,2000.0,33.50000041771439,HARISS,2142.0,1954.0,4433.0
849,Switzerland,2.0,4.0,0.08,0.04,44.85044279780312,2038.0,43.500000973074634,1517.0,36.0,307.0,36.0,AWW,2008.0,1972.0,4321.0
850,Switzerland,2.0,4.0,0.08,0.04,33.623115113345776,168.0,50.50000015192497,6282.0,36.0,280.0,33.623115113345776,ICU,2091.0,1934.0,4307.0
851,Switzerland,2.0,4.0,0.08,0.04,28.90597039722803,535.0,40.500000115806486,3888.0,34.0,1488.0,28.90597039722803,ICU,2082.0,1888.0,4323.0
852,Switzerland,2.0,4.0,0.08,0.04,9.616253066533957,1.0,Inf,NaN,30.0,1.0,9.616253066533957,ICU,2046.0,1988.0,4354.0
853,Switzerland,2.0,4.0,0.08,0.04,38.89784839327899,2833.0,36.50000008094838,1824.0,29.0,377.0,29.0,AWW,2083.0,1911.0,4396.0
854,Switzerland,2.0,4.0,0.08,0.04,39.833862895766835,329.0,50.500000651949115,3489.0,27.0,17.0,27.0,AWW,2062.0,1941.0,4408.0
855,Switzerland,2.0,4.0,0.08,0.04,49.91892702671943,570.0,Inf,NaN,40.0,85.0,40.0,AWW,2059.0,1878.0,4413.0
856,Switzerland,2.0,4.0,0.08,0.04,50.39293970306368,3217.0,54.500000950835286,7612.0,34.0,128.0,34.0,AWW,2025.0,1934.0,4302.0
857,Switzerland,2.0,4.0,0.08,0.04,45.128786048345546,450.0,50.50000024222657,1311.0,26.0,5.0,26.0,AWW,2063.0,2006.0,4399.0
858,Switzerland,2.0,4.0,0.08,0.04,52.37042834855821,2176.0,47.5000005462273,748.0,32.0,38.0,32.0,AWW,2005.0,1910.0,4256.0
859,Switzerland,2.0,4.0,0.08,0.04,44.197691277865495,714.0,Inf,NaN,33.0,62.0,33.0,AWW,2048.0,1886.0,4245.0
860,Switzerland,2.0,4.0,0.08,0.04,10.320611900780992,31.0,15.500000022046796,65.0,34.0,3683.0,10.320611900780992,ICU,1994.0,1921.0,4183.0
861,Switzerland,2.0,4.0,0.08,0.04,27.82193494299157,409.0,36.50000013808812,2601.0,30.0,640.0,27.82193494299157,ICU,2057.0,1950.0,4360.0
862,Switzerland,2.0,4.0,0.08,0.04,14.991044475744296,23.0,36.50000054445419,1855.0,39.0,3107.0,14.991044475744296,ICU,2072.0,1957.0,4441.0
863,Switzerland,2.0,4.0,0.08,0.04,14.755266618320505,0.0,Inf,NaN,32.0,0.0,14.755266618320505,ICU,2122.0,1931.0,4376.0
864,Switzerland,2.0,4.0,0.08,0.04,50.74118608220728,820.0,36.50000079743894,51.0,31.0,26.0,31.0,AWW,2096.0,1954.0,4350.0
865,Switzerland,2.0,4.0,0.08,0.04,38.86368383772087,1744.0,36.500000849409126,1041.0,28.0,171.0,28.0,AWW,2032.0,1962.0,4337.0
866,Switzerland,2.0,4.0,0.08,0.04,47.01309727049509,461.0,50.500000862113104,992.0,21.0,11.0,21.0,AWW,2002.0,1957.0,4343.0
867,Switzerland,2.0,4.0,0.08,0.04,33.68882817335256,454.0,33.500000552186634,439.0,34.0,478.0,33.500000552186634,HARISS,2071.0,1948.0,4323.0
868,Switzerland,2.0,4.0,0.08,0.04,62.89971891284235,1813.0,43.50000009715017,122.0,39.0,56.0,39.0,AWW,2077.0,1863.0,4300.0
869,Switzerland,2.0,4.0,0.08,0.04,33.868017241129174,108.0,47.500000135191776,2318.0,39.0,346.0,33.868017241129174,ICU,1992.0,1923.0,4224.0
870,Switzerland,2.0,4.0,0.08,0.04,40.174924506731074,1006.0,36.50000011279339,543.0,35.0,456.0,35.0,AWW,2134.0,1966.0,4280.0
871,Switzerland,2.0,4.0,0.08,0.04,33.84100662309132,465.0,36.50000043179033,827.0,39.0,1443.0,33.84100662309132,ICU,2060.0,1926.0,4379.0
872,Switzerland,2.0,4.0,0.08,0.04,38.39198990156351,528.0,43.50000056625669,1736.0,37.0,378.0,37.0,AWW,2082.0,1915.0,4376.0
873,Switzerland,2.0,4.0,0.08,0.04,41.472654140900154,611.0,40.50000082091536,497.0,38.0,282.0,38.0,AWW,2092.0,1992.0,4288.0
874,Switzerland,2.0,4.0,0.08,0.04,59.34419750445059,1531.0,40.50000000784932,56.0,42.0,68.0,40.50000000784932,HARISS,2102.0,1880.0,4340.0
875,Switzerland,2.0,4.0,0.08,0.04,19.968938368454314,333.0,22.500000713936817,817.0,31.0,5345.0,19.968938368454314,ICU,2039.0,2007.0,4398.0
876,Switzerland,2.0,4.0,0.08,0.04,30.952635621148566,47.0,50.50000054457904,2572.0,34.0,84.0,30.952635621148566,ICU,2061.0,1953.0,4252.0
877,Switzerland,2.0,4.0,0.08,0.04,30.57591741605694,115.0,50.50000015932568,3220.0,38.0,308.0,30.57591741605694,ICU,2071.0,1994.0,4363.0
878,Switzerland,2.0,4.0,0.08,0.04,55.62494484603074,2471.0,Inf,NaN,37.0,47.0,37.0,AWW,2082.0,1925.0,4347.0
879,Switzerland,2.0,4.0,0.08,0.04,42.89358515939292,457.0,47.50000031294116,1289.0,34.0,64.0,34.0,AWW,2037.0,1964.0,4373.0
880,Switzerland,2.0,4.0,0.08,0.04,33.45848103729754,1072.0,29.500000620235305,462.0,34.0,1228.0,29.500000620235305,HARISS,2153.0,1915.0,4290.0
881,Switzerland,2.0,4.0,0.08,0.04,52.91899393608271,612.0,Inf,NaN,26.0,9.0,26.0,AWW,2046.0,1965.0,4441.0
882,Switzerland,2.0,4.0,0.08,0.04,26.130358780258202,120.0,29.500000884801306,204.0,33.0,300.0,26.130358780258202,ICU,2085.0,1939.0,4218.0
883,Switzerland,2.0,4.0,0.08,0.04,42.57433219346615,1377.0,33.50000023803294,208.0,26.0,41.0,26.0,AWW,2103.0,1911.0,4248.0
884,Switzerland,2.0,4.0,0.08,0.04,35.19645001562384,869.0,40.50000059974718,2601.0,29.0,229.0,29.0,AWW,2063.0,2039.0,4332.0
885,Switzerland,2.0,4.0,0.08,0.04,34.695640545950724,1628.0,40.50000047265173,4491.0,31.0,618.0,31.0,AWW,2078.0,2009.0,4398.0
886,Switzerland,2.0,4.0,0.08,0.04,42.8856143003711,3188.0,40.50000012706484,1932.0,34.0,399.0,34.0,AWW,2089.0,1895.0,4260.0
887,Switzerland,2.0,4.0,0.08,0.04,50.09192018620964,587.0,54.50000034244837,1452.0,37.0,30.0,37.0,AWW,2057.0,1949.0,4375.0
888,Switzerland,2.0,4.0,0.08,0.04,44.38476582401165,1645.0,43.50000099088432,1390.0,38.0,443.0,38.0,AWW,2086.0,1968.0,4241.0
889,Switzerland,2.0,4.0,0.08,0.04,45.354177102871574,433.0,47.50000069544071,699.0,18.0,1.0,18.0,AWW,2103.0,2009.0,4197.0
890,Switzerland,2.0,4.0,0.08,0.04,31.28326564904078,338.0,43.500000827440736,5580.0,39.0,2098.0,31.28326564904078,ICU,2095.0,1870.0,4320.0
891,Switzerland,2.0,4.0,0.08,0.04,57.30971711152792,1063.0,Inf,NaN,32.0,6.0,32.0,AWW,2084.0,1950.0,4423.0
892,Switzerland,2.0,4.0,0.08,0.04,23.146762455887018,288.0,29.50000022404178,2134.0,21.0,107.0,21.0,AWW,2093.0,1947.0,4369.0
893,Switzerland,2.0,4.0,0.08,0.04,40.12869707275679,767.0,43.50000093732022,1586.0,34.0,236.0,34.0,AWW,2047.0,1997.0,4351.0
894,Switzerland,2.0,4.0,0.08,0.04,62.77112038285717,1519.0,40.500000700755905,48.0,37.0,33.0,37.0,AWW,2142.0,1906.0,4383.0
895,Switzerland,2.0,4.0,0.08,0.04,32.188539256545646,517.0,40.50000028050325,2713.0,31.0,375.0,31.0,AWW,2150.0,1896.0,4217.0
896,Switzerland,2.0,4.0,0.08,0.04,51.0363093027047,1410.0,47.500000359648034,687.0,29.0,21.0,29.0,AWW,2113.0,2003.0,4339.0
897,Switzerland,2.0,4.0,0.08,0.04,43.693680585819486,562.0,47.5000008565308,1216.0,31.0,37.0,31.0,AWW,2137.0,1945.0,4230.0
898,Switzerland,2.0,4.0,0.08,0.04,29.131521902129542,198.0,40.500000538839664,2694.0,34.0,611.0,29.131521902129542,ICU,2099.0,1973.0,4284.0
899,Switzerland,2.0,4.0,0.08,0.04,43.6256733166883,1768.0,36.50000072233787,373.0,25.0,37.0,25.0,AWW,2144.0,1888.0,4375.0
900,Switzerland,2.0,4.0,0.08,0.04,42.93072189649429,1133.0,43.50000096404578,1288.0,28.0,53.0,28.0,AWW,2073.0,1888.0,4417.0
901,Switzerland,2.0,4.0,0.08,0.04,37.225852679205325,1116.0,33.50000048905556,519.0,38.0,1346.0,33.50000048905556,HARISS,2091.0,1877.0,4320.0
902,Switzerland,2.0,4.0,0.08,0.04,38.336574359934446,1743.0,36.500000780546046,1135.0,41.0,3282.0,36.500000780546046,HARISS,2104.0,2052.0,4376.0
903,Switzerland,2.0,4.0,0.08,0.04,41.249026528542885,701.0,43.50000038347647,1109.0,28.0,70.0,28.0,AWW,2080.0,1939.0,4369.0
904,Switzerland,2.0,4.0,0.08,0.04,30.87644235892122,614.0,40.50000021890692,4695.0,38.0,2825.0,30.87644235892122,ICU,2078.0,1926.0,4341.0
905,Switzerland,2.0,4.0,0.08,0.04,44.94395709606311,192.0,54.500000101347766,1544.0,37.0,37.0,37.0,AWW,2143.0,1955.0,4393.0
906,Switzerland,2.0,4.0,0.08,0.04,27.57760114401004,164.0,33.500000696856745,572.0,34.0,644.0,27.57760114401004,ICU,2154.0,1875.0,4471.0
907,Switzerland,2.0,4.0,0.08,0.04,52.63956359932668,1595.0,50.50000054877235,1073.0,27.0,9.0,27.0,AWW,2077.0,1986.0,4434.0
908,Switzerland,2.0,4.0,0.08,0.04,36.00196883522938,333.0,47.500000613491316,2073.0,37.0,387.0,36.00196883522938,ICU,2157.0,1923.0,4251.0
909,Switzerland,2.0,4.0,0.08,0.04,46.47567262398527,372.0,50.500000288543596,873.0,35.0,29.0,35.0,AWW,2090.0,2066.0,4313.0
910,Switzerland,2.0,4.0,0.08,0.04,53.09056840560265,1521.0,26.500000099331988,12.0,11.0,0.0,11.0,AWW,2092.0,1963.0,4314.0
911,Switzerland,2.0,4.0,0.08,0.04,40.45367722331583,1846.0,40.50000043563966,1869.0,30.0,184.0,30.0,AWW,2059.0,1903.0,4386.0
912,Switzerland,2.0,4.0,0.08,0.04,50.567775630117225,5424.0,43.50000011203281,1116.0,36.0,204.0,36.0,AWW,1972.0,1978.0,4278.0
913,Switzerland,2.0,4.0,0.08,0.04,47.92052275038455,1143.0,47.50000085119477,1032.0,32.0,35.0,32.0,AWW,2085.0,1934.0,4272.0
914,Switzerland,2.0,4.0,0.08,0.04,32.203614149031296,478.0,33.50000016285392,635.0,35.0,844.0,32.203614149031296,ICU,2114.0,1874.0,4362.0
915,Switzerland,2.0,4.0,0.08,0.04,38.46065630152336,1229.0,47.50000070399437,8775.0,35.0,570.0,35.0,AWW,2147.0,1969.0,4300.0
916,Switzerland,2.0,4.0,0.08,0.04,51.32888110742043,2969.0,50.50000025013098,2500.0,30.0,28.0,30.0,AWW,2037.0,1959.0,4411.0
917,Switzerland,2.0,4.0,0.08,0.04,31.027433387748594,111.0,33.5000007622043,189.0,31.0,110.0,31.0,AWW,2094.0,1991.0,4295.0
918,Switzerland,2.0,4.0,0.08,0.04,47.37341391403608,668.0,15.500000397984248,8.0,36.0,62.0,15.500000397984248,HARISS,2068.0,1999.0,4308.0
919,Switzerland,2.0,4.0,0.08,0.04,26.014147353805406,65.0,33.50000076290936,241.0,25.0,42.0,25.0,AWW,2190.0,1935.0,4336.0
920,Switzerland,2.0,4.0,0.08,0.04,49.01485795642759,3608.0,50.50000028354063,4937.0,36.0,228.0,36.0,AWW,2033.0,1874.0,4344.0
921,Switzerland,2.0,4.0,0.08,0.04,41.96760824297071,1979.0,26.5000009748914,84.0,35.0,465.0,26.5000009748914,HARISS,2077.0,1978.0,4253.0
922,Switzerland,2.0,4.0,0.08,0.04,23.149588829519107,41.0,40.500000630798866,1610.0,24.0,45.0,23.149588829519107,ICU,2066.0,1962.0,4430.0
923,Switzerland,2.0,4.0,0.08,0.04,41.58043405909126,717.0,43.50000013287688,1130.0,35.0,164.0,35.0,AWW,2053.0,1890.0,4401.0
924,Switzerland,2.0,4.0,0.08,0.04,9.08496653937431,1.0,Inf,NaN,30.0,1.0,9.08496653937431,ICU,2152.0,1953.0,4246.0
925,Switzerland,2.0,4.0,0.08,0.04,45.03889606336378,1442.0,33.50000060084029,129.0,38.0,318.0,33.50000060084029,HARISS,2048.0,1978.0,4395.0
926,Switzerland,2.0,4.0,0.08,0.04,57.08285400951639,6609.0,Inf,NaN,25.0,4.0,25.0,AWW,2056.0,1966.0,4448.0
927,Switzerland,2.0,4.0,0.08,0.04,35.58019808384769,252.0,47.50000055918118,3258.0,32.0,128.0,32.0,AWW,2077.0,1909.0,4346.0
928,Switzerland,2.0,4.0,0.08,0.04,55.082488917921374,2558.0,47.50000056313822,491.0,41.0,99.0,41.0,AWW,2075.0,1951.0,4354.0
929,Switzerland,2.0,4.0,0.08,0.04,20.670400806796437,276.0,26.500000907575572,782.0,28.0,987.0,20.670400806796437,ICU,1977.0,2039.0,4395.0
930,Switzerland,2.0,4.0,0.08,0.04,29.630991589621395,219.0,33.50000048840168,599.0,39.0,2289.0,29.630991589621395,ICU,2057.0,1981.0,4387.0
931,Switzerland,2.0,4.0,0.08,0.04,35.15488359808843,2873.0,33.50000050628482,2003.0,32.0,1366.0,32.0,AWW,2047.0,1915.0,4315.0
932,Switzerland,2.0,4.0,0.08,0.04,18.671897598470157,8.0,43.50000095091928,899.0,36.0,181.0,18.671897598470157,ICU,2138.0,1950.0,4345.0
933,Switzerland,2.0,4.0,0.08,0.04,18.429018957655565,84.0,26.500000308971117,441.0,24.0,268.0,18.429018957655565,ICU,2099.0,1928.0,4479.0
934,Switzerland,2.0,4.0,0.08,0.04,37.871393915895155,1715.0,29.50000028890996,254.0,33.0,564.0,29.50000028890996,HARISS,2056.0,1956.0,4243.0
935,Switzerland,2.0,4.0,0.08,0.04,53.58885447618656,4616.0,50.500000122664495,2280.0,28.0,25.0,28.0,AWW,2028.0,1917.0,4303.0
936,Switzerland,2.0,4.0,0.08,0.04,49.64939190260091,1297.0,54.50000086814683,3822.0,36.0,60.0,36.0,AWW,2080.0,1973.0,4416.0
937,Switzerland,2.0,4.0,0.08,0.04,26.410744963196024,279.0,33.50000077500765,1204.0,37.0,2463.0,26.410744963196024,ICU,2059.0,1963.0,4255.0
938,Switzerland,2.0,4.0,0.08,0.04,61.138474707343036,701.0,Inf,NaN,35.0,16.0,35.0,AWW,2047.0,1940.0,4305.0
939,Switzerland,2.0,4.0,0.08,0.04,43.33381113116594,1365.0,47.50000042578722,3312.0,31.0,120.0,31.0,AWW,2074.0,1931.0,4294.0
940,Switzerland,2.0,4.0,0.08,0.04,41.43238482704052,1389.0,29.500000077778388,211.0,33.0,274.0,29.500000077778388,HARISS,2076.0,1973.0,4383.0
941,Switzerland,2.0,4.0,0.08,0.04,47.60282933790397,3208.0,29.500000668141098,50.0,26.0,25.0,26.0,AWW,2075.0,1897.0,4242.0
942,Switzerland,2.0,4.0,0.08,0.04,34.99205585882868,1685.0,26.500000742953276,263.0,37.0,2688.0,26.500000742953276,HARISS,2065.0,1877.0,4341.0
943,Switzerland,2.0,4.0,0.08,0.04,56.01845961045808,2909.0,54.50000087338711,2089.0,39.0,105.0,39.0,AWW,2110.0,1985.0,4421.0
944,Switzerland,2.0,4.0,0.08,0.04,36.454708707427315,61.0,54.5000008666949,2487.0,31.0,21.0,31.0,AWW,2076.0,1869.0,4385.0
945,Switzerland,2.0,4.0,0.08,0.04,39.92011108208,1448.0,40.500000493480364,1651.0,33.0,301.0,33.0,AWW,2036.0,1898.0,4436.0
946,Switzerland,2.0,4.0,0.08,0.04,27.945608801176895,1089.0,26.500000689412488,781.0,39.0,17380.0,26.500000689412488,HARISS,2174.0,1921.0,4271.0
947,Switzerland,2.0,4.0,0.08,0.04,55.14676455763125,6379.0,43.50000054334662,539.0,35.0,96.0,35.0,AWW,2083.0,2022.0,4330.0
948,Switzerland,2.0,4.0,0.08,0.04,43.51132282372104,785.0,43.50000074746678,783.0,37.0,188.0,37.0,AWW,2036.0,1952.0,4266.0
949,Switzerland,2.0,4.0,0.08,0.04,35.32458680199825,184.0,43.50000043540426,1155.0,35.0,169.0,35.0,AWW,2072.0,1922.0,4214.0
950,Switzerland,2.0,4.0,0.08,0.04,31.367315254000122,392.0,36.500000245326774,1150.0,29.0,233.0,29.0,AWW,2121.0,1998.0,4371.0
951,Switzerland,2.0,4.0,0.08,0.04,40.17426363512647,323.0,40.50000078495337,353.0,35.0,91.0,35.0,AWW,2063.0,1948.0,4365.0
952,Switzerland,2.0,4.0,0.08,0.04,49.89850315149558,545.0,54.50000005495018,1334.0,32.0,23.0,32.0,AWW,2103.0,1921.0,4406.0
953,Switzerland,2.0,4.0,0.08,0.04,35.615559315578544,572.0,29.50000081732051,151.0,34.0,389.0,29.50000081732051,HARISS,2010.0,1928.0,4323.0
954,Switzerland,2.0,4.0,0.08,0.04,35.27318921644468,994.0,33.500000780521766,672.0,35.0,936.0,33.500000780521766,HARISS,2083.0,2023.0,4290.0
955,Switzerland,2.0,4.0,0.08,0.04,61.697668036062076,496.0,33.50000093845206,10.0,35.0,10.0,33.50000093845206,HARISS,2125.0,1983.0,4368.0
956,Switzerland,2.0,4.0,0.08,0.04,40.39896781999272,722.0,40.50000013906049,743.0,33.0,111.0,33.0,AWW,2160.0,1978.0,4293.0
957,Switzerland,2.0,4.0,0.08,0.04,32.936055993956536,351.0,33.500000112384996,415.0,31.0,229.0,31.0,AWW,1989.0,1901.0,4269.0
958,Switzerland,2.0,4.0,0.08,0.04,29.512790070958722,562.0,33.5000008224786,1024.0,40.0,2748.0,29.512790070958722,ICU,2083.0,2020.0,4293.0
959,Switzerland,2.0,4.0,0.08,0.04,32.511741423640245,495.0,40.50000017362979,2908.0,38.0,1597.0,32.511741423640245,ICU,2169.0,1967.0,4298.0
960,Switzerland,2.0,4.0,0.08,0.04,25.93433123817694,735.0,29.500000372125072,1854.0,8.0,0.0,8.0,AWW,2173.0,1940.0,4417.0
961,Switzerland,2.0,4.0,0.08,0.04,52.73259772476003,492.0,54.50000040540027,707.0,34.0,32.0,34.0,AWW,2066.0,1966.0,4411.0
962,Switzerland,2.0,4.0,0.08,0.04,21.750583655258215,225.0,22.500000503230233,236.0,32.0,1603.0,21.750583655258215,ICU,2030.0,2030.0,4424.0
963,Switzerland,2.0,4.0,0.08,0.04,43.918631824276154,2298.0,43.500000109812234,2107.0,35.0,304.0,35.0,AWW,2074.0,1978.0,4328.0
964,Switzerland,2.0,4.0,0.08,0.04,11.366985733130676,1.0,Inf,NaN,33.0,1.0,11.366985733130676,ICU,2083.0,2052.0,4264.0
965,Switzerland,2.0,4.0,0.08,0.04,38.60919350071857,1101.0,40.50000029036597,1701.0,33.0,325.0,33.0,AWW,2087.0,1946.0,4364.0
966,Switzerland,2.0,4.0,0.08,0.04,46.81488855695341,848.0,50.50000065999272,1988.0,23.0,7.0,23.0,AWW,2010.0,1897.0,4367.0
967,Switzerland,2.0,4.0,0.08,0.04,31.648141305212555,549.0,36.50000070984564,1569.0,35.0,1146.0,31.648141305212555,ICU,2036.0,1966.0,4262.0
968,Switzerland,2.0,4.0,0.08,0.04,54.95471233298846,2164.0,Inf,NaN,38.0,71.0,38.0,AWW,2033.0,1987.0,4405.0
969,Switzerland,2.0,4.0,0.08,0.04,32.42965984317579,1485.0,26.500000231651118,471.0,29.0,776.0,26.500000231651118,HARISS,2156.0,1932.0,4292.0
970,Switzerland,2.0,4.0,0.08,0.04,20.18672079337597,55.0,Inf,NaN,39.0,55.0,20.18672079337597,ICU,2098.0,1957.0,4383.0
971,Switzerland,2.0,4.0,0.08,0.04,31.947287046162433,110.0,36.50000036392463,324.0,35.0,230.0,31.947287046162433,ICU,2108.0,1939.0,4299.0
972,Switzerland,2.0,4.0,0.08,0.04,48.64854106589322,1599.0,43.500000549325385,499.0,35.0,66.0,35.0,AWW,2066.0,1942.0,4307.0
973,Switzerland,2.0,4.0,0.08,0.04,40.44174452784687,2329.0,33.500000433384706,416.0,38.0,1264.0,33.500000433384706,HARISS,1969.0,1917.0,4274.0
974,Switzerland,2.0,4.0,0.08,0.04,42.90654462883088,601.0,Inf,NaN,31.0,62.0,31.0,AWW,2050.0,1913.0,4406.0
975,Switzerland,2.0,4.0,0.08,0.04,47.544979852792345,2774.0,43.5000004171993,1221.0,32.0,112.0,32.0,AWW,2062.0,1975.0,4281.0
976,Switzerland,2.0,4.0,0.08,0.04,27.178446086132798,148.0,40.50000038100911,2006.0,40.0,1756.0,27.178446086132798,ICU,2093.0,1970.0,4250.0
977,Switzerland,2.0,4.0,0.08,0.04,51.20381090381579,2140.0,47.50000033739062,955.0,33.0,31.0,33.0,AWW,2030.0,1956.0,4310.0
978,Switzerland,2.0,4.0,0.08,0.04,49.9971240431707,125.0,Inf,NaN,38.0,27.0,38.0,AWW,2099.0,1885.0,4356.0
979,Switzerland,2.0,4.0,0.08,0.04,23.261571883781524,377.0,26.500000069190076,750.0,31.0,1926.0,23.261571883781524,ICU,2104.0,1960.0,4293.0
980,Switzerland,2.0,4.0,0.08,0.04,36.2045170555797,430.0,47.50000029800529,4787.0,32.0,163.0,32.0,AWW,2102.0,1899.0,4282.0
981,Switzerland,2.0,4.0,0.08,0.04,59.10105737397731,1288.0,Inf,NaN,35.0,24.0,35.0,AWW,2128.0,1900.0,4303.0
982,Switzerland,2.0,4.0,0.08,0.04,43.94231375312004,2309.0,36.50000092956532,420.0,41.0,1163.0,36.50000092956532,HARISS,1988.0,1914.0,4186.0
983,Switzerland,2.0,4.0,0.08,0.04,38.284988745254935,1048.0,47.50000073768557,7798.0,24.0,36.0,24.0,AWW,2099.0,1887.0,4350.0
984,Switzerland,2.0,4.0,0.08,0.04,35.39800927947937,1456.0,33.50000070912797,999.0,36.0,1639.0,33.50000070912797,HARISS,2089.0,1979.0,4405.0
985,Switzerland,2.0,4.0,0.08,0.04,34.26329295331085,521.0,36.50000080506469,916.0,28.0,127.0,28.0,AWW,2035.0,1915.0,4365.0
986,Switzerland,2.0,4.0,0.08,0.04,40.654142507180005,756.0,47.50000036186081,3203.0,20.0,8.0,20.0,AWW,2041.0,2007.0,4307.0
987,Switzerland,2.0,4.0,0.08,0.04,39.658643460938,287.0,54.50000068087391,6825.0,31.0,45.0,31.0,AWW,2044.0,1886.0,4448.0
988,Switzerland,2.0,4.0,0.08,0.04,49.813964824317566,1624.0,36.5000007780837,97.0,40.0,184.0,36.5000007780837,HARISS,2134.0,1919.0,4310.0
989,Switzerland,2.0,4.0,0.08,0.04,29.053232618811133,286.0,26.500000531818763,207.0,23.0,104.0,23.0,AWW,1928.0,1890.0,4299.0
990,Switzerland,2.0,4.0,0.08,0.04,36.34774939166672,57.0,Inf,NaN,26.0,9.0,26.0,AWW,2025.0,1895.0,4361.0
991,Switzerland,2.0,4.0,0.08,0.04,29.75474644349951,646.0,36.50000096390646,2687.0,34.0,1576.0,29.75474644349951,ICU,2077.0,1880.0,4422.0
992,Switzerland,2.0,4.0,0.08,0.04,35.601871449377576,1873.0,36.50000074456988,2280.0,30.0,541.0,30.0,AWW,2125.0,1953.0,4335.0
993,Switzerland,2.0,4.0,0.08,0.04,34.72574636646824,831.0,33.50000069552483,563.0,30.0,171.0,30.0,AWW,2053.0,1982.0,4256.0
994,Switzerland,2.0,4.0,0.08,0.04,34.703352355569166,2498.0,33.500000733172826,1886.0,37.0,4190.0,33.500000733172826,HARISS,2077.0,1983.0,4439.0
995,Switzerland,2.0,4.0,0.08,0.04,36.293698642905866,1581.0,33.5000008814782,897.0,38.0,2432.0,33.5000008814782,HARISS,2062.0,1914.0,4255.0
996,Switzerland,2.0,4.0,0.08,0.04,31.746289614797266,433.0,33.50000057429441,640.0,34.0,726.0,31.746289614797266,ICU,2121.0,1900.0,4348.0
997,Switzerland,2.0,4.0,0.08,0.04,45.104515348211436,2139.0,43.50000022099818,1620.0,28.0,53.0,28.0,AWW,2042.0,1928.0,4322.0
998,Switzerland,2.0,4.0,0.08,0.04,41.18322195373738,2227.0,33.50000025151999,407.0,38.0,1069.0,33.50000025151999,HARISS,2077.0,1960.0,4256.0
999,Switzerland,2.0,4.0,0.08,0.04,39.30242460274962,194.0,54.500000456957,6060.0,35.0,82.0,35.0,AWW,2041.0,1932.0,4279.0
1000,Switzerland,2.0,4.0,0.08,0.04,33.95715667581612,488.0,33.500000006720036,453.0,35.0,608.0,33.500000006720036,HARISS,2081.0,1921.0,4407.0
