sample_id,country,R0,gen_time,p_det,false_positive_rate,icu_detection_time,icu_local_cases,hariss_detection_time,hariss_local_cases,aww_ctt1_detection_time,aww_ctt1_local_cases,aww_ctt2_detection_time,aww_ctt2_local_cases,earliest_detection_time_ctt1,earliest_surveillance_type_ctt1,earliest_detection_time_ctt2,earliest_surveillance_type_ctt2,total_latent,total_infectious,total_detectable
1,Switzerland,1.5,10.0,0.08,0.04,149.89119900187484,984.0,120.50000075773363,288.0,56.0,6.0,12.0,0.0,56.0,AWW,12.0,AWW,185.0,49.0,167.0
2,Switzerland,1.5,10.0,0.08,0.04,146.10016706024092,660.0,96.50000011842138,34.0,100.0,40.0,101.0,47.0,96.50000011842138,HARISS,96.50000011842138,HARISS,176.0,59.0,185.0
3,Switzerland,1.5,10.0,0.08,0.04,122.46913583877468,223.0,Inf,NaN,81.0,13.0,Inf,NaN,81.0,AWW,122.46913583877468,ICU,183.0,50.0,186.0
4,Switzerland,1.5,10.0,0.08,0.04,116.8311907512311,641.0,110.50000028709977,390.0,68.0,35.0,78.0,60.0,68.0,AWW,78.0,AWW,156.0,49.0,197.0
5,Switzerland,1.5,10.0,0.08,0.04,134.36425347851434,723.0,78.50000024369645,36.0,69.0,26.0,127.0,460.0,69.0,AWW,78.50000024369645,HARISS,173.0,65.0,204.0
6,Switzerland,1.5,10.0,0.08,0.04,94.82561215424839,478.0,96.50000084999542,482.0,60.0,38.0,109.0,1038.0,60.0,AWW,94.82561215424839,ICU,177.0,50.0,197.0
7,Switzerland,1.5,10.0,0.08,0.04,69.70112030616491,377.0,75.50000053483757,479.0,88.0,1163.0,104.0,3083.0,69.70112030616491,ICU,69.70112030616491,ICU,174.0,59.0,187.0
8,Switzerland,1.5,10.0,0.08,0.04,122.24815365264513,1346.0,92.50000032175747,253.0,85.0,146.0,112.0,756.0,85.0,AWW,92.50000032175747,HARISS,184.0,52.0,173.0
9,Switzerland,1.5,10.0,0.08,0.04,79.26843521320315,22.0,99.50000046445429,48.0,56.0,14.0,56.0,14.0,56.0,AWW,56.0,AWW,172.0,41.0,212.0
10,Switzerland,1.5,10.0,0.08,0.04,86.05096294034493,489.0,99.50000065144117,1146.0,49.0,36.0,139.0,12902.0,49.0,AWW,86.05096294034493,ICU,144.0,48.0,180.0
11,Switzerland,1.5,10.0,0.08,0.04,94.22658980494244,141.0,131.50000013281306,1164.0,52.0,8.0,52.0,8.0,52.0,AWW,52.0,AWW,159.0,58.0,193.0
12,Switzerland,1.5,10.0,0.08,0.04,120.91390739010338,907.0,110.50000025454142,479.0,78.0,76.0,88.0,132.0,78.0,AWW,88.0,AWW,160.0,69.0,178.0
13,Switzerland,1.5,10.0,0.08,0.04,101.91892456547242,62.0,127.50000013422978,196.0,63.0,12.0,134.0,309.0,63.0,AWW,101.91892456547242,ICU,169.0,52.0,204.0
14,Switzerland,1.5,10.0,0.08,0.04,145.81494091658138,878.0,Inf,NaN,77.0,19.0,108.0,143.0,77.0,AWW,108.0,AWW,177.0,40.0,189.0
15,Switzerland,1.5,10.0,0.08,0.04,104.48730770007383,1113.0,89.50000014882829,352.0,60.0,42.0,137.0,6909.0,60.0,AWW,89.50000014882829,HARISS,164.0,57.0,177.0
16,Switzerland,1.5,10.0,0.08,0.04,141.02630048373106,556.0,Inf,NaN,58.0,5.0,131.0,310.0,58.0,AWW,131.0,AWW,159.0,54.0,176.0
17,Switzerland,1.5,10.0,0.08,0.04,120.96874264645713,33.0,82.50000043949589,10.0,17.0,0.0,35.0,0.0,17.0,AWW,35.0,AWW,164.0,53.0,158.0
18,Switzerland,1.5,10.0,0.08,0.04,109.01750669962183,850.0,82.50000053471739,170.0,39.0,10.0,112.0,932.0,39.0,AWW,82.50000053471739,HARISS,163.0,62.0,206.0
19,Switzerland,1.5,10.0,0.08,0.04,65.26884554143443,331.0,78.50000036780509,622.0,96.0,2057.0,36.0,29.0,65.26884554143443,ICU,36.0,AWW,160.0,46.0,205.0
20,Switzerland,1.5,10.0,0.08,0.04,139.23013049373597,496.0,Inf,NaN,71.0,11.0,122.0,162.0,71.0,AWW,122.0,AWW,179.0,51.0,222.0
21,Switzerland,1.5,10.0,0.08,0.04,67.94221788766565,67.0,50.50000009291038,22.0,102.0,552.0,125.0,1966.0,50.50000009291038,HARISS,50.50000009291038,HARISS,163.0,45.0,203.0
22,Switzerland,1.5,10.0,0.08,0.04,114.22335958735164,677.0,85.50000087530218,113.0,87.0,128.0,99.0,277.0,85.50000087530218,HARISS,85.50000087530218,HARISS,195.0,40.0,173.0
23,Switzerland,1.5,10.0,0.08,0.04,98.27362340590047,50.0,138.5000004891806,351.0,65.0,9.0,127.0,196.0,65.0,AWW,98.27362340590047,ICU,177.0,57.0,179.0
24,Switzerland,1.5,10.0,0.08,0.04,135.3161658197402,368.0,Inf,NaN,90.0,26.0,61.0,8.0,90.0,AWW,61.0,AWW,172.0,55.0,178.0
25,Switzerland,1.5,10.0,0.08,0.04,128.10534948522195,997.0,103.50000001938058,220.0,81.0,60.0,93.0,119.0,81.0,AWW,93.0,AWW,177.0,60.0,188.0
26,Switzerland,1.5,10.0,0.08,0.04,137.8566026153067,212.0,127.50000045780129,127.0,67.0,11.0,142.0,229.0,67.0,AWW,127.50000045780129,HARISS,153.0,56.0,194.0
27,Switzerland,1.5,10.0,0.08,0.04,113.785239545681,189.0,127.50000015238977,404.0,87.0,40.0,88.0,40.0,87.0,AWW,88.0,AWW,167.0,53.0,193.0
28,Switzerland,1.5,10.0,0.08,0.04,95.40507985185933,195.0,85.50000003039693,104.0,73.0,51.0,134.0,1961.0,73.0,AWW,85.50000003039693,HARISS,170.0,46.0,173.0
29,Switzerland,1.5,10.0,0.08,0.04,135.50307215349935,2440.0,92.50000044579326,176.0,72.0,51.0,118.0,951.0,72.0,AWW,92.50000044579326,HARISS,182.0,56.0,189.0
30,Switzerland,1.5,10.0,0.08,0.04,144.41808249697692,259.0,138.5000002762339,232.0,79.0,15.0,79.0,15.0,79.0,AWW,79.0,AWW,174.0,43.0,194.0
31,Switzerland,1.5,10.0,0.08,0.04,135.4330015109792,463.0,Inf,NaN,101.0,52.0,119.0,172.0,101.0,AWW,119.0,AWW,181.0,51.0,190.0
32,Switzerland,1.5,10.0,0.08,0.04,38.04414410385797,4.0,40.50000064216392,4.0,60.0,4.0,61.0,4.0,38.04414410385797,ICU,38.04414410385797,ICU,172.0,53.0,208.0
33,Switzerland,1.5,10.0,0.08,0.04,111.75441163803697,1558.0,43.500000123017664,25.0,66.0,103.0,113.0,1585.0,43.500000123017664,HARISS,43.500000123017664,HARISS,181.0,46.0,209.0
34,Switzerland,1.5,10.0,0.08,0.04,79.09532200939175,125.0,103.5000007948523,523.0,80.0,127.0,129.0,2716.0,79.09532200939175,ICU,79.09532200939175,ICU,190.0,62.0,203.0
35,Switzerland,1.5,10.0,0.08,0.04,85.62004400172312,465.0,92.500000431917,652.0,85.0,425.0,93.0,681.0,85.0,AWW,85.62004400172312,ICU,183.0,45.0,187.0
36,Switzerland,1.5,10.0,0.08,0.04,129.65678384604874,1067.0,131.50000093699384,1268.0,93.0,118.0,135.0,1564.0,93.0,AWW,129.65678384604874,ICU,176.0,65.0,174.0
37,Switzerland,1.5,10.0,0.08,0.04,110.79583336510056,519.0,103.50000080093612,290.0,50.0,11.0,51.0,11.0,50.0,AWW,51.0,AWW,167.0,55.0,191.0
38,Switzerland,1.5,10.0,0.08,0.04,62.12086935914917,23.0,124.50000072205033,384.0,75.0,38.0,119.0,272.0,62.12086935914917,ICU,62.12086935914917,ICU,166.0,53.0,197.0
39,Switzerland,1.5,10.0,0.08,0.04,110.08623324310938,208.0,120.50000058763534,341.0,77.0,51.0,107.0,186.0,77.0,AWW,107.0,AWW,167.0,55.0,176.0
40,Switzerland,1.5,10.0,0.08,0.04,122.69252721631122,131.0,Inf,NaN,33.0,2.0,119.0,130.0,33.0,AWW,119.0,AWW,151.0,52.0,205.0
41,Switzerland,1.5,10.0,0.08,0.04,114.00449392808152,1022.0,127.50000012612449,2403.0,15.0,0.0,124.0,1898.0,15.0,AWW,114.00449392808152,ICU,169.0,51.0,179.0
42,Switzerland,1.5,10.0,0.08,0.04,99.35127477204789,321.0,110.5000000079089,592.0,30.0,0.0,55.0,10.0,30.0,AWW,55.0,AWW,166.0,53.0,212.0
43,Switzerland,1.5,10.0,0.08,0.04,118.26373317987148,878.0,99.50000077594625,255.0,80.0,60.0,99.0,250.0,80.0,AWW,99.0,AWW,157.0,43.0,187.0
44,Switzerland,1.5,10.0,0.08,0.04,71.70685501091116,135.0,22.500000515833058,2.0,104.0,778.0,138.0,6215.0,22.500000515833058,HARISS,22.500000515833058,HARISS,177.0,59.0,186.0
45,Switzerland,1.5,10.0,0.08,0.04,122.36027143158775,579.0,124.50000084422038,619.0,92.0,94.0,46.0,7.0,92.0,AWW,46.0,AWW,190.0,54.0,162.0
46,Switzerland,1.5,10.0,0.08,0.04,119.57171858070306,567.0,117.50000034926188,513.0,107.0,298.0,138.0,1556.0,107.0,AWW,117.50000034926188,HARISS,153.0,57.0,197.0
47,Switzerland,1.5,10.0,0.08,0.04,123.63436408882458,468.0,127.5000007080789,502.0,28.0,1.0,91.0,59.0,28.0,AWW,91.0,AWW,161.0,55.0,207.0
48,Switzerland,1.5,10.0,0.08,0.04,124.9167317762626,40.0,Inf,NaN,89.0,14.0,58.0,6.0,89.0,AWW,58.0,AWW,181.0,50.0,196.0
49,Switzerland,1.5,10.0,0.08,0.04,109.02884757450389,245.0,124.50000094096457,657.0,43.0,4.0,97.0,146.0,43.0,AWW,97.0,AWW,159.0,49.0,184.0
50,Switzerland,1.5,10.0,0.08,0.04,138.04892179211743,196.0,Inf,NaN,34.0,1.0,91.0,27.0,34.0,AWW,91.0,AWW,164.0,48.0,204.0
51,Switzerland,1.5,10.0,0.08,0.04,66.72007921410471,44.0,110.50000039507368,501.0,60.0,28.0,123.0,1214.0,60.0,AWW,66.72007921410471,ICU,156.0,59.0,156.0
52,Switzerland,1.5,10.0,0.08,0.04,126.00746675082996,4507.0,75.5000001760476,179.0,77.0,202.0,113.0,1997.0,75.5000001760476,HARISS,75.5000001760476,HARISS,166.0,75.0,206.0
53,Switzerland,1.5,10.0,0.08,0.04,152.3604477101243,105.0,Inf,NaN,67.0,7.0,101.0,27.0,67.0,AWW,101.0,AWW,168.0,45.0,204.0
54,Switzerland,1.5,10.0,0.08,0.04,129.5608835678653,994.0,64.50000013001804,17.0,63.0,17.0,112.0,335.0,63.0,AWW,64.50000013001804,HARISS,173.0,42.0,200.0
55,Switzerland,1.5,10.0,0.08,0.04,111.86843999361528,197.0,103.50000008602325,124.0,69.0,31.0,133.0,620.0,69.0,AWW,103.50000008602325,HARISS,165.0,62.0,195.0
56,Switzerland,1.5,10.0,0.08,0.04,113.96491207168344,261.0,113.50000024276109,259.0,36.0,0.0,65.0,8.0,36.0,AWW,65.0,AWW,168.0,50.0,184.0
57,Switzerland,1.5,10.0,0.08,0.04,106.60564501144472,303.0,57.500000969584185,8.0,81.0,34.0,95.0,134.0,57.500000969584185,HARISS,57.500000969584185,HARISS,167.0,57.0,207.0
58,Switzerland,1.5,10.0,0.08,0.04,86.35765655250856,25.0,127.50000057322971,211.0,75.0,13.0,20.0,0.0,75.0,AWW,20.0,AWW,167.0,62.0,203.0
59,Switzerland,1.5,10.0,0.08,0.04,96.98905334874347,369.0,110.50000045870195,700.0,102.0,420.0,48.0,40.0,96.98905334874347,ICU,48.0,AWW,179.0,56.0,180.0
60,Switzerland,1.5,10.0,0.08,0.04,133.32188763361447,291.0,138.5000002458391,326.0,79.0,9.0,117.0,80.0,79.0,AWW,117.0,AWW,164.0,52.0,184.0
61,Switzerland,1.5,10.0,0.08,0.04,136.9652269644039,1384.0,47.50000042192291,5.0,69.0,20.0,92.0,98.0,47.50000042192291,HARISS,47.50000042192291,HARISS,164.0,49.0,195.0
62,Switzerland,1.5,10.0,0.08,0.04,60.70937486379451,3.0,61.50000034903029,3.0,14.0,0.0,68.0,7.0,14.0,AWW,60.70937486379451,ICU,170.0,51.0,198.0
63,Switzerland,1.5,10.0,0.08,0.04,148.71972339948152,634.0,138.5000001533801,517.0,65.0,3.0,128.0,289.0,65.0,AWW,128.0,AWW,158.0,59.0,220.0
64,Switzerland,1.5,10.0,0.08,0.04,133.25958817665833,369.0,113.50000001043557,139.0,50.0,4.0,48.0,3.0,50.0,AWW,48.0,AWW,175.0,50.0,190.0
65,Switzerland,1.5,10.0,0.08,0.04,94.7570530483294,1469.0,54.5000000196566,127.0,88.0,968.0,88.0,968.0,54.5000000196566,HARISS,54.5000000196566,HARISS,158.0,42.0,182.0
66,Switzerland,1.5,10.0,0.08,0.04,103.7746672432173,984.0,89.50000044032343,379.0,82.0,259.0,116.0,1976.0,82.0,AWW,89.50000044032343,HARISS,162.0,54.0,184.0
67,Switzerland,1.5,10.0,0.08,0.04,82.1187942233893,137.0,92.50000046750618,297.0,82.0,137.0,116.0,1128.0,82.0,AWW,82.1187942233893,ICU,170.0,36.0,186.0
68,Switzerland,1.5,10.0,0.08,0.04,133.2126879447043,124.0,138.50000011964465,134.0,95.0,33.0,136.0,127.0,95.0,AWW,133.2126879447043,ICU,166.0,56.0,183.0
69,Switzerland,1.5,10.0,0.08,0.04,138.71927343899122,377.0,131.5000002479134,211.0,31.0,2.0,136.0,310.0,31.0,AWW,131.5000002479134,HARISS,175.0,55.0,187.0
70,Switzerland,1.5,10.0,0.08,0.04,101.22479380459599,319.0,92.50000062149755,183.0,70.0,41.0,106.0,438.0,70.0,AWW,92.50000062149755,HARISS,169.0,63.0,183.0
71,Switzerland,1.5,10.0,0.08,0.04,148.4512995057703,180.0,82.50000097347105,15.0,39.0,0.0,119.0,59.0,39.0,AWW,82.50000097347105,HARISS,186.0,51.0,200.0
72,Switzerland,1.5,10.0,0.08,0.04,138.83091466978308,1173.0,134.50000000548795,817.0,48.0,9.0,122.0,371.0,48.0,AWW,122.0,AWW,186.0,62.0,178.0
73,Switzerland,1.5,10.0,0.08,0.04,101.07607216845739,761.0,85.50000025520839,248.0,65.0,63.0,65.0,63.0,65.0,AWW,65.0,AWW,178.0,57.0,194.0
74,Switzerland,1.5,10.0,0.08,0.04,110.71511953999565,1279.0,82.50000008171331,198.0,62.0,51.0,80.0,197.0,62.0,AWW,80.0,AWW,175.0,53.0,198.0
75,Switzerland,1.5,10.0,0.08,0.04,129.61828136123484,3064.0,85.50000072654878,284.0,105.0,817.0,128.0,2986.0,85.50000072654878,HARISS,85.50000072654878,HARISS,180.0,55.0,181.0
76,Switzerland,1.5,10.0,0.08,0.04,113.98174297090918,858.0,75.50000096363809,91.0,68.0,46.0,84.0,161.0,68.0,AWW,75.50000096363809,HARISS,168.0,51.0,190.0
77,Switzerland,1.5,10.0,0.08,0.04,5.237120656796814,0.0,Inf,NaN,79.0,0.0,80.0,0.0,5.237120656796814,ICU,5.237120656796814,ICU,163.0,54.0,185.0
78,Switzerland,1.5,10.0,0.08,0.04,119.9131867003346,1776.0,68.50000087412099,61.0,19.0,1.0,121.0,1934.0,19.0,AWW,68.50000087412099,HARISS,173.0,51.0,203.0
79,Switzerland,1.5,10.0,0.08,0.04,88.32992954689176,254.0,71.5000006398235,94.0,70.0,94.0,60.0,61.0,70.0,AWW,60.0,AWW,158.0,49.0,183.0
80,Switzerland,1.5,10.0,0.08,0.04,97.76206810988175,129.0,106.50000036352101,231.0,81.0,29.0,24.0,6.0,81.0,AWW,24.0,AWW,173.0,57.0,200.0
81,Switzerland,1.5,10.0,0.08,0.04,133.25448760570166,544.0,85.50000034986603,32.0,77.0,21.0,77.0,21.0,77.0,AWW,77.0,AWW,182.0,55.0,207.0
82,Switzerland,1.5,10.0,0.08,0.04,97.33242471653784,146.0,113.5000006144094,452.0,85.0,78.0,20.0,0.0,85.0,AWW,20.0,AWW,167.0,61.0,217.0
83,Switzerland,1.5,10.0,0.08,0.04,54.46221295050625,210.0,57.500000142375505,231.0,66.0,382.0,96.0,2391.0,54.46221295050625,ICU,54.46221295050625,ICU,203.0,39.0,213.0
84,Switzerland,1.5,10.0,0.08,0.04,99.73253257830743,1206.0,57.50000011269997,149.0,90.0,708.0,120.0,3945.0,57.50000011269997,HARISS,57.50000011269997,HARISS,150.0,55.0,214.0
85,Switzerland,1.5,10.0,0.08,0.04,85.53981992285983,17.0,Inf,NaN,82.0,15.0,94.0,22.0,82.0,AWW,85.53981992285983,ICU,174.0,50.0,154.0
86,Switzerland,1.5,10.0,0.08,0.04,111.37661841963221,1511.0,103.50000073654914,959.0,52.0,22.0,124.0,3436.0,52.0,AWW,103.50000073654914,HARISS,163.0,43.0,214.0
87,Switzerland,1.5,10.0,0.08,0.04,67.20157231924448,16.0,120.50000001979154,637.0,67.0,16.0,68.0,16.0,67.0,AWW,67.20157231924448,ICU,169.0,49.0,189.0
88,Switzerland,1.5,10.0,0.08,0.04,75.61864185391833,240.0,92.50000086898172,695.0,108.0,1985.0,123.0,4209.0,75.61864185391833,ICU,75.61864185391833,ICU,185.0,51.0,194.0
89,Switzerland,1.5,10.0,0.08,0.04,129.90627260703195,237.0,99.50000070374281,33.0,36.0,1.0,49.0,2.0,36.0,AWW,49.0,AWW,155.0,47.0,211.0
90,Switzerland,1.5,10.0,0.08,0.04,56.66349649781827,102.0,61.500000367349,104.0,40.0,8.0,120.0,104.0,40.0,AWW,56.66349649781827,ICU,165.0,53.0,197.0
91,Switzerland,1.5,10.0,0.08,0.04,113.58831701750405,197.0,36.500000576637945,1.0,13.0,0.0,48.0,3.0,13.0,AWW,36.500000576637945,HARISS,152.0,57.0,209.0
92,Switzerland,1.5,10.0,0.08,0.04,145.10822744690262,97.0,54.50000073058508,12.0,26.0,1.0,101.0,25.0,26.0,AWW,54.50000073058508,HARISS,136.0,41.0,171.0
93,Switzerland,1.5,10.0,0.08,0.04,103.7531137389274,310.0,103.50000020444146,309.0,102.0,300.0,18.0,0.0,102.0,AWW,18.0,AWW,172.0,45.0,184.0
94,Switzerland,1.5,10.0,0.08,0.04,149.678493721818,451.0,120.50000061902352,157.0,67.0,7.0,115.0,130.0,67.0,AWW,115.0,AWW,170.0,60.0,179.0
95,Switzerland,1.5,10.0,0.08,0.04,140.32902055127133,1212.0,103.50000007410699,78.0,72.0,4.0,91.0,35.0,72.0,AWW,91.0,AWW,177.0,41.0,189.0
96,Switzerland,1.5,10.0,0.08,0.04,101.2994284444055,179.0,110.5000006373013,339.0,22.0,0.0,103.0,193.0,22.0,AWW,101.2994284444055,ICU,181.0,56.0,207.0
97,Switzerland,1.5,10.0,0.08,0.04,97.74545798017206,215.0,110.50000071036806,409.0,29.0,2.0,115.0,543.0,29.0,AWW,97.74545798017206,ICU,175.0,56.0,192.0
98,Switzerland,1.5,10.0,0.08,0.04,138.4258979199696,2279.0,110.5000006362236,356.0,102.0,189.0,122.0,695.0,102.0,AWW,110.5000006362236,HARISS,163.0,43.0,200.0
99,Switzerland,1.5,10.0,0.08,0.04,86.1994549064594,1141.0,22.500000958072658,12.0,76.0,629.0,137.0,21899.0,22.500000958072658,HARISS,22.500000958072658,HARISS,167.0,55.0,178.0
100,Switzerland,1.5,10.0,0.08,0.04,139.29446229482244,326.0,Inf,NaN,77.0,47.0,107.0,85.0,77.0,AWW,107.0,AWW,149.0,46.0,196.0
101,Switzerland,1.5,10.0,0.08,0.04,97.68266192661883,880.0,71.50000033309657,147.0,49.0,36.0,73.0,151.0,49.0,AWW,71.50000033309657,HARISS,167.0,48.0,194.0
102,Switzerland,1.5,10.0,0.08,0.04,85.9849914002881,227.0,36.500000373780985,19.0,103.0,531.0,127.0,1995.0,36.500000373780985,HARISS,36.500000373780985,HARISS,162.0,45.0,200.0
103,Switzerland,1.5,10.0,0.08,0.04,128.94735110554214,975.0,120.50000098078861,588.0,92.0,132.0,125.0,835.0,92.0,AWW,120.50000098078861,HARISS,188.0,46.0,178.0
104,Switzerland,1.5,10.0,0.08,0.04,33.210363179413676,6.0,Inf,NaN,51.0,6.0,48.0,6.0,33.210363179413676,ICU,33.210363179413676,ICU,163.0,43.0,200.0
105,Switzerland,1.5,10.0,0.08,0.04,133.1324991160749,567.0,127.50000068111346,345.0,104.0,126.0,115.0,200.0,104.0,AWW,115.0,AWW,169.0,44.0,192.0
106,Switzerland,1.5,10.0,0.08,0.04,92.45238900951651,66.0,106.50000003744972,99.0,111.0,155.0,142.0,804.0,92.45238900951651,ICU,92.45238900951651,ICU,152.0,53.0,181.0
107,Switzerland,1.5,10.0,0.08,0.04,111.85810776649271,227.0,120.50000078194059,371.0,49.0,16.0,124.0,406.0,49.0,AWW,111.85810776649271,ICU,174.0,47.0,200.0
108,Switzerland,1.5,10.0,0.08,0.04,18.680913732022052,29.0,Inf,NaN,14.0,18.0,120.0,29.0,14.0,AWW,18.680913732022052,ICU,167.0,54.0,180.0
109,Switzerland,1.5,10.0,0.08,0.04,117.86557196801724,482.0,120.50000012152513,519.0,37.0,4.0,71.0,33.0,37.0,AWW,71.0,AWW,165.0,70.0,189.0
110,Switzerland,1.5,10.0,0.08,0.04,134.5709259983585,457.0,113.50000075752588,131.0,49.0,1.0,49.0,1.0,49.0,AWW,49.0,AWW,185.0,64.0,197.0
111,Switzerland,1.5,10.0,0.08,0.04,83.51098605838192,14.0,Inf,NaN,47.0,0.0,11.0,0.0,47.0,AWW,11.0,AWW,191.0,42.0,185.0
112,Switzerland,1.5,10.0,0.08,0.04,121.2315596253992,3949.0,96.50000037962938,881.0,43.0,22.0,119.0,3299.0,43.0,AWW,96.50000037962938,HARISS,173.0,48.0,182.0
113,Switzerland,1.5,10.0,0.08,0.04,114.55915351088683,88.0,Inf,NaN,92.0,21.0,93.0,25.0,92.0,AWW,93.0,AWW,150.0,45.0,207.0
114,Switzerland,1.5,10.0,0.08,0.04,121.54599327789194,1212.0,117.50000001485593,918.0,102.0,378.0,42.0,10.0,102.0,AWW,42.0,AWW,185.0,46.0,191.0
115,Switzerland,1.5,10.0,0.08,0.04,58.677114626099566,65.0,89.5000003712069,537.0,84.0,377.0,Inf,NaN,58.677114626099566,ICU,58.677114626099566,ICU,173.0,42.0,190.0
116,Switzerland,1.5,10.0,0.08,0.04,121.14907076668236,1039.0,103.5000000174498,372.0,28.0,0.0,28.0,0.0,28.0,AWW,28.0,AWW,161.0,55.0,201.0
117,Switzerland,1.5,10.0,0.08,0.04,98.12968573924792,261.0,92.5000004255062,184.0,96.0,214.0,97.0,233.0,92.5000004255062,HARISS,92.5000004255062,HARISS,161.0,47.0,182.0
118,Switzerland,1.5,10.0,0.08,0.04,149.0267220984953,434.0,Inf,NaN,108.0,69.0,115.0,92.0,108.0,AWW,115.0,AWW,187.0,54.0,203.0
119,Switzerland,1.5,10.0,0.08,0.04,119.31018783165713,340.0,71.50000028879096,34.0,80.0,54.0,91.0,83.0,71.50000028879096,HARISS,71.50000028879096,HARISS,169.0,64.0,203.0
120,Switzerland,1.5,10.0,0.08,0.04,152.1703077792193,471.0,117.50000080159776,122.0,72.0,16.0,138.0,435.0,72.0,AWW,117.50000080159776,HARISS,162.0,42.0,181.0
121,Switzerland,1.5,10.0,0.08,0.04,13.041950369723564,4.0,117.50000036881661,704.0,78.0,70.0,136.0,2153.0,13.041950369723564,ICU,13.041950369723564,ICU,163.0,44.0,175.0
122,Switzerland,1.5,10.0,0.08,0.04,127.82613702952746,59.0,Inf,NaN,72.0,1.0,104.0,18.0,72.0,AWW,104.0,AWW,145.0,43.0,174.0
123,Switzerland,1.5,10.0,0.08,0.04,146.93196344934535,339.0,113.50000047942713,80.0,63.0,14.0,16.0,2.0,63.0,AWW,16.0,AWW,168.0,39.0,205.0
124,Switzerland,1.5,10.0,0.08,0.04,128.5170520628197,294.0,Inf,NaN,90.0,56.0,141.0,535.0,90.0,AWW,128.5170520628197,ICU,163.0,63.0,214.0
125,Switzerland,1.5,10.0,0.08,0.04,137.64998222233265,374.0,Inf,NaN,26.0,12.0,107.0,78.0,26.0,AWW,107.0,AWW,164.0,55.0,203.0
126,Switzerland,1.5,10.0,0.08,0.04,143.13804375256458,158.0,96.50000099717278,23.0,76.0,9.0,111.0,39.0,76.0,AWW,96.50000099717278,HARISS,150.0,56.0,202.0
127,Switzerland,1.5,10.0,0.08,0.04,105.41579433506361,1141.0,75.50000061543011,193.0,45.0,37.0,134.0,6024.0,45.0,AWW,75.50000061543011,HARISS,170.0,36.0,188.0
128,Switzerland,1.5,10.0,0.08,0.04,140.26383686761747,1231.0,61.50000055485609,21.0,42.0,14.0,84.0,42.0,42.0,AWW,61.50000055485609,HARISS,171.0,55.0,184.0
129,Switzerland,1.5,10.0,0.08,0.04,148.73100231801453,1147.0,131.5000006041746,619.0,85.0,43.0,93.0,59.0,85.0,AWW,93.0,AWW,176.0,51.0,186.0
130,Switzerland,1.5,10.0,0.08,0.04,70.96103898361447,19.0,134.50000079689937,828.0,81.0,36.0,137.0,993.0,70.96103898361447,ICU,70.96103898361447,ICU,164.0,47.0,196.0
131,Switzerland,1.5,10.0,0.08,0.04,143.27206624817734,206.0,64.5000000950153,4.0,55.0,2.0,122.0,78.0,55.0,AWW,64.5000000950153,HARISS,169.0,55.0,191.0
132,Switzerland,1.5,10.0,0.08,0.04,135.2370037424144,169.0,Inf,NaN,84.0,15.0,118.0,68.0,84.0,AWW,118.0,AWW,152.0,48.0,161.0
133,Switzerland,1.5,10.0,0.08,0.04,132.981103333356,720.0,Inf,NaN,88.0,86.0,103.0,159.0,88.0,AWW,103.0,AWW,172.0,56.0,189.0
134,Switzerland,1.5,10.0,0.08,0.04,145.59052430397992,1469.0,124.50000056725415,502.0,84.0,26.0,126.0,514.0,84.0,AWW,124.50000056725415,HARISS,159.0,44.0,176.0
135,Switzerland,1.5,10.0,0.08,0.04,115.37165696712343,479.0,106.50000072680909,276.0,35.0,2.0,115.0,473.0,35.0,AWW,106.50000072680909,HARISS,175.0,47.0,183.0
136,Switzerland,1.5,10.0,0.08,0.04,94.65025055571294,47.0,106.50000025301134,71.0,79.0,22.0,129.0,191.0,79.0,AWW,94.65025055571294,ICU,157.0,53.0,179.0
137,Switzerland,1.5,10.0,0.08,0.04,152.45154114080418,584.0,131.50000095032894,328.0,79.0,18.0,Inf,NaN,79.0,AWW,131.50000095032894,HARISS,187.0,49.0,183.0
138,Switzerland,1.5,10.0,0.08,0.04,100.9321654598114,507.0,82.5000001986077,177.0,15.0,0.0,134.0,2974.0,15.0,AWW,82.5000001986077,HARISS,168.0,65.0,188.0
139,Switzerland,1.5,10.0,0.08,0.04,132.6690389248718,1160.0,96.50000002245449,151.0,71.0,46.0,103.0,226.0,71.0,AWW,96.50000002245449,HARISS,165.0,46.0,217.0
140,Switzerland,1.5,10.0,0.08,0.04,91.69311073158758,41.0,Inf,NaN,76.0,13.0,98.0,43.0,76.0,AWW,91.69311073158758,ICU,170.0,45.0,170.0
141,Switzerland,1.5,10.0,0.08,0.04,103.65141793920388,571.0,113.5000008843148,1018.0,63.0,33.0,104.0,581.0,63.0,AWW,103.65141793920388,ICU,176.0,52.0,182.0
142,Switzerland,1.5,10.0,0.08,0.04,113.77038712387112,144.0,138.5000009174675,539.0,68.0,12.0,119.0,202.0,68.0,AWW,113.77038712387112,ICU,151.0,56.0,194.0
143,Switzerland,1.5,10.0,0.08,0.04,113.51986123174044,298.0,Inf,NaN,63.0,23.0,131.0,683.0,63.0,AWW,113.51986123174044,ICU,170.0,42.0,184.0
144,Switzerland,1.5,10.0,0.08,0.04,108.37387773085148,875.0,103.50000044380161,611.0,34.0,4.0,120.0,1660.0,34.0,AWW,103.50000044380161,HARISS,190.0,61.0,197.0
145,Switzerland,1.5,10.0,0.08,0.04,131.26765407439197,86.0,Inf,NaN,48.0,0.0,49.0,0.0,48.0,AWW,49.0,AWW,170.0,51.0,166.0
146,Switzerland,1.5,10.0,0.08,0.04,146.86919584595935,1427.0,Inf,NaN,60.0,15.0,60.0,15.0,60.0,AWW,60.0,AWW,154.0,60.0,200.0
147,Switzerland,1.5,10.0,0.08,0.04,135.81541373892412,760.0,103.50000015691961,142.0,99.0,133.0,118.0,319.0,99.0,AWW,103.50000015691961,HARISS,166.0,44.0,194.0
148,Switzerland,1.5,10.0,0.08,0.04,85.60953360289872,304.0,96.50000030712052,569.0,75.0,154.0,83.0,301.0,75.0,AWW,83.0,AWW,186.0,58.0,199.0
149,Switzerland,1.5,10.0,0.08,0.04,68.49460244351921,18.0,131.50000063913774,458.0,68.0,18.0,135.0,557.0,68.0,AWW,68.49460244351921,ICU,168.0,49.0,211.0
150,Switzerland,1.5,10.0,0.08,0.04,114.25463033993032,889.0,85.50000043897664,171.0,71.0,105.0,124.0,1603.0,71.0,AWW,85.50000043897664,HARISS,192.0,41.0,166.0
151,Switzerland,1.5,10.0,0.08,0.04,107.00865368718186,32.0,99.50000044976902,22.0,96.0,22.0,132.0,94.0,96.0,AWW,99.50000044976902,HARISS,164.0,56.0,170.0
152,Switzerland,1.5,10.0,0.08,0.04,97.14423296880967,14.0,Inf,NaN,66.0,2.0,82.0,3.0,66.0,AWW,82.0,AWW,174.0,47.0,188.0
153,Switzerland,1.5,10.0,0.08,0.04,130.7892953976239,184.0,Inf,NaN,59.0,6.0,60.0,6.0,59.0,AWW,60.0,AWW,178.0,57.0,225.0
154,Switzerland,1.5,10.0,0.08,0.04,80.38295292097209,145.0,15.500000305283223,1.0,82.0,148.0,82.0,148.0,15.500000305283223,HARISS,15.500000305283223,HARISS,149.0,59.0,195.0
155,Switzerland,1.5,10.0,0.08,0.04,27.494255178248647,2.0,29.50000017317458,2.0,16.0,0.0,109.0,34.0,16.0,AWW,27.494255178248647,ICU,176.0,52.0,184.0
156,Switzerland,1.5,10.0,0.08,0.04,115.0355278540359,1208.0,78.5000006361605,132.0,46.0,27.0,88.0,238.0,46.0,AWW,78.5000006361605,HARISS,168.0,40.0,185.0
157,Switzerland,1.5,10.0,0.08,0.04,109.89798686819054,1265.0,75.50000039819817,87.0,54.0,24.0,107.0,856.0,54.0,AWW,75.50000039819817,HARISS,162.0,52.0,218.0
158,Switzerland,1.5,10.0,0.08,0.04,95.3253584992055,57.0,138.50000085657513,627.0,105.0,118.0,129.0,367.0,95.3253584992055,ICU,95.3253584992055,ICU,157.0,60.0,183.0
159,Switzerland,1.5,10.0,0.08,0.04,116.54080063632331,142.0,Inf,NaN,34.0,0.0,109.0,91.0,34.0,AWW,109.0,AWW,164.0,60.0,179.0
160,Switzerland,1.5,10.0,0.08,0.04,137.6484428297542,198.0,96.50000040814604,76.0,21.0,0.0,24.0,0.0,21.0,AWW,24.0,AWW,172.0,44.0,206.0
161,Switzerland,1.5,10.0,0.08,0.04,95.32106671813571,62.0,131.5000002300419,607.0,77.0,16.0,113.0,180.0,77.0,AWW,95.32106671813571,ICU,171.0,47.0,201.0
162,Switzerland,1.5,10.0,0.08,0.04,134.7188212662662,1671.0,120.5000002280443,692.0,83.0,43.0,115.0,484.0,83.0,AWW,115.0,AWW,165.0,55.0,174.0
163,Switzerland,1.5,10.0,0.08,0.04,111.69279152384499,42.0,Inf,NaN,57.0,4.0,104.0,30.0,57.0,AWW,104.0,AWW,164.0,54.0,181.0
164,Switzerland,1.5,10.0,0.08,0.04,121.56824954889643,137.0,Inf,NaN,90.0,24.0,127.0,165.0,90.0,AWW,121.56824954889643,ICU,189.0,49.0,201.0
165,Switzerland,1.5,10.0,0.08,0.04,151.0263526999923,204.0,106.50000037256142,43.0,90.0,23.0,133.0,132.0,90.0,AWW,106.50000037256142,HARISS,145.0,48.0,199.0
166,Switzerland,1.5,10.0,0.08,0.04,95.89767912382212,88.0,57.50000045579535,8.0,85.0,45.0,142.0,1900.0,57.50000045579535,HARISS,57.50000045579535,HARISS,167.0,54.0,202.0
167,Switzerland,1.5,10.0,0.08,0.04,64.04061248500683,113.0,64.5000007603333,113.0,88.0,383.0,107.0,1184.0,64.04061248500683,ICU,64.04061248500683,ICU,157.0,46.0,193.0
168,Switzerland,1.5,10.0,0.08,0.04,117.49012410889284,1120.0,110.50000014149234,671.0,31.0,2.0,49.0,17.0,31.0,AWW,49.0,AWW,183.0,62.0,174.0
169,Switzerland,1.5,10.0,0.08,0.04,40.07661266783322,1.0,Inf,NaN,69.0,1.0,Inf,NaN,40.07661266783322,ICU,40.07661266783322,ICU,137.0,48.0,187.0
170,Switzerland,1.5,10.0,0.08,0.04,120.53489730147817,63.0,Inf,NaN,47.0,0.0,131.0,142.0,47.0,AWW,120.53489730147817,ICU,155.0,47.0,171.0
171,Switzerland,1.5,10.0,0.08,0.04,113.5098099110997,1393.0,117.50000067446322,1567.0,24.0,7.0,100.0,558.0,24.0,AWW,100.0,AWW,146.0,48.0,191.0
172,Switzerland,1.5,10.0,0.08,0.04,99.74594223785859,60.0,131.50000074063834,239.0,90.0,38.0,18.0,0.0,90.0,AWW,18.0,AWW,168.0,45.0,176.0
173,Switzerland,1.5,10.0,0.08,0.04,81.02617721498228,41.0,113.50000068705634,204.0,85.0,44.0,132.0,687.0,81.02617721498228,ICU,81.02617721498228,ICU,153.0,48.0,180.0
174,Switzerland,1.5,10.0,0.08,0.04,118.8459004799318,641.0,120.50000077454285,674.0,89.0,101.0,100.0,189.0,89.0,AWW,100.0,AWW,188.0,49.0,172.0
175,Switzerland,1.5,10.0,0.08,0.04,75.26769336883095,174.0,78.50000052788609,174.0,71.0,109.0,130.0,3838.0,71.0,AWW,75.26769336883095,ICU,183.0,64.0,176.0
176,Switzerland,1.5,10.0,0.08,0.04,76.35178875967041,340.0,33.50000053495948,18.0,56.0,90.0,83.0,616.0,33.50000053495948,HARISS,33.50000053495948,HARISS,159.0,44.0,192.0
177,Switzerland,1.5,10.0,0.08,0.04,118.42407166440051,246.0,99.50000000287723,81.0,88.0,49.0,93.0,49.0,88.0,AWW,93.0,AWW,189.0,59.0,201.0
178,Switzerland,1.5,10.0,0.08,0.04,105.86038791214783,200.0,127.500000815636,668.0,77.0,30.0,112.0,292.0,77.0,AWW,105.86038791214783,ICU,188.0,54.0,184.0
179,Switzerland,1.5,10.0,0.08,0.04,100.72166187072084,843.0,71.50000050158795,111.0,20.0,2.0,134.0,5839.0,20.0,AWW,71.50000050158795,HARISS,155.0,49.0,202.0
180,Switzerland,1.5,10.0,0.08,0.04,124.57437013830616,1258.0,103.50000098624788,346.0,74.0,49.0,75.0,49.0,74.0,AWW,75.0,AWW,171.0,52.0,182.0
181,Switzerland,1.5,10.0,0.08,0.04,56.846058740416716,35.0,40.50000008863308,8.0,94.0,152.0,141.0,1983.0,40.50000008863308,HARISS,40.50000008863308,HARISS,160.0,55.0,165.0
182,Switzerland,1.5,10.0,0.08,0.04,97.63536579762315,1045.0,85.50000011150757,572.0,116.0,3380.0,16.0,0.0,85.50000011150757,HARISS,16.0,AWW,177.0,44.0,183.0
183,Switzerland,1.5,10.0,0.08,0.04,96.49064039240695,172.0,110.50000054836757,327.0,99.0,173.0,121.0,671.0,96.49064039240695,ICU,96.49064039240695,ICU,152.0,50.0,179.0
184,Switzerland,1.5,10.0,0.08,0.04,137.58276429289802,604.0,Inf,NaN,56.0,13.0,101.0,60.0,56.0,AWW,101.0,AWW,167.0,65.0,190.0
185,Switzerland,1.5,10.0,0.08,0.04,91.08409277861628,396.0,113.50000007635414,1523.0,57.0,26.0,135.0,5602.0,57.0,AWW,91.08409277861628,ICU,142.0,49.0,197.0
186,Switzerland,1.5,10.0,0.08,0.04,142.0294839980035,1407.0,117.50000028640356,365.0,75.0,32.0,17.0,0.0,75.0,AWW,17.0,AWW,167.0,65.0,208.0
187,Switzerland,1.5,10.0,0.08,0.04,99.92223547362099,143.0,Inf,NaN,70.0,26.0,128.0,695.0,70.0,AWW,99.92223547362099,ICU,169.0,58.0,172.0
188,Switzerland,1.5,10.0,0.08,0.04,80.56830389599999,54.0,113.50000060519305,417.0,75.0,30.0,133.0,1428.0,75.0,AWW,80.56830389599999,ICU,162.0,54.0,199.0
189,Switzerland,1.5,10.0,0.08,0.04,127.37102284935764,1133.0,120.5000008616908,670.0,66.0,39.0,25.0,2.0,66.0,AWW,25.0,AWW,158.0,62.0,174.0
190,Switzerland,1.5,10.0,0.08,0.04,98.64900817603008,247.0,40.50000052877203,57.0,98.0,245.0,129.0,1109.0,40.50000052877203,HARISS,40.50000052877203,HARISS,190.0,60.0,184.0
191,Switzerland,1.5,10.0,0.08,0.04,113.87456855636788,1705.0,75.50000050166024,188.0,58.0,55.0,97.0,597.0,58.0,AWW,75.50000050166024,HARISS,168.0,51.0,194.0
192,Switzerland,1.5,10.0,0.08,0.04,110.99100857009688,336.0,131.50000095270343,1022.0,110.0,318.0,129.0,815.0,110.0,AWW,110.99100857009688,ICU,154.0,42.0,162.0
193,Switzerland,1.5,10.0,0.08,0.04,140.59501953033399,746.0,Inf,NaN,86.0,24.0,104.0,71.0,86.0,AWW,104.0,AWW,169.0,56.0,190.0
194,Switzerland,1.5,10.0,0.08,0.04,136.33537895201923,1281.0,Inf,NaN,80.0,46.0,118.0,434.0,80.0,AWW,118.0,AWW,169.0,41.0,172.0
195,Switzerland,1.5,10.0,0.08,0.04,121.30466891028783,558.0,71.50000003169708,56.0,78.0,84.0,101.0,175.0,71.50000003169708,HARISS,71.50000003169708,HARISS,156.0,57.0,189.0
196,Switzerland,1.5,10.0,0.08,0.04,138.95790967621716,2379.0,68.50000062595929,60.0,78.0,107.0,142.0,2468.0,68.50000062595929,HARISS,68.50000062595929,HARISS,154.0,50.0,192.0
197,Switzerland,1.5,10.0,0.08,0.04,38.228936160103466,1.0,Inf,NaN,44.0,1.0,106.0,1.0,38.228936160103466,ICU,38.228936160103466,ICU,192.0,54.0,189.0
198,Switzerland,1.5,10.0,0.08,0.04,134.47045953074448,572.0,Inf,NaN,78.0,18.0,122.0,317.0,78.0,AWW,122.0,AWW,163.0,46.0,192.0
199,Switzerland,1.5,10.0,0.08,0.04,101.79565995760173,629.0,106.500000239723,964.0,80.0,178.0,134.0,4315.0,80.0,AWW,101.79565995760173,ICU,180.0,43.0,201.0
200,Switzerland,1.5,10.0,0.08,0.04,46.97852778830311,93.0,Inf,NaN,115.0,96.0,140.0,96.0,46.97852778830311,ICU,46.97852778830311,ICU,187.0,45.0,177.0
201,Switzerland,1.5,10.0,0.08,0.04,140.4357013072944,2135.0,124.50000011534365,769.0,58.0,16.0,111.0,404.0,58.0,AWW,111.0,AWW,192.0,58.0,208.0
202,Switzerland,1.5,10.0,0.08,0.04,111.42068985105081,242.0,124.50000078100882,461.0,55.0,16.0,75.0,43.0,55.0,AWW,75.0,AWW,181.0,38.0,166.0
203,Switzerland,1.5,10.0,0.08,0.04,114.12463148929675,1051.0,113.50000056617839,1007.0,87.0,194.0,88.0,198.0,87.0,AWW,88.0,AWW,164.0,52.0,198.0
204,Switzerland,1.5,10.0,0.08,0.04,74.7082160183961,137.0,103.50000057164975,700.0,62.0,53.0,84.0,232.0,62.0,AWW,74.7082160183961,ICU,161.0,42.0,232.0
205,Switzerland,1.5,10.0,0.08,0.04,73.57502073013585,396.0,54.50000007942275,121.0,53.0,117.0,81.0,528.0,53.0,AWW,54.50000007942275,HARISS,188.0,40.0,227.0
206,Switzerland,1.5,10.0,0.08,0.04,133.24287041724648,228.0,113.50000047167585,86.0,118.0,109.0,134.0,229.0,113.50000047167585,HARISS,113.50000047167585,HARISS,184.0,54.0,184.0
207,Switzerland,1.5,10.0,0.08,0.04,33.390735205750346,19.0,64.50000048546775,175.0,68.0,216.0,117.0,4259.0,33.390735205750346,ICU,33.390735205750346,ICU,159.0,51.0,211.0
208,Switzerland,1.5,10.0,0.08,0.04,107.65027810599393,470.0,96.5000006097159,291.0,94.0,271.0,131.0,1672.0,94.0,AWW,96.5000006097159,HARISS,177.0,54.0,195.0
209,Switzerland,1.5,10.0,0.08,0.04,131.6695271239761,322.0,124.50000046977422,193.0,91.0,39.0,92.0,41.0,91.0,AWW,92.0,AWW,157.0,63.0,178.0
210,Switzerland,1.5,10.0,0.08,0.04,94.47479426062765,447.0,99.5000008099097,477.0,28.0,0.0,80.0,112.0,28.0,AWW,80.0,AWW,178.0,53.0,217.0
211,Switzerland,1.5,10.0,0.08,0.04,143.27092417556713,397.0,117.50000074585533,126.0,51.0,2.0,128.0,203.0,51.0,AWW,117.50000074585533,HARISS,174.0,58.0,211.0
212,Switzerland,1.5,10.0,0.08,0.04,18.4798445752134,0.0,Inf,NaN,18.0,0.0,90.0,0.0,18.0,AWW,18.4798445752134,ICU,161.0,63.0,205.0
213,Switzerland,1.5,10.0,0.08,0.04,99.02853300148979,454.0,64.50000038528071,45.0,89.0,266.0,Inf,NaN,64.50000038528071,HARISS,64.50000038528071,HARISS,159.0,53.0,182.0
214,Switzerland,1.5,10.0,0.08,0.04,52.40005761542201,1.0,Inf,NaN,68.0,5.0,101.0,19.0,52.40005761542201,ICU,52.40005761542201,ICU,201.0,45.0,202.0
215,Switzerland,1.5,10.0,0.08,0.04,140.19174456740248,905.0,103.50000098590304,115.0,83.0,29.0,139.0,835.0,83.0,AWW,103.50000098590304,HARISS,181.0,53.0,183.0
216,Switzerland,1.5,10.0,0.08,0.04,86.59447397172971,14.0,117.500000184013,132.0,55.0,3.0,103.0,44.0,55.0,AWW,86.59447397172971,ICU,194.0,47.0,191.0
217,Switzerland,1.5,10.0,0.08,0.04,88.7113087110405,404.0,89.50000067469152,412.0,119.0,2064.0,132.0,3986.0,88.7113087110405,ICU,88.7113087110405,ICU,159.0,47.0,172.0
218,Switzerland,1.5,10.0,0.08,0.04,129.54296332568154,554.0,131.50000099612595,591.0,60.0,7.0,124.0,378.0,60.0,AWW,124.0,AWW,171.0,50.0,213.0
219,Switzerland,1.5,10.0,0.08,0.04,81.48471123954705,112.0,113.50000010424839,593.0,60.0,44.0,101.0,308.0,60.0,AWW,81.48471123954705,ICU,154.0,36.0,179.0
220,Switzerland,1.5,10.0,0.08,0.04,16.390503348009126,14.0,Inf,NaN,53.0,14.0,121.0,14.0,16.390503348009126,ICU,16.390503348009126,ICU,151.0,42.0,182.0
221,Switzerland,1.5,10.0,0.08,0.04,129.40992428219886,1014.0,75.50000075568549,32.0,71.0,30.0,118.0,447.0,71.0,AWW,75.50000075568549,HARISS,164.0,45.0,181.0
222,Switzerland,1.5,10.0,0.08,0.04,134.0136158992116,280.0,120.50000090248182,99.0,44.0,1.0,117.0,93.0,44.0,AWW,117.0,AWW,139.0,44.0,190.0
223,Switzerland,1.5,10.0,0.08,0.04,76.46494535682271,567.0,82.5000002500676,678.0,54.0,124.0,81.0,615.0,54.0,AWW,76.46494535682271,ICU,170.0,59.0,205.0
224,Switzerland,1.5,10.0,0.08,0.04,152.29969898073458,227.0,138.50000076344946,169.0,83.0,25.0,124.0,90.0,83.0,AWW,124.0,AWW,168.0,56.0,189.0
225,Switzerland,1.5,10.0,0.08,0.04,134.9314861421095,1028.0,89.50000087171863,69.0,95.0,106.0,118.0,345.0,89.50000087171863,HARISS,89.50000087171863,HARISS,152.0,66.0,191.0
226,Switzerland,1.5,10.0,0.08,0.04,122.84637705948909,677.0,134.5000005454347,1359.0,58.0,39.0,85.0,95.0,58.0,AWW,85.0,AWW,185.0,59.0,225.0
227,Switzerland,1.5,10.0,0.08,0.04,125.77819640544571,1144.0,106.5000008652006,361.0,75.0,67.0,27.0,3.0,75.0,AWW,27.0,AWW,149.0,52.0,181.0
228,Switzerland,1.5,10.0,0.08,0.04,103.91181744465938,46.0,134.50000073657782,242.0,51.0,4.0,138.0,275.0,51.0,AWW,103.91181744465938,ICU,180.0,45.0,205.0
229,Switzerland,1.5,10.0,0.08,0.04,86.17290702190981,25.0,117.50000091914153,167.0,105.0,90.0,85.0,24.0,86.17290702190981,ICU,85.0,AWW,164.0,49.0,174.0
230,Switzerland,1.5,10.0,0.08,0.04,103.74511846473165,374.0,113.50000006333607,692.0,74.0,47.0,137.0,2685.0,74.0,AWW,103.74511846473165,ICU,160.0,50.0,215.0
231,Switzerland,1.5,10.0,0.08,0.04,52.85366680497036,1.0,Inf,NaN,83.0,1.0,133.0,1.0,52.85366680497036,ICU,52.85366680497036,ICU,167.0,46.0,182.0
232,Switzerland,1.5,10.0,0.08,0.04,82.06626339948265,18.0,Inf,NaN,83.0,18.0,114.0,32.0,82.06626339948265,ICU,82.06626339948265,ICU,200.0,66.0,175.0
233,Switzerland,1.5,10.0,0.08,0.04,49.67024658346676,91.0,Inf,NaN,97.0,106.0,108.0,106.0,49.67024658346676,ICU,49.67024658346676,ICU,153.0,53.0,192.0
234,Switzerland,1.5,10.0,0.08,0.04,62.51761833963884,2.0,Inf,NaN,23.0,0.0,39.0,0.0,23.0,AWW,39.0,AWW,160.0,49.0,176.0
235,Switzerland,1.5,10.0,0.08,0.04,109.57357577650153,399.0,61.500000430863736,29.0,70.0,56.0,71.0,56.0,61.500000430863736,HARISS,61.500000430863736,HARISS,179.0,36.0,203.0
236,Switzerland,1.5,10.0,0.08,0.04,110.86521353011447,152.0,Inf,NaN,64.0,11.0,138.0,910.0,64.0,AWW,110.86521353011447,ICU,164.0,55.0,175.0
237,Switzerland,1.5,10.0,0.08,0.04,104.2978036387272,747.0,110.500000481922,1056.0,87.0,318.0,133.0,3762.0,87.0,AWW,104.2978036387272,ICU,162.0,50.0,188.0
238,Switzerland,1.5,10.0,0.08,0.04,125.13249004193617,3398.0,61.50000028460238,49.0,23.0,0.0,69.0,90.0,23.0,AWW,61.50000028460238,HARISS,160.0,65.0,207.0
239,Switzerland,1.5,10.0,0.08,0.04,138.26369982778914,1346.0,106.50000052072153,199.0,59.0,6.0,128.0,726.0,59.0,AWW,106.50000052072153,HARISS,199.0,58.0,184.0
240,Switzerland,1.5,10.0,0.08,0.04,56.31403786407094,61.0,110.50000074108553,943.0,100.0,508.0,130.0,2888.0,56.31403786407094,ICU,56.31403786407094,ICU,177.0,60.0,179.0
241,Switzerland,1.5,10.0,0.08,0.04,144.1372230209884,1690.0,131.5000002459308,924.0,48.0,2.0,125.0,632.0,48.0,AWW,125.0,AWW,165.0,52.0,221.0
242,Switzerland,1.5,10.0,0.08,0.04,122.5414224671465,354.0,131.50000043420536,632.0,59.0,4.0,110.0,190.0,59.0,AWW,110.0,AWW,181.0,47.0,196.0
243,Switzerland,1.5,10.0,0.08,0.04,126.49551968267694,288.0,110.5000004622135,131.0,55.0,2.0,104.0,71.0,55.0,AWW,104.0,AWW,165.0,53.0,159.0
244,Switzerland,1.5,10.0,0.08,0.04,116.81444311743279,2253.0,71.50000001801203,129.0,76.0,209.0,106.0,1210.0,71.50000001801203,HARISS,71.50000001801203,HARISS,179.0,59.0,211.0
245,Switzerland,1.5,10.0,0.08,0.04,121.20365737474083,1318.0,71.50000066686098,80.0,69.0,78.0,69.0,78.0,69.0,AWW,69.0,AWW,187.0,45.0,190.0
246,Switzerland,1.5,10.0,0.08,0.04,146.30138404649568,1327.0,131.5000003150138,737.0,54.0,5.0,24.0,0.0,54.0,AWW,24.0,AWW,178.0,52.0,184.0
247,Switzerland,1.5,10.0,0.08,0.04,117.46588928795168,308.0,89.50000098009684,38.0,102.0,98.0,111.0,170.0,89.50000098009684,HARISS,89.50000098009684,HARISS,178.0,57.0,173.0
248,Switzerland,1.5,10.0,0.08,0.04,116.47220135164665,732.0,71.5000003853346,38.0,96.0,197.0,63.0,24.0,71.5000003853346,HARISS,63.0,AWW,185.0,50.0,187.0
249,Switzerland,1.5,10.0,0.08,0.04,140.6122053931201,1419.0,Inf,NaN,78.0,35.0,128.0,584.0,78.0,AWW,128.0,AWW,154.0,46.0,211.0
250,Switzerland,1.5,10.0,0.08,0.04,101.59194410240937,175.0,113.50000052819645,317.0,59.0,13.0,143.0,1927.0,59.0,AWW,101.59194410240937,ICU,178.0,48.0,183.0
251,Switzerland,1.5,10.0,0.08,0.04,125.02785767417316,960.0,92.50000091644593,137.0,89.0,98.0,89.0,98.0,89.0,AWW,89.0,AWW,192.0,52.0,208.0
252,Switzerland,1.5,10.0,0.08,0.04,145.68492864953802,214.0,Inf,NaN,58.0,0.0,135.0,123.0,58.0,AWW,135.0,AWW,155.0,57.0,174.0
253,Switzerland,1.5,10.0,0.08,0.04,102.86793210884868,704.0,96.50000011721633,373.0,24.0,0.0,25.0,0.0,24.0,AWW,25.0,AWW,158.0,43.0,186.0
254,Switzerland,1.5,10.0,0.08,0.04,145.35302050005828,255.0,Inf,NaN,11.0,1.0,74.0,70.0,11.0,AWW,74.0,AWW,178.0,68.0,174.0
255,Switzerland,1.5,10.0,0.08,0.04,91.14860473623162,984.0,68.50000083181844,248.0,68.0,238.0,114.0,4023.0,68.0,AWW,68.50000083181844,HARISS,174.0,51.0,179.0
256,Switzerland,1.5,10.0,0.08,0.04,97.20794039443184,48.0,131.50000048162997,319.0,104.0,62.0,14.0,0.0,97.20794039443184,ICU,14.0,AWW,159.0,52.0,207.0
257,Switzerland,1.5,10.0,0.08,0.04,14.635728415684895,2.0,Inf,NaN,116.0,2.0,140.0,2.0,14.635728415684895,ICU,14.635728415684895,ICU,158.0,50.0,188.0
258,Switzerland,1.5,10.0,0.08,0.04,82.0681658818826,45.0,134.50000006285237,659.0,110.0,174.0,121.0,320.0,82.0681658818826,ICU,82.0681658818826,ICU,164.0,42.0,184.0
259,Switzerland,1.5,10.0,0.08,0.04,120.78425819508081,541.0,99.50000067339712,142.0,80.0,43.0,122.0,603.0,80.0,AWW,99.50000067339712,HARISS,167.0,53.0,171.0
260,Switzerland,1.5,10.0,0.08,0.04,130.26959520932016,1340.0,124.5000003577835,1001.0,83.0,98.0,87.0,102.0,83.0,AWW,87.0,AWW,181.0,42.0,173.0
261,Switzerland,1.5,10.0,0.08,0.04,58.62266641818291,41.0,110.50000068549505,523.0,72.0,67.0,123.0,996.0,58.62266641818291,ICU,58.62266641818291,ICU,171.0,44.0,185.0
262,Switzerland,1.5,10.0,0.08,0.04,117.32965738850814,87.0,127.50000088585611,133.0,60.0,9.0,128.0,134.0,60.0,AWW,117.32965738850814,ICU,159.0,53.0,175.0
263,Switzerland,1.5,10.0,0.08,0.04,129.04001553867977,352.0,127.50000057381786,329.0,69.0,13.0,123.0,290.0,69.0,AWW,123.0,AWW,162.0,47.0,176.0
264,Switzerland,1.5,10.0,0.08,0.04,95.15580762744587,50.0,106.50000047014335,81.0,76.0,15.0,106.0,81.0,76.0,AWW,95.15580762744587,ICU,167.0,47.0,181.0
265,Switzerland,1.5,10.0,0.08,0.04,44.56839789651881,30.0,Inf,NaN,31.0,20.0,95.0,37.0,31.0,AWW,44.56839789651881,ICU,161.0,40.0,182.0
266,Switzerland,1.5,10.0,0.08,0.04,108.16164906251784,69.0,Inf,NaN,95.0,49.0,134.0,214.0,95.0,AWW,108.16164906251784,ICU,163.0,42.0,190.0
267,Switzerland,1.5,10.0,0.08,0.04,65.56720172506401,38.0,Inf,NaN,65.0,38.0,135.0,48.0,65.0,AWW,65.56720172506401,ICU,178.0,57.0,182.0
268,Switzerland,1.5,10.0,0.08,0.04,76.23441065185148,33.0,106.50000030611153,209.0,59.0,9.0,14.0,0.0,59.0,AWW,14.0,AWW,192.0,53.0,187.0
269,Switzerland,1.5,10.0,0.08,0.04,95.02461382676177,374.0,99.50000086830967,422.0,65.0,32.0,Inf,NaN,65.0,AWW,95.02461382676177,ICU,161.0,58.0,184.0
270,Switzerland,1.5,10.0,0.08,0.04,137.72177666021938,1518.0,89.50000011843387,70.0,91.0,80.0,131.0,973.0,89.50000011843387,HARISS,89.50000011843387,HARISS,147.0,38.0,200.0
271,Switzerland,1.5,10.0,0.08,0.04,146.5951891813776,2557.0,96.50000039251465,211.0,66.0,26.0,84.0,103.0,66.0,AWW,84.0,AWW,147.0,54.0,201.0
272,Switzerland,1.5,10.0,0.08,0.04,117.66246549065323,829.0,110.50000048877287,552.0,85.0,125.0,90.0,173.0,85.0,AWW,90.0,AWW,168.0,42.0,192.0
273,Switzerland,1.5,10.0,0.08,0.04,125.03466222370349,426.0,138.5000007258103,809.0,105.0,138.0,Inf,NaN,105.0,AWW,125.03466222370349,ICU,174.0,46.0,192.0
274,Switzerland,1.5,10.0,0.08,0.04,123.14060722995404,1446.0,96.50000089971955,230.0,71.0,43.0,108.0,431.0,71.0,AWW,96.50000089971955,HARISS,158.0,39.0,190.0
275,Switzerland,1.5,10.0,0.08,0.04,101.43842011965576,752.0,110.5000002284028,1277.0,89.0,407.0,134.0,4720.0,89.0,AWW,101.43842011965576,ICU,163.0,62.0,182.0
276,Switzerland,1.5,10.0,0.08,0.04,120.94028354431444,1279.0,89.50000044192554,243.0,85.0,179.0,130.0,2222.0,85.0,AWW,89.50000044192554,HARISS,167.0,55.0,170.0
277,Switzerland,1.5,10.0,0.08,0.04,112.74915487569298,1144.0,117.5000009022414,1350.0,89.0,237.0,90.0,264.0,89.0,AWW,90.0,AWW,168.0,53.0,199.0
278,Switzerland,1.5,10.0,0.08,0.04,93.76947892915922,583.0,106.50000040261169,1099.0,40.0,32.0,140.0,8019.0,40.0,AWW,93.76947892915922,ICU,178.0,45.0,163.0
279,Switzerland,1.5,10.0,0.08,0.04,80.73629565123112,31.0,Inf,NaN,57.0,5.0,132.0,312.0,57.0,AWW,80.73629565123112,ICU,147.0,65.0,188.0
280,Switzerland,1.5,10.0,0.08,0.04,137.61732489377704,1213.0,120.50000065007556,525.0,73.0,46.0,97.0,149.0,73.0,AWW,97.0,AWW,176.0,48.0,178.0
281,Switzerland,1.5,10.0,0.08,0.04,151.86571876979863,1978.0,124.50000025022861,677.0,73.0,20.0,137.0,1370.0,73.0,AWW,124.50000025022861,HARISS,145.0,69.0,192.0
282,Switzerland,1.5,10.0,0.08,0.04,122.48457408796939,322.0,110.50000011228448,142.0,55.0,4.0,129.0,424.0,55.0,AWW,110.50000011228448,HARISS,160.0,53.0,192.0
283,Switzerland,1.5,10.0,0.08,0.04,142.31303139559745,2145.0,117.50000066340068,531.0,91.0,127.0,103.0,226.0,91.0,AWW,103.0,AWW,190.0,64.0,203.0
284,Switzerland,1.5,10.0,0.08,0.04,83.30510079372128,344.0,85.50000084422915,352.0,69.0,118.0,136.0,7008.0,69.0,AWW,83.30510079372128,ICU,158.0,55.0,154.0
285,Switzerland,1.5,10.0,0.08,0.04,93.9106552756401,356.0,110.50000051176164,922.0,70.0,110.0,70.0,110.0,70.0,AWW,70.0,AWW,183.0,57.0,190.0
286,Switzerland,1.5,10.0,0.08,0.04,99.76987869964402,127.0,120.50000070899787,323.0,29.0,0.0,113.0,198.0,29.0,AWW,99.76987869964402,ICU,180.0,60.0,206.0
287,Switzerland,1.5,10.0,0.08,0.04,134.44753152276647,794.0,138.5000002459043,942.0,87.0,32.0,133.0,760.0,87.0,AWW,133.0,AWW,169.0,52.0,201.0
288,Switzerland,1.5,10.0,0.08,0.04,74.63485231302366,330.0,75.50000071605086,340.0,77.0,340.0,144.0,14064.0,74.63485231302366,ICU,74.63485231302366,ICU,161.0,54.0,191.0
289,Switzerland,1.5,10.0,0.08,0.04,78.44703970388208,18.0,Inf,NaN,91.0,26.0,105.0,47.0,78.44703970388208,ICU,78.44703970388208,ICU,181.0,53.0,188.0
290,Switzerland,1.5,10.0,0.08,0.04,92.68688073105714,76.0,138.50000094991555,1104.0,101.0,120.0,117.0,327.0,92.68688073105714,ICU,92.68688073105714,ICU,179.0,49.0,187.0
291,Switzerland,1.5,10.0,0.08,0.04,114.64340214007849,755.0,113.50000066356714,713.0,68.0,41.0,136.0,2573.0,68.0,AWW,113.50000066356714,HARISS,163.0,50.0,179.0
292,Switzerland,1.5,10.0,0.08,0.04,71.4669446710539,67.0,29.500000243175993,5.0,68.0,41.0,144.0,3011.0,29.500000243175993,HARISS,29.500000243175993,HARISS,175.0,43.0,196.0
293,Switzerland,1.5,10.0,0.08,0.04,118.44286031424038,1092.0,71.50000099830261,69.0,73.0,69.0,118.0,1066.0,71.50000099830261,HARISS,71.50000099830261,HARISS,137.0,64.0,180.0
294,Switzerland,1.5,10.0,0.08,0.04,129.35804263239385,302.0,Inf,NaN,85.0,14.0,96.0,31.0,85.0,AWW,96.0,AWW,160.0,56.0,168.0
295,Switzerland,1.5,10.0,0.08,0.04,119.24072351220194,572.0,127.50000051815191,951.0,113.0,347.0,128.0,975.0,113.0,AWW,119.24072351220194,ICU,173.0,50.0,179.0
296,Switzerland,1.5,10.0,0.08,0.04,105.58354149180558,261.0,117.50000005681925,422.0,65.0,27.0,82.0,94.0,65.0,AWW,82.0,AWW,182.0,48.0,195.0
297,Switzerland,1.5,10.0,0.08,0.04,121.993265759446,990.0,117.5000008723914,685.0,50.0,8.0,50.0,8.0,50.0,AWW,50.0,AWW,164.0,51.0,192.0
298,Switzerland,1.5,10.0,0.08,0.04,112.8533554080406,825.0,113.50000016913053,874.0,99.0,287.0,107.0,478.0,99.0,AWW,107.0,AWW,162.0,56.0,204.0
299,Switzerland,1.5,10.0,0.08,0.04,140.12022567443995,582.0,Inf,NaN,64.0,5.0,136.0,443.0,64.0,AWW,136.0,AWW,182.0,52.0,190.0
300,Switzerland,1.5,10.0,0.08,0.04,71.57552065214092,55.0,124.50000096259238,984.0,73.0,55.0,74.0,55.0,71.57552065214092,ICU,71.57552065214092,ICU,180.0,42.0,206.0
301,Switzerland,1.5,10.0,0.08,0.04,100.37416089965032,287.0,110.5000001553226,554.0,108.0,521.0,92.0,142.0,100.37416089965032,ICU,92.0,AWW,162.0,55.0,181.0
302,Switzerland,1.5,10.0,0.08,0.04,129.9538601896592,1507.0,113.50000080792661,467.0,64.0,24.0,134.0,1773.0,64.0,AWW,113.50000080792661,HARISS,161.0,50.0,164.0
303,Switzerland,1.5,10.0,0.08,0.04,100.56273493010735,224.0,103.50000003903565,253.0,48.0,13.0,116.0,539.0,48.0,AWW,100.56273493010735,ICU,178.0,55.0,197.0
304,Switzerland,1.5,10.0,0.08,0.04,138.83100413150058,396.0,120.50000077116407,137.0,54.0,7.0,104.0,62.0,54.0,AWW,104.0,AWW,189.0,54.0,175.0
305,Switzerland,1.5,10.0,0.08,0.04,96.17629993374257,100.0,138.50000058400144,1083.0,98.0,110.0,103.0,135.0,96.17629993374257,ICU,96.17629993374257,ICU,186.0,46.0,200.0
306,Switzerland,1.5,10.0,0.08,0.04,146.95709349232348,1274.0,Inf,NaN,92.0,82.0,129.0,544.0,92.0,AWW,129.0,AWW,158.0,53.0,198.0
307,Switzerland,1.5,10.0,0.08,0.04,110.93214161207797,444.0,61.500000134741256,26.0,83.0,90.0,93.0,155.0,61.500000134741256,HARISS,61.500000134741256,HARISS,170.0,47.0,169.0
308,Switzerland,1.5,10.0,0.08,0.04,131.60849401385747,1425.0,117.50000076167898,484.0,50.0,2.0,129.0,1041.0,50.0,AWW,117.50000076167898,HARISS,191.0,54.0,185.0
309,Switzerland,1.5,10.0,0.08,0.04,78.0338244022423,559.0,78.50000001979947,585.0,97.0,1845.0,Inf,NaN,78.0338244022423,ICU,78.0338244022423,ICU,166.0,54.0,182.0
310,Switzerland,1.5,10.0,0.08,0.04,68.21646717944542,18.0,110.50000091165951,331.0,99.0,183.0,130.0,1105.0,68.21646717944542,ICU,68.21646717944542,ICU,150.0,64.0,206.0
311,Switzerland,1.5,10.0,0.08,0.04,135.8172815682383,156.0,106.50000098668191,42.0,40.0,1.0,129.0,96.0,40.0,AWW,106.50000098668191,HARISS,167.0,50.0,187.0
312,Switzerland,1.5,10.0,0.08,0.04,140.027008943241,382.0,120.50000050980582,136.0,116.0,118.0,134.0,258.0,116.0,AWW,120.50000050980582,HARISS,174.0,58.0,182.0
313,Switzerland,1.5,10.0,0.08,0.04,86.66584452970781,234.0,117.50000086841325,1373.0,81.0,133.0,116.0,1207.0,81.0,AWW,86.66584452970781,ICU,197.0,51.0,219.0
314,Switzerland,1.5,10.0,0.08,0.04,73.51767240054045,54.0,124.50000021178045,1447.0,73.0,54.0,74.0,54.0,73.0,AWW,73.51767240054045,ICU,151.0,47.0,194.0
315,Switzerland,1.5,10.0,0.08,0.04,77.34402680225989,47.0,99.50000049482345,177.0,66.0,25.0,76.0,46.0,66.0,AWW,76.0,AWW,198.0,49.0,195.0
316,Switzerland,1.5,10.0,0.08,0.04,115.82548923547175,891.0,78.50000099685597,63.0,88.0,151.0,96.0,230.0,78.50000099685597,HARISS,78.50000099685597,HARISS,172.0,46.0,185.0
317,Switzerland,1.5,10.0,0.08,0.04,93.35193920256184,1027.0,71.50000016965663,310.0,31.0,37.0,98.0,1409.0,31.0,AWW,71.50000016965663,HARISS,162.0,48.0,197.0
318,Switzerland,1.5,10.0,0.08,0.04,108.38280730595334,456.0,61.50000072502545,17.0,56.0,13.0,122.0,998.0,56.0,AWW,61.50000072502545,HARISS,162.0,55.0,185.0
319,Switzerland,1.5,10.0,0.08,0.04,116.05011741261795,352.0,99.50000006843553,118.0,46.0,13.0,127.0,651.0,46.0,AWW,99.50000006843553,HARISS,161.0,45.0,190.0
320,Switzerland,1.5,10.0,0.08,0.04,113.4789061758268,1639.0,113.50000081477016,1639.0,20.0,11.0,100.0,799.0,20.0,AWW,100.0,AWW,181.0,49.0,202.0
321,Switzerland,1.5,10.0,0.08,0.04,13.051640528254085,1.0,Inf,NaN,91.0,2.0,92.0,2.0,13.051640528254085,ICU,13.051640528254085,ICU,169.0,60.0,165.0
322,Switzerland,1.5,10.0,0.08,0.04,73.30971439755793,110.0,89.50000000669537,299.0,20.0,6.0,135.0,4292.0,20.0,AWW,73.30971439755793,ICU,192.0,48.0,193.0
323,Switzerland,1.5,10.0,0.08,0.04,110.79134069776804,624.0,127.50000067716203,1413.0,35.0,2.0,125.0,1206.0,35.0,AWW,110.79134069776804,ICU,175.0,42.0,192.0
324,Switzerland,1.5,10.0,0.08,0.04,96.62238327307801,203.0,117.50000055801132,591.0,25.0,0.0,131.0,1360.0,25.0,AWW,96.62238327307801,ICU,148.0,66.0,169.0
325,Switzerland,1.5,10.0,0.08,0.04,142.35130017783965,183.0,134.50000099933573,112.0,61.0,13.0,56.0,9.0,61.0,AWW,56.0,AWW,170.0,52.0,181.0
326,Switzerland,1.5,10.0,0.08,0.04,107.35425535515687,1526.0,78.50000020228336,296.0,60.0,90.0,106.0,1424.0,60.0,AWW,78.50000020228336,HARISS,180.0,51.0,207.0
327,Switzerland,1.5,10.0,0.08,0.04,23.220101349672547,3.0,Inf,NaN,49.0,3.0,77.0,3.0,23.220101349672547,ICU,23.220101349672547,ICU,170.0,47.0,180.0
328,Switzerland,1.5,10.0,0.08,0.04,151.45140162402438,78.0,Inf,NaN,100.0,30.0,116.0,36.0,100.0,AWW,116.0,AWW,150.0,56.0,151.0
329,Switzerland,1.5,10.0,0.08,0.04,110.2870678895201,390.0,138.50000049726737,2165.0,19.0,0.0,115.0,538.0,19.0,AWW,110.2870678895201,ICU,176.0,53.0,181.0
330,Switzerland,1.5,10.0,0.08,0.04,126.93371913299252,156.0,120.50000009859443,98.0,37.0,1.0,128.0,161.0,37.0,AWW,120.50000009859443,HARISS,169.0,50.0,192.0
331,Switzerland,1.5,10.0,0.08,0.04,150.16195605625188,394.0,131.50000006233572,220.0,72.0,25.0,117.0,110.0,72.0,AWW,117.0,AWW,193.0,43.0,192.0
332,Switzerland,1.5,10.0,0.08,0.04,83.40455746978137,381.0,85.50000074012746,396.0,113.0,2098.0,113.0,2098.0,83.40455746978137,ICU,83.40455746978137,ICU,160.0,54.0,180.0
333,Switzerland,1.5,10.0,0.08,0.04,127.63075102338611,2074.0,103.50000049377768,436.0,134.0,2798.0,104.0,444.0,103.50000049377768,HARISS,103.50000049377768,HARISS,170.0,57.0,174.0
334,Switzerland,1.5,10.0,0.08,0.04,138.03480387395007,1742.0,110.50000094721844,328.0,58.0,14.0,117.0,511.0,58.0,AWW,110.50000094721844,HARISS,176.0,49.0,196.0
335,Switzerland,1.5,10.0,0.08,0.04,137.76468832327902,1003.0,127.50000005904558,570.0,71.0,23.0,117.0,339.0,71.0,AWW,117.0,AWW,160.0,46.0,194.0
336,Switzerland,1.5,10.0,0.08,0.04,124.59400873841716,1593.0,127.50000047529252,1696.0,64.0,40.0,96.0,287.0,64.0,AWW,96.0,AWW,159.0,44.0,189.0
337,Switzerland,1.5,10.0,0.08,0.04,123.35999989680805,218.0,124.50000057274077,221.0,86.0,50.0,122.0,205.0,86.0,AWW,122.0,AWW,161.0,53.0,191.0
338,Switzerland,1.5,10.0,0.08,0.04,83.81440442985335,182.0,64.50000026948723,51.0,50.0,18.0,118.0,1569.0,50.0,AWW,64.50000026948723,HARISS,188.0,45.0,185.0
339,Switzerland,1.5,10.0,0.08,0.04,82.71374291538916,347.0,64.50000003161666,104.0,7.0,0.0,136.0,8100.0,7.0,AWW,64.50000003161666,HARISS,172.0,41.0,201.0
340,Switzerland,1.5,10.0,0.08,0.04,109.73632129195103,485.0,110.50000036811494,494.0,91.0,157.0,142.0,3292.0,91.0,AWW,109.73632129195103,ICU,172.0,53.0,195.0
341,Switzerland,1.5,10.0,0.08,0.04,145.00629023503058,742.0,89.50000013682873,53.0,87.0,49.0,127.0,349.0,87.0,AWW,89.50000013682873,HARISS,163.0,46.0,172.0
342,Switzerland,1.5,10.0,0.08,0.04,103.38488480294303,1078.0,78.50000033077245,215.0,91.0,550.0,132.0,6735.0,78.50000033077245,HARISS,78.50000033077245,HARISS,190.0,57.0,175.0
343,Switzerland,1.5,10.0,0.08,0.04,37.34043870694333,3.0,Inf,NaN,79.0,3.0,138.0,3.0,37.34043870694333,ICU,37.34043870694333,ICU,177.0,65.0,176.0
344,Switzerland,1.5,10.0,0.08,0.04,134.8091637408661,1293.0,Inf,NaN,74.0,44.0,122.0,659.0,74.0,AWW,122.0,AWW,168.0,43.0,192.0
345,Switzerland,1.5,10.0,0.08,0.04,108.87248033393375,220.0,124.50000051481703,468.0,88.0,63.0,113.0,235.0,88.0,AWW,108.87248033393375,ICU,169.0,56.0,190.0
346,Switzerland,1.5,10.0,0.08,0.04,82.66273024671159,26.0,138.50000046186454,583.0,76.0,14.0,96.0,45.0,76.0,AWW,82.66273024671159,ICU,179.0,57.0,196.0
347,Switzerland,1.5,10.0,0.08,0.04,153.14917420836346,873.0,138.50000004475572,742.0,42.0,0.0,109.0,125.0,42.0,AWW,109.0,AWW,187.0,42.0,178.0
348,Switzerland,1.5,10.0,0.08,0.04,124.36431401034582,920.0,19.500000875996047,0.0,43.0,2.0,108.0,265.0,19.500000875996047,HARISS,19.500000875996047,HARISS,172.0,45.0,175.0
349,Switzerland,1.5,10.0,0.08,0.04,104.434675858471,202.0,75.50000020179635,32.0,101.0,143.0,121.0,404.0,75.50000020179635,HARISS,75.50000020179635,HARISS,146.0,48.0,200.0
350,Switzerland,1.5,10.0,0.08,0.04,55.97136856888906,20.0,124.50000018011401,660.0,115.0,406.0,103.0,176.0,55.97136856888906,ICU,55.97136856888906,ICU,163.0,53.0,177.0
351,Switzerland,1.5,10.0,0.08,0.04,122.39046469023491,1738.0,68.50000096750927,60.0,74.0,104.0,120.0,1366.0,68.50000096750927,HARISS,68.50000096750927,HARISS,170.0,46.0,197.0
352,Switzerland,1.5,10.0,0.08,0.04,125.06636956762844,63.0,Inf,NaN,114.0,45.0,141.0,112.0,114.0,AWW,125.06636956762844,ICU,175.0,59.0,175.0
353,Switzerland,1.5,10.0,0.08,0.04,113.2126768536826,554.0,85.50000037017682,104.0,88.0,140.0,17.0,0.0,85.50000037017682,HARISS,17.0,AWW,180.0,65.0,206.0
354,Switzerland,1.5,10.0,0.08,0.04,95.57841024363462,258.0,117.50000082161131,864.0,89.0,169.0,134.0,2838.0,89.0,AWW,95.57841024363462,ICU,189.0,47.0,191.0
355,Switzerland,1.5,10.0,0.08,0.04,100.00692766869838,316.0,78.50000027694091,89.0,16.0,0.0,127.0,1679.0,16.0,AWW,78.50000027694091,HARISS,173.0,44.0,182.0
356,Switzerland,1.5,10.0,0.08,0.04,76.62668347020403,10.0,110.50000087102157,49.0,71.0,7.0,71.0,7.0,71.0,AWW,71.0,AWW,171.0,43.0,188.0
357,Switzerland,1.5,10.0,0.08,0.04,140.6879557010219,1727.0,120.5000005706963,496.0,45.0,6.0,120.0,487.0,45.0,AWW,120.0,AWW,183.0,43.0,217.0
358,Switzerland,1.5,10.0,0.08,0.04,80.09636398487278,53.0,89.50000093097759,90.0,35.0,3.0,121.0,508.0,35.0,AWW,80.09636398487278,ICU,176.0,43.0,190.0
359,Switzerland,1.5,10.0,0.08,0.04,129.9978114712262,1458.0,120.50000018044805,830.0,107.0,438.0,93.0,170.0,107.0,AWW,93.0,AWW,154.0,48.0,198.0
360,Switzerland,1.5,10.0,0.08,0.04,105.09636947710256,328.0,99.50000001596712,249.0,82.0,79.0,142.0,2323.0,82.0,AWW,99.50000001596712,HARISS,162.0,59.0,198.0
361,Switzerland,1.5,10.0,0.08,0.04,119.98435525482661,261.0,96.50000084950514,71.0,61.0,18.0,129.0,433.0,61.0,AWW,96.50000084950514,HARISS,178.0,43.0,175.0
362,Switzerland,1.5,10.0,0.08,0.04,137.55339306825908,259.0,Inf,NaN,111.0,70.0,120.0,105.0,111.0,AWW,120.0,AWW,153.0,65.0,187.0
363,Switzerland,1.5,10.0,0.08,0.04,138.72066673183272,369.0,131.5000006603478,249.0,45.0,4.0,140.0,403.0,45.0,AWW,131.5000006603478,HARISS,155.0,52.0,197.0
364,Switzerland,1.5,10.0,0.08,0.04,84.12144833377955,59.0,138.50000041682253,1235.0,50.0,0.0,92.0,101.0,50.0,AWW,84.12144833377955,ICU,177.0,63.0,183.0
365,Switzerland,1.5,10.0,0.08,0.04,98.34618164009606,488.0,50.50000096412218,33.0,40.0,15.0,Inf,NaN,40.0,AWW,50.50000096412218,HARISS,161.0,49.0,154.0
366,Switzerland,1.5,10.0,0.08,0.04,116.41940021453082,769.0,120.50000096484617,856.0,70.0,18.0,62.0,7.0,70.0,AWW,62.0,AWW,173.0,47.0,196.0
367,Switzerland,1.5,10.0,0.08,0.04,116.16301980985807,793.0,106.50000009049742,442.0,68.0,37.0,109.0,492.0,68.0,AWW,106.50000009049742,HARISS,154.0,64.0,188.0
368,Switzerland,1.5,10.0,0.08,0.04,124.89810082350921,349.0,89.50000063077859,61.0,107.0,150.0,128.0,378.0,89.50000063077859,HARISS,89.50000063077859,HARISS,194.0,59.0,183.0
369,Switzerland,1.5,10.0,0.08,0.04,32.545631405079504,4.0,Inf,NaN,41.0,4.0,113.0,4.0,32.545631405079504,ICU,32.545631405079504,ICU,151.0,55.0,185.0
370,Switzerland,1.5,10.0,0.08,0.04,91.87911730812903,163.0,113.50000072735989,491.0,86.0,113.0,105.0,307.0,86.0,AWW,91.87911730812903,ICU,171.0,53.0,188.0
371,Switzerland,1.5,10.0,0.08,0.04,123.47689012961594,662.0,99.50000099562578,180.0,92.0,112.0,100.0,183.0,92.0,AWW,99.50000099562578,HARISS,154.0,48.0,178.0
372,Switzerland,1.5,10.0,0.08,0.04,153.941184661036,246.0,124.50000008461284,107.0,73.0,5.0,73.0,5.0,73.0,AWW,73.0,AWW,176.0,49.0,211.0
373,Switzerland,1.5,10.0,0.08,0.04,135.20971494670718,58.0,Inf,NaN,64.0,3.0,103.0,11.0,64.0,AWW,103.0,AWW,192.0,48.0,200.0
374,Switzerland,1.5,10.0,0.08,0.04,71.28443680451839,15.0,99.50000052873409,191.0,78.0,41.0,30.0,0.0,71.28443680451839,ICU,30.0,AWW,136.0,50.0,189.0
375,Switzerland,1.5,10.0,0.08,0.04,138.63611193117003,1374.0,103.50000068735643,165.0,48.0,5.0,112.0,255.0,48.0,AWW,103.50000068735643,HARISS,191.0,52.0,198.0
376,Switzerland,1.5,10.0,0.08,0.04,141.49790386526317,650.0,138.50000033920682,504.0,96.0,37.0,100.0,53.0,96.0,AWW,100.0,AWW,169.0,64.0,197.0
377,Switzerland,1.5,10.0,0.08,0.04,146.5570992055935,747.0,89.5000009067773,57.0,56.0,9.0,56.0,9.0,56.0,AWW,56.0,AWW,170.0,57.0,180.0
378,Switzerland,1.5,10.0,0.08,0.04,97.28793514061674,698.0,47.50000088161012,44.0,48.0,44.0,95.0,635.0,47.50000088161012,HARISS,47.50000088161012,HARISS,199.0,66.0,197.0
379,Switzerland,1.5,10.0,0.08,0.04,83.51660451708699,47.0,113.5000003323345,237.0,78.0,34.0,117.0,272.0,78.0,AWW,83.51660451708699,ICU,185.0,46.0,200.0
380,Switzerland,1.5,10.0,0.08,0.04,134.65431810954,725.0,117.50000075252892,263.0,91.0,61.0,80.0,31.0,91.0,AWW,80.0,AWW,193.0,48.0,181.0
381,Switzerland,1.5,10.0,0.08,0.04,116.76859326546167,420.0,78.50000038497478,27.0,104.0,201.0,133.0,1264.0,78.50000038497478,HARISS,78.50000038497478,HARISS,175.0,52.0,188.0
382,Switzerland,1.5,10.0,0.08,0.04,153.3990353261792,809.0,131.5000007182559,473.0,73.0,11.0,33.0,2.0,73.0,AWW,33.0,AWW,175.0,55.0,170.0
383,Switzerland,1.5,10.0,0.08,0.04,145.40515825387646,2115.0,89.50000008896352,99.0,94.0,138.0,111.0,356.0,89.50000008896352,HARISS,89.50000008896352,HARISS,179.0,59.0,194.0
384,Switzerland,1.5,10.0,0.08,0.04,50.22880812557985,30.0,89.50000031464614,368.0,34.0,7.0,Inf,NaN,34.0,AWW,50.22880812557985,ICU,161.0,52.0,198.0
385,Switzerland,1.5,10.0,0.08,0.04,143.41217695149527,228.0,117.50000012417286,74.0,73.0,9.0,99.0,28.0,73.0,AWW,99.0,AWW,175.0,58.0,199.0
386,Switzerland,1.5,10.0,0.08,0.04,112.80229217821329,1148.0,103.50000094261149,666.0,34.0,0.0,64.0,70.0,34.0,AWW,64.0,AWW,157.0,55.0,193.0
387,Switzerland,1.5,10.0,0.08,0.04,127.10464236936296,473.0,78.50000063903808,40.0,81.0,40.0,Inf,NaN,78.50000063903808,HARISS,78.50000063903808,HARISS,166.0,53.0,166.0
388,Switzerland,1.5,10.0,0.08,0.04,96.83617713576622,209.0,106.50000093023253,334.0,82.0,89.0,132.0,1298.0,82.0,AWW,96.83617713576622,ICU,154.0,45.0,193.0
389,Switzerland,1.5,10.0,0.08,0.04,105.57648121073566,222.0,82.50000056035312,40.0,91.0,65.0,101.0,124.0,82.50000056035312,HARISS,82.50000056035312,HARISS,161.0,60.0,210.0
390,Switzerland,1.5,10.0,0.08,0.04,126.17103713966549,641.0,134.50000039349123,1030.0,39.0,0.0,133.0,914.0,39.0,AWW,126.17103713966549,ICU,180.0,45.0,202.0
391,Switzerland,1.5,10.0,0.08,0.04,115.1590831169631,828.0,106.50000073305682,518.0,96.0,281.0,62.0,44.0,96.0,AWW,62.0,AWW,172.0,57.0,172.0
392,Switzerland,1.5,10.0,0.08,0.04,142.39220834987194,459.0,Inf,NaN,78.0,17.0,Inf,NaN,78.0,AWW,142.39220834987194,ICU,195.0,49.0,176.0
393,Switzerland,1.5,10.0,0.08,0.04,141.3951599260414,667.0,85.50000064926296,33.0,66.0,11.0,97.0,60.0,66.0,AWW,85.50000064926296,HARISS,177.0,51.0,200.0
394,Switzerland,1.5,10.0,0.08,0.04,97.41210280351044,397.0,96.50000072813442,397.0,79.0,136.0,79.0,136.0,79.0,AWW,79.0,AWW,159.0,53.0,195.0
395,Switzerland,1.5,10.0,0.08,0.04,64.07786203860752,216.0,96.50000022905783,1300.0,70.0,253.0,111.0,3030.0,64.07786203860752,ICU,64.07786203860752,ICU,152.0,48.0,193.0
396,Switzerland,1.5,10.0,0.08,0.04,124.45113902938664,1629.0,113.50000018784425,878.0,83.0,137.0,84.0,153.0,83.0,AWW,84.0,AWW,179.0,49.0,205.0
397,Switzerland,1.5,10.0,0.08,0.04,81.20215611326368,326.0,64.50000027659807,111.0,95.0,603.0,143.0,10699.0,64.50000027659807,HARISS,64.50000027659807,HARISS,196.0,42.0,188.0
398,Switzerland,1.5,10.0,0.08,0.04,135.9428255460092,2227.0,120.50000076931198,845.0,60.0,20.0,94.0,169.0,60.0,AWW,94.0,AWW,166.0,54.0,213.0
399,Switzerland,1.5,10.0,0.08,0.04,131.86098638548592,776.0,124.50000083499404,478.0,105.0,135.0,134.0,848.0,105.0,AWW,124.50000083499404,HARISS,158.0,45.0,161.0
400,Switzerland,1.5,10.0,0.08,0.04,35.365563999866076,6.0,57.50000025937421,28.0,53.0,28.0,79.0,142.0,35.365563999866076,ICU,35.365563999866076,ICU,170.0,53.0,184.0
401,Switzerland,1.5,10.0,0.08,0.04,108.14125995742852,70.0,40.500000620475724,1.0,22.0,0.0,53.0,2.0,22.0,AWW,40.500000620475724,HARISS,178.0,57.0,198.0
402,Switzerland,1.5,10.0,0.08,0.04,125.41427867871532,1376.0,78.50000083846255,47.0,97.0,195.0,129.0,1535.0,78.50000083846255,HARISS,78.50000083846255,HARISS,174.0,43.0,203.0
403,Switzerland,1.5,10.0,0.08,0.04,127.12221075351432,348.0,99.50000029303013,59.0,83.0,16.0,142.0,692.0,83.0,AWW,99.50000029303013,HARISS,166.0,48.0,179.0
404,Switzerland,1.5,10.0,0.08,0.04,84.97964096213734,31.0,117.50000091874873,112.0,42.0,6.0,100.0,48.0,42.0,AWW,84.97964096213734,ICU,152.0,51.0,202.0
405,Switzerland,1.5,10.0,0.08,0.04,96.58324657978916,38.0,Inf,NaN,73.0,19.0,39.0,0.0,73.0,AWW,39.0,AWW,159.0,41.0,204.0
406,Switzerland,1.5,10.0,0.08,0.04,140.85280424024893,110.0,Inf,NaN,69.0,3.0,125.0,38.0,69.0,AWW,125.0,AWW,162.0,50.0,181.0
407,Switzerland,1.5,10.0,0.08,0.04,109.92836553668732,227.0,117.50000035699719,315.0,69.0,21.0,127.0,520.0,69.0,AWW,109.92836553668732,ICU,184.0,54.0,175.0
408,Switzerland,1.5,10.0,0.08,0.04,103.5278540197613,1504.0,71.50000048566476,174.0,58.0,72.0,111.0,2725.0,58.0,AWW,71.50000048566476,HARISS,183.0,57.0,193.0
409,Switzerland,1.5,10.0,0.08,0.04,110.460019586464,359.0,82.50000043981653,56.0,87.0,81.0,110.0,354.0,82.50000043981653,HARISS,82.50000043981653,HARISS,206.0,48.0,183.0
410,Switzerland,1.5,10.0,0.08,0.04,136.37155913413292,918.0,127.50000061637661,469.0,90.0,31.0,113.0,162.0,90.0,AWW,113.0,AWW,147.0,53.0,185.0
411,Switzerland,1.5,10.0,0.08,0.04,113.08686739824056,294.0,99.5000000302803,114.0,71.0,14.0,143.0,1722.0,71.0,AWW,99.5000000302803,HARISS,182.0,50.0,174.0
412,Switzerland,1.5,10.0,0.08,0.04,134.63340880010622,875.0,96.50000044222256,65.0,73.0,23.0,14.0,0.0,73.0,AWW,14.0,AWW,165.0,54.0,167.0
413,Switzerland,1.5,10.0,0.08,0.04,91.23129744122159,135.0,110.50000041235978,437.0,74.0,45.0,40.0,2.0,74.0,AWW,40.0,AWW,175.0,53.0,202.0
414,Switzerland,1.5,10.0,0.08,0.04,125.90264746567956,1380.0,106.5000002010308,443.0,11.0,1.0,127.0,1394.0,11.0,AWW,106.5000002010308,HARISS,167.0,56.0,156.0
415,Switzerland,1.5,10.0,0.08,0.04,114.94241108719949,922.0,75.50000058824511,85.0,20.0,0.0,Inf,NaN,20.0,AWW,75.50000058824511,HARISS,173.0,54.0,163.0
416,Switzerland,1.5,10.0,0.08,0.04,94.64140884364834,142.0,117.50000099287273,505.0,86.0,77.0,126.0,921.0,86.0,AWW,94.64140884364834,ICU,158.0,48.0,183.0
417,Switzerland,1.5,10.0,0.08,0.04,97.79562861493723,207.0,127.50000085527057,1271.0,60.0,10.0,92.0,107.0,60.0,AWW,92.0,AWW,177.0,55.0,183.0
418,Switzerland,1.5,10.0,0.08,0.04,118.72543809889893,327.0,89.50000001739808,36.0,110.0,171.0,117.0,326.0,89.50000001739808,HARISS,89.50000001739808,HARISS,171.0,50.0,169.0
419,Switzerland,1.5,10.0,0.08,0.04,23.993269237417532,0.0,Inf,NaN,64.0,0.0,88.0,0.0,23.993269237417532,ICU,23.993269237417532,ICU,172.0,54.0,210.0
420,Switzerland,1.5,10.0,0.08,0.04,130.41195750363661,310.0,106.50000062679192,78.0,93.0,37.0,94.0,37.0,93.0,AWW,94.0,AWW,157.0,51.0,221.0
421,Switzerland,1.5,10.0,0.08,0.04,135.40241342234083,263.0,117.50000026728726,55.0,88.0,7.0,104.0,27.0,88.0,AWW,104.0,AWW,153.0,38.0,185.0
422,Switzerland,1.5,10.0,0.08,0.04,146.7728986514418,212.0,92.50000058431394,9.0,90.0,9.0,100.0,16.0,90.0,AWW,92.50000058431394,HARISS,183.0,49.0,188.0
423,Switzerland,1.5,10.0,0.08,0.04,103.77788871669412,92.0,117.50000064462805,222.0,82.0,21.0,12.0,0.0,82.0,AWW,12.0,AWW,165.0,46.0,162.0
424,Switzerland,1.5,10.0,0.08,0.04,139.21570941058954,1580.0,33.5000007730998,3.0,61.0,18.0,114.0,323.0,33.5000007730998,HARISS,33.5000007730998,HARISS,180.0,59.0,176.0
425,Switzerland,1.5,10.0,0.08,0.04,83.10931005397335,103.0,134.5000008452846,2061.0,81.0,94.0,115.0,678.0,81.0,AWW,83.10931005397335,ICU,175.0,43.0,176.0
426,Switzerland,1.5,10.0,0.08,0.04,43.65389074279988,1.0,134.50000094419303,491.0,62.0,5.0,127.0,279.0,43.65389074279988,ICU,43.65389074279988,ICU,149.0,41.0,192.0
427,Switzerland,1.5,10.0,0.08,0.04,133.94522628876018,659.0,117.50000068803556,224.0,66.0,22.0,123.0,315.0,66.0,AWW,117.50000068803556,HARISS,180.0,55.0,183.0
428,Switzerland,1.5,10.0,0.08,0.04,148.1802494401801,599.0,Inf,NaN,104.0,74.0,120.0,163.0,104.0,AWW,120.0,AWW,180.0,54.0,203.0
429,Switzerland,1.5,10.0,0.08,0.04,130.8177121717993,692.0,19.50000043262304,4.0,61.0,10.0,127.0,625.0,19.50000043262304,HARISS,19.50000043262304,HARISS,168.0,48.0,210.0
430,Switzerland,1.5,10.0,0.08,0.04,77.58668683492598,134.0,89.50000064099005,266.0,68.0,74.0,117.0,1833.0,68.0,AWW,77.58668683492598,ICU,170.0,53.0,217.0
431,Switzerland,1.5,10.0,0.08,0.04,97.97366192142741,121.0,138.5000001902535,727.0,80.0,50.0,81.0,53.0,80.0,AWW,81.0,AWW,171.0,53.0,191.0
432,Switzerland,1.5,10.0,0.08,0.04,144.30423567726604,274.0,134.50000076766267,184.0,57.0,0.0,95.0,22.0,57.0,AWW,95.0,AWW,173.0,55.0,200.0
433,Switzerland,1.5,10.0,0.08,0.04,126.38714522425518,2905.0,89.50000035981705,299.0,87.0,293.0,14.0,0.0,87.0,AWW,14.0,AWW,154.0,53.0,199.0
434,Switzerland,1.5,10.0,0.08,0.04,74.56750900933207,100.0,99.50000025299738,300.0,6.0,0.0,134.0,2133.0,6.0,AWW,74.56750900933207,ICU,157.0,49.0,181.0
435,Switzerland,1.5,10.0,0.08,0.04,87.23698049892143,638.0,71.5000005998492,249.0,22.0,3.0,101.0,1475.0,22.0,AWW,71.5000005998492,HARISS,160.0,53.0,172.0
436,Switzerland,1.5,10.0,0.08,0.04,96.39441846351727,211.0,96.50000017632846,211.0,83.0,126.0,109.0,365.0,83.0,AWW,96.39441846351727,ICU,154.0,57.0,207.0
437,Switzerland,1.5,10.0,0.08,0.04,111.89112750657672,1199.0,78.5000008062835,186.0,36.0,8.0,91.0,357.0,36.0,AWW,78.5000008062835,HARISS,164.0,49.0,179.0
438,Switzerland,1.5,10.0,0.08,0.04,137.01104386572456,1087.0,110.50000009085831,202.0,52.0,1.0,57.0,4.0,52.0,AWW,57.0,AWW,178.0,52.0,223.0
439,Switzerland,1.5,10.0,0.08,0.04,130.39986134924726,97.0,Inf,NaN,69.0,2.0,122.0,61.0,69.0,AWW,122.0,AWW,165.0,47.0,208.0
440,Switzerland,1.5,10.0,0.08,0.04,132.67857612942313,290.0,96.50000028495535,38.0,72.0,5.0,143.0,451.0,72.0,AWW,96.50000028495535,HARISS,169.0,54.0,175.0
441,Switzerland,1.5,10.0,0.08,0.04,136.4571062428245,406.0,99.5000008686404,55.0,25.0,3.0,110.0,81.0,25.0,AWW,99.5000008686404,HARISS,187.0,48.0,175.0
442,Switzerland,1.5,10.0,0.08,0.04,80.40342372125698,263.0,127.50000057059952,4447.0,96.0,688.0,96.0,688.0,80.40342372125698,ICU,80.40342372125698,ICU,194.0,51.0,188.0
443,Switzerland,1.5,10.0,0.08,0.04,99.87554701104327,98.0,Inf,NaN,73.0,16.0,114.0,178.0,73.0,AWW,99.87554701104327,ICU,169.0,61.0,185.0
444,Switzerland,1.5,10.0,0.08,0.04,142.136486828544,399.0,Inf,NaN,79.0,53.0,95.0,63.0,79.0,AWW,95.0,AWW,175.0,62.0,188.0
445,Switzerland,1.5,10.0,0.08,0.04,147.20443463795195,492.0,Inf,NaN,62.0,7.0,121.0,164.0,62.0,AWW,121.0,AWW,158.0,55.0,189.0
446,Switzerland,1.5,10.0,0.08,0.04,88.37636888978665,61.0,131.50000015404936,572.0,83.0,35.0,51.0,1.0,83.0,AWW,51.0,AWW,170.0,46.0,196.0
447,Switzerland,1.5,10.0,0.08,0.04,126.01042427905132,1405.0,99.50000069621646,337.0,21.0,0.0,124.0,1133.0,21.0,AWW,99.50000069621646,HARISS,176.0,48.0,197.0
448,Switzerland,1.5,10.0,0.08,0.04,126.21169997186776,528.0,106.50000044108661,145.0,103.0,113.0,119.0,304.0,103.0,AWW,106.50000044108661,HARISS,173.0,54.0,210.0
449,Switzerland,1.5,10.0,0.08,0.04,115.63588517338692,349.0,117.50000012007636,356.0,35.0,1.0,137.0,1165.0,35.0,AWW,115.63588517338692,ICU,180.0,48.0,188.0
450,Switzerland,1.5,10.0,0.08,0.04,130.2062677791556,977.0,110.50000095929826,331.0,77.0,45.0,39.0,5.0,77.0,AWW,39.0,AWW,188.0,45.0,179.0
451,Switzerland,1.5,10.0,0.08,0.04,84.86456370468825,600.0,96.5000001331728,1095.0,96.0,1088.0,136.0,12030.0,84.86456370468825,ICU,84.86456370468825,ICU,171.0,61.0,208.0
452,Switzerland,1.5,10.0,0.08,0.04,141.99133619587468,654.0,124.50000008881607,245.0,40.0,6.0,132.0,384.0,40.0,AWW,124.50000008881607,HARISS,178.0,50.0,201.0
453,Switzerland,1.5,10.0,0.08,0.04,107.54781643435615,827.0,50.50000053846845,19.0,7.0,0.0,108.0,835.0,7.0,AWW,50.50000053846845,HARISS,153.0,48.0,207.0
454,Switzerland,1.5,10.0,0.08,0.04,112.4829722741284,224.0,138.50000077606288,1262.0,54.0,7.0,108.0,199.0,54.0,AWW,108.0,AWW,182.0,57.0,179.0
455,Switzerland,1.5,10.0,0.08,0.04,140.61145964559617,1143.0,124.50000039104897,432.0,64.0,13.0,115.0,241.0,64.0,AWW,115.0,AWW,184.0,57.0,196.0
456,Switzerland,1.5,10.0,0.08,0.04,60.20105513211704,87.0,85.50000029928515,301.0,53.0,48.0,128.0,4751.0,53.0,AWW,60.20105513211704,ICU,162.0,60.0,176.0
457,Switzerland,1.5,10.0,0.08,0.04,88.69622458441286,115.0,113.50000088109171,331.0,61.0,8.0,77.0,40.0,61.0,AWW,77.0,AWW,180.0,60.0,207.0
458,Switzerland,1.5,10.0,0.08,0.04,115.88430704749582,446.0,110.50000066052472,272.0,42.0,4.0,109.0,272.0,42.0,AWW,109.0,AWW,154.0,49.0,175.0
459,Switzerland,1.5,10.0,0.08,0.04,127.9826062036526,1106.0,89.50000059074249,107.0,90.0,107.0,61.0,16.0,89.50000059074249,HARISS,61.0,AWW,179.0,39.0,239.0
460,Switzerland,1.5,10.0,0.08,0.04,112.79466068580989,864.0,103.50000067360136,481.0,104.0,482.0,37.0,3.0,103.50000067360136,HARISS,37.0,AWW,174.0,46.0,203.0
461,Switzerland,1.5,10.0,0.08,0.04,151.1927550380329,599.0,113.50000010245371,115.0,107.0,81.0,121.0,187.0,107.0,AWW,113.50000010245371,HARISS,171.0,46.0,202.0
462,Switzerland,1.5,10.0,0.08,0.04,112.01077346193529,70.0,82.50000099229877,19.0,103.0,42.0,136.0,259.0,82.50000099229877,HARISS,82.50000099229877,HARISS,206.0,67.0,194.0
463,Switzerland,1.5,10.0,0.08,0.04,4.829540641633093,3.0,Inf,NaN,58.0,3.0,113.0,3.0,4.829540641633093,ICU,4.829540641633093,ICU,184.0,49.0,187.0
464,Switzerland,1.5,10.0,0.08,0.04,143.5654526681957,618.0,106.50000055152745,108.0,106.0,108.0,107.0,108.0,106.0,AWW,106.50000055152745,HARISS,166.0,32.0,204.0
465,Switzerland,1.5,10.0,0.08,0.04,105.77315569828251,713.0,75.50000085559618,134.0,18.0,0.0,111.0,977.0,18.0,AWW,75.50000085559618,HARISS,168.0,56.0,197.0
466,Switzerland,1.5,10.0,0.08,0.04,125.76557568698765,106.0,110.50000081004008,47.0,69.0,15.0,132.0,136.0,69.0,AWW,110.50000081004008,HARISS,166.0,47.0,198.0
467,Switzerland,1.5,10.0,0.08,0.04,122.70881648552991,1120.0,75.50000085017274,85.0,81.0,138.0,96.0,247.0,75.50000085017274,HARISS,75.50000085017274,HARISS,148.0,41.0,193.0
468,Switzerland,1.5,10.0,0.08,0.04,102.7733708872852,61.0,127.50000061473351,130.0,77.0,18.0,135.0,205.0,77.0,AWW,102.7733708872852,ICU,195.0,53.0,172.0
469,Switzerland,1.5,10.0,0.08,0.04,121.01186080787916,141.0,106.5000000662459,55.0,82.0,23.0,138.0,356.0,82.0,AWW,106.5000000662459,HARISS,178.0,51.0,163.0
470,Switzerland,1.5,10.0,0.08,0.04,95.92375267366226,204.0,89.50000083953901,137.0,95.0,204.0,24.0,0.0,89.50000083953901,HARISS,24.0,AWW,161.0,63.0,202.0
471,Switzerland,1.5,10.0,0.08,0.04,147.5424647000406,199.0,127.50000032799272,80.0,78.0,3.0,133.0,128.0,78.0,AWW,127.50000032799272,HARISS,172.0,57.0,198.0
472,Switzerland,1.5,10.0,0.08,0.04,113.5076021422298,365.0,96.5000000899467,106.0,100.0,119.0,122.0,548.0,96.5000000899467,HARISS,96.5000000899467,HARISS,163.0,44.0,214.0
473,Switzerland,1.5,10.0,0.08,0.04,135.09090316827934,100.0,Inf,NaN,41.0,0.0,126.0,59.0,41.0,AWW,126.0,AWW,164.0,39.0,209.0
474,Switzerland,1.5,10.0,0.08,0.04,131.05429931875645,50.0,Inf,NaN,46.0,22.0,46.0,22.0,46.0,AWW,46.0,AWW,172.0,56.0,191.0
475,Switzerland,1.5,10.0,0.08,0.04,97.18567125860258,627.0,89.50000010407976,378.0,68.0,107.0,107.0,1091.0,68.0,AWW,89.50000010407976,HARISS,164.0,49.0,190.0
476,Switzerland,1.5,10.0,0.08,0.04,145.71444955045996,221.0,85.50000026134703,19.0,78.0,15.0,103.0,29.0,78.0,AWW,85.50000026134703,HARISS,158.0,53.0,181.0
477,Switzerland,1.5,10.0,0.08,0.04,152.2044171280215,259.0,Inf,NaN,59.0,16.0,123.0,116.0,59.0,AWW,123.0,AWW,156.0,50.0,186.0
478,Switzerland,1.5,10.0,0.08,0.04,115.87990200143688,1083.0,106.50000082804728,648.0,102.0,413.0,31.0,1.0,102.0,AWW,31.0,AWW,167.0,57.0,187.0
479,Switzerland,1.5,10.0,0.08,0.04,110.07620125332674,312.0,134.50000093460537,1280.0,60.0,16.0,119.0,543.0,60.0,AWW,110.07620125332674,ICU,175.0,41.0,179.0
480,Switzerland,1.5,10.0,0.08,0.04,116.60756398902218,153.0,78.5000000426673,12.0,50.0,3.0,16.0,0.0,50.0,AWW,16.0,AWW,193.0,61.0,186.0
481,Switzerland,1.5,10.0,0.08,0.04,98.21614395467176,347.0,92.50000005672028,251.0,40.0,13.0,49.0,21.0,40.0,AWW,49.0,AWW,155.0,57.0,175.0
482,Switzerland,1.5,10.0,0.08,0.04,141.50528500707864,633.0,124.50000097376254,170.0,42.0,1.0,110.0,90.0,42.0,AWW,110.0,AWW,166.0,52.0,170.0
483,Switzerland,1.5,10.0,0.08,0.04,145.31019112305864,741.0,106.50000042664253,114.0,98.0,62.0,139.0,685.0,98.0,AWW,106.50000042664253,HARISS,180.0,45.0,196.0
484,Switzerland,1.5,10.0,0.08,0.04,150.2941115908814,435.0,124.50000058324486,154.0,102.0,65.0,116.0,113.0,102.0,AWW,116.0,AWW,154.0,54.0,181.0
485,Switzerland,1.5,10.0,0.08,0.04,142.16723325594253,256.0,138.50000007630493,208.0,104.0,19.0,137.0,173.0,104.0,AWW,137.0,AWW,161.0,48.0,183.0
486,Switzerland,1.5,10.0,0.08,0.04,109.93478121657537,484.0,131.50000050079572,1667.0,83.0,85.0,84.0,98.0,83.0,AWW,84.0,AWW,174.0,47.0,192.0
487,Switzerland,1.5,10.0,0.08,0.04,108.23930078103001,524.0,113.50000079130852,604.0,86.0,130.0,87.0,149.0,86.0,AWW,87.0,AWW,172.0,58.0,178.0
488,Switzerland,1.5,10.0,0.08,0.04,79.32474165479198,364.0,110.50000016515153,2061.0,76.0,245.0,95.0,737.0,76.0,AWW,79.32474165479198,ICU,174.0,57.0,193.0
489,Switzerland,1.5,10.0,0.08,0.04,93.43565172020568,271.0,106.50000009164643,487.0,41.0,8.0,67.0,40.0,41.0,AWW,67.0,AWW,165.0,43.0,216.0
490,Switzerland,1.5,10.0,0.08,0.04,154.30349509805137,159.0,Inf,NaN,93.0,13.0,109.0,26.0,93.0,AWW,109.0,AWW,162.0,39.0,221.0
491,Switzerland,1.5,10.0,0.08,0.04,100.74709009190308,303.0,61.500000245139645,31.0,92.0,171.0,42.0,9.0,61.500000245139645,HARISS,42.0,AWW,187.0,46.0,188.0
492,Switzerland,1.5,10.0,0.08,0.04,147.14689488629634,3012.0,99.50000083232943,253.0,76.0,82.0,134.0,2043.0,76.0,AWW,99.50000083232943,HARISS,188.0,58.0,170.0
493,Switzerland,1.5,10.0,0.08,0.04,112.29482978169946,53.0,117.50000048064773,57.0,90.0,15.0,122.0,96.0,90.0,AWW,112.29482978169946,ICU,167.0,51.0,185.0
494,Switzerland,1.5,10.0,0.08,0.04,106.6229438891055,590.0,75.50000073004017,106.0,55.0,31.0,117.0,1011.0,55.0,AWW,75.50000073004017,HARISS,176.0,48.0,181.0
495,Switzerland,1.5,10.0,0.08,0.04,110.35873075960197,361.0,127.50000009796912,996.0,79.0,61.0,30.0,5.0,79.0,AWW,30.0,AWW,179.0,54.0,197.0
496,Switzerland,1.5,10.0,0.08,0.04,133.06718955351434,136.0,Inf,NaN,45.0,2.0,14.0,1.0,45.0,AWW,14.0,AWW,180.0,54.0,199.0
497,Switzerland,1.5,10.0,0.08,0.04,123.7121868863824,1197.0,71.5000007472369,58.0,93.0,202.0,93.0,202.0,71.5000007472369,HARISS,71.5000007472369,HARISS,163.0,38.0,201.0
498,Switzerland,1.5,10.0,0.08,0.04,135.6946776176534,280.0,Inf,NaN,95.0,24.0,102.0,41.0,95.0,AWW,102.0,AWW,168.0,62.0,215.0
499,Switzerland,1.5,10.0,0.08,0.04,114.93422402734039,664.0,106.5000005453025,426.0,61.0,39.0,127.0,1248.0,61.0,AWW,106.5000005453025,HARISS,171.0,55.0,203.0
500,Switzerland,1.5,10.0,0.08,0.04,129.86087474118477,2403.0,103.50000094392017,540.0,40.0,8.0,91.0,261.0,40.0,AWW,91.0,AWW,177.0,54.0,200.0
501,Switzerland,1.5,10.0,0.08,0.04,138.95597354022445,940.0,92.50000047628686,43.0,50.0,13.0,110.0,149.0,50.0,AWW,92.50000047628686,HARISS,175.0,65.0,208.0
502,Switzerland,1.5,10.0,0.08,0.04,72.15472059619641,210.0,75.50000067270967,237.0,51.0,52.0,75.0,223.0,51.0,AWW,72.15472059619641,ICU,172.0,49.0,194.0
503,Switzerland,1.5,10.0,0.08,0.04,134.26921229801212,653.0,96.50000001398969,53.0,84.0,29.0,121.0,219.0,84.0,AWW,96.50000001398969,HARISS,180.0,56.0,197.0
504,Switzerland,1.5,10.0,0.08,0.04,150.79797669708987,621.0,124.50000069935203,190.0,26.0,0.0,123.0,188.0,26.0,AWW,123.0,AWW,183.0,49.0,226.0
505,Switzerland,1.5,10.0,0.08,0.04,104.958182262431,57.0,127.50000049291052,222.0,47.0,2.0,124.0,196.0,47.0,AWW,104.958182262431,ICU,174.0,43.0,197.0
506,Switzerland,1.5,10.0,0.08,0.04,72.50431678499193,21.0,134.500000667018,904.0,91.0,54.0,128.0,529.0,72.50431678499193,ICU,72.50431678499193,ICU,180.0,60.0,194.0
507,Switzerland,1.5,10.0,0.08,0.04,116.00987659913247,2383.0,71.50000003694502,155.0,45.0,16.0,64.0,76.0,45.0,AWW,64.0,AWW,189.0,44.0,198.0
508,Switzerland,1.5,10.0,0.08,0.04,124.80367423280946,619.0,110.50000032561032,226.0,76.0,28.0,134.0,1067.0,76.0,AWW,110.50000032561032,HARISS,176.0,63.0,160.0
509,Switzerland,1.5,10.0,0.08,0.04,113.59115587258935,293.0,106.50000014260847,163.0,88.0,50.0,102.0,158.0,88.0,AWW,102.0,AWW,170.0,48.0,188.0
510,Switzerland,1.5,10.0,0.08,0.04,103.16524414399677,324.0,120.50000012394717,836.0,57.0,9.0,131.0,1593.0,57.0,AWW,103.16524414399677,ICU,165.0,53.0,202.0
511,Switzerland,1.5,10.0,0.08,0.04,107.78738153448782,311.0,138.50000066672922,1788.0,102.0,195.0,122.0,581.0,102.0,AWW,107.78738153448782,ICU,164.0,52.0,194.0
512,Switzerland,1.5,10.0,0.08,0.04,33.537890409796404,4.0,Inf,NaN,32.0,3.0,81.0,5.0,32.0,AWW,33.537890409796404,ICU,186.0,42.0,185.0
513,Switzerland,1.5,10.0,0.08,0.04,138.34289696126282,1589.0,113.50000054943618,384.0,84.0,75.0,85.0,76.0,84.0,AWW,85.0,AWW,173.0,42.0,206.0
514,Switzerland,1.5,10.0,0.08,0.04,151.57881970720112,650.0,113.50000080361895,89.0,59.0,2.0,59.0,2.0,59.0,AWW,59.0,AWW,186.0,41.0,192.0
515,Switzerland,1.5,10.0,0.08,0.04,100.92044101174044,106.0,99.50000011037339,106.0,77.0,38.0,132.0,662.0,77.0,AWW,99.50000011037339,HARISS,193.0,49.0,185.0
516,Switzerland,1.5,10.0,0.08,0.04,87.24155624044646,418.0,75.50000001828926,210.0,62.0,87.0,99.0,876.0,62.0,AWW,75.50000001828926,HARISS,167.0,55.0,184.0
517,Switzerland,1.5,10.0,0.08,0.04,98.61067416376666,88.0,131.5000002179035,737.0,66.0,18.0,110.0,195.0,66.0,AWW,98.61067416376666,ICU,180.0,45.0,172.0
518,Switzerland,1.5,10.0,0.08,0.04,51.80325412417433,5.0,124.50000071571414,16.0,3.0,0.0,132.0,18.0,3.0,AWW,51.80325412417433,ICU,161.0,55.0,195.0
519,Switzerland,1.5,10.0,0.08,0.04,147.34100426044776,536.0,54.50000085176845,7.0,81.0,28.0,134.0,369.0,54.50000085176845,HARISS,54.50000085176845,HARISS,177.0,48.0,174.0
520,Switzerland,1.5,10.0,0.08,0.04,81.59904723430117,77.0,124.50000030935499,681.0,61.0,28.0,75.0,46.0,61.0,AWW,75.0,AWW,183.0,61.0,199.0
521,Switzerland,1.5,10.0,0.08,0.04,129.48976655720355,3595.0,54.50000059869778,26.0,90.0,327.0,117.0,1528.0,54.50000059869778,HARISS,54.50000059869778,HARISS,164.0,60.0,197.0
522,Switzerland,1.5,10.0,0.08,0.04,151.09579101109304,943.0,92.50000002310874,57.0,42.0,7.0,124.0,355.0,42.0,AWW,92.50000002310874,HARISS,177.0,43.0,210.0
523,Switzerland,1.5,10.0,0.08,0.04,137.77305699691433,444.0,Inf,NaN,76.0,11.0,Inf,NaN,76.0,AWW,137.77305699691433,ICU,160.0,51.0,190.0
524,Switzerland,1.5,10.0,0.08,0.04,56.712202320390894,21.0,110.50000024037921,641.0,83.0,106.0,93.0,216.0,56.712202320390894,ICU,56.712202320390894,ICU,181.0,56.0,199.0
525,Switzerland,1.5,10.0,0.08,0.04,113.47906700337991,132.0,110.50000040001726,89.0,82.0,32.0,30.0,6.0,82.0,AWW,30.0,AWW,171.0,43.0,183.0
526,Switzerland,1.5,10.0,0.08,0.04,98.48334924969411,133.0,103.50000041822233,160.0,46.0,6.0,Inf,NaN,46.0,AWW,98.48334924969411,ICU,161.0,44.0,174.0
527,Switzerland,1.5,10.0,0.08,0.04,101.57908019961481,70.0,124.50000097624618,295.0,73.0,7.0,92.0,36.0,73.0,AWW,92.0,AWW,153.0,60.0,189.0
528,Switzerland,1.5,10.0,0.08,0.04,118.75623548478694,229.0,103.50000030407983,77.0,75.0,14.0,85.0,22.0,75.0,AWW,85.0,AWW,194.0,55.0,212.0
529,Switzerland,1.5,10.0,0.08,0.04,124.6673956159052,125.0,120.5000008174188,80.0,52.0,2.0,113.0,58.0,52.0,AWW,113.0,AWW,170.0,59.0,184.0
530,Switzerland,1.5,10.0,0.08,0.04,96.93143274375821,597.0,106.50000004207702,1071.0,69.0,75.0,100.0,645.0,69.0,AWW,96.93143274375821,ICU,147.0,52.0,209.0
531,Switzerland,1.5,10.0,0.08,0.04,95.09327362934997,129.0,92.50000011086769,102.0,99.0,155.0,Inf,NaN,92.50000011086769,HARISS,92.50000011086769,HARISS,173.0,41.0,187.0
532,Switzerland,1.5,10.0,0.08,0.04,109.70001475256736,620.0,113.50000092516612,686.0,72.0,60.0,130.0,2265.0,72.0,AWW,109.70001475256736,ICU,196.0,44.0,197.0
533,Switzerland,1.5,10.0,0.08,0.04,83.16995612695798,144.0,110.500000623306,812.0,60.0,41.0,83.0,144.0,60.0,AWW,83.0,AWW,161.0,52.0,201.0
534,Switzerland,1.5,10.0,0.08,0.04,150.74886258482468,375.0,131.50000030275467,226.0,75.0,17.0,131.0,221.0,75.0,AWW,131.0,AWW,153.0,48.0,200.0
535,Switzerland,1.5,10.0,0.08,0.04,147.75983228193226,605.0,131.50000014460895,328.0,98.0,41.0,113.0,86.0,98.0,AWW,113.0,AWW,147.0,48.0,177.0
536,Switzerland,1.5,10.0,0.08,0.04,96.68717981986006,1071.0,96.5000000026577,1069.0,42.0,35.0,128.0,6317.0,42.0,AWW,96.5000000026577,HARISS,212.0,51.0,179.0
537,Switzerland,1.5,10.0,0.08,0.04,132.96857948102323,840.0,89.50000058022032,48.0,85.0,42.0,100.0,91.0,85.0,AWW,89.50000058022032,HARISS,180.0,56.0,215.0
538,Switzerland,1.5,10.0,0.08,0.04,121.0782702753972,517.0,96.50000025866922,147.0,66.0,22.0,130.0,832.0,66.0,AWW,96.50000025866922,HARISS,167.0,53.0,179.0
539,Switzerland,1.5,10.0,0.08,0.04,124.1790087698807,1406.0,99.50000067326029,215.0,78.0,38.0,78.0,38.0,78.0,AWW,78.0,AWW,149.0,59.0,196.0
540,Switzerland,1.5,10.0,0.08,0.04,96.24849563879448,2066.0,64.50000085284687,331.0,55.0,183.0,59.0,211.0,55.0,AWW,59.0,AWW,172.0,45.0,195.0
541,Switzerland,1.5,10.0,0.08,0.04,126.79540654409122,45.0,Inf,NaN,70.0,2.0,113.0,28.0,70.0,AWW,113.0,AWW,169.0,63.0,196.0
542,Switzerland,1.5,10.0,0.08,0.04,154.97950684290777,131.0,Inf,NaN,100.0,8.0,108.0,12.0,100.0,AWW,108.0,AWW,179.0,49.0,182.0
543,Switzerland,1.5,10.0,0.08,0.04,153.78882139477537,663.0,Inf,NaN,19.0,0.0,120.0,201.0,19.0,AWW,120.0,AWW,185.0,43.0,159.0
544,Switzerland,1.5,10.0,0.08,0.04,127.85740945818367,95.0,127.50000071496194,95.0,104.0,39.0,53.0,3.0,104.0,AWW,53.0,AWW,168.0,44.0,206.0
545,Switzerland,1.5,10.0,0.08,0.04,116.73731211783436,372.0,106.5000002725654,212.0,80.0,34.0,124.0,586.0,80.0,AWW,106.5000002725654,HARISS,178.0,53.0,218.0
546,Switzerland,1.5,10.0,0.08,0.04,138.0686693042015,821.0,89.50000079392969,41.0,116.0,240.0,138.0,821.0,89.50000079392969,HARISS,89.50000079392969,HARISS,169.0,38.0,188.0
547,Switzerland,1.5,10.0,0.08,0.04,126.33296137911414,52.0,Inf,NaN,11.0,0.0,137.0,96.0,11.0,AWW,126.33296137911414,ICU,179.0,50.0,161.0
548,Switzerland,1.5,10.0,0.08,0.04,109.28000733219777,773.0,117.50000033267014,1403.0,75.0,109.0,114.0,1180.0,75.0,AWW,109.28000733219777,ICU,155.0,58.0,207.0
549,Switzerland,1.5,10.0,0.08,0.04,39.81952569341393,21.0,78.50000046290346,146.0,39.0,20.0,116.0,1208.0,39.0,AWW,39.81952569341393,ICU,164.0,50.0,190.0
550,Switzerland,1.5,10.0,0.08,0.04,146.35447978158132,1493.0,106.50000027133741,215.0,72.0,21.0,9.0,0.0,72.0,AWW,9.0,AWW,145.0,56.0,180.0
551,Switzerland,1.5,10.0,0.08,0.04,64.63270717547337,82.0,110.50000086047066,687.0,92.0,274.0,103.0,523.0,64.63270717547337,ICU,64.63270717547337,ICU,164.0,38.0,218.0
552,Switzerland,1.5,10.0,0.08,0.04,134.14073594538843,90.0,138.5000009317782,90.0,73.0,18.0,127.0,62.0,73.0,AWW,127.0,AWW,167.0,51.0,194.0
553,Switzerland,1.5,10.0,0.08,0.04,104.99631569648487,698.0,75.50000062248881,132.0,112.0,1083.0,129.0,2838.0,75.50000062248881,HARISS,75.50000062248881,HARISS,161.0,49.0,178.0
554,Switzerland,1.5,10.0,0.08,0.04,92.06154127979441,390.0,85.50000029688245,212.0,84.0,206.0,137.0,6302.0,84.0,AWW,85.50000029688245,HARISS,138.0,64.0,195.0
555,Switzerland,1.5,10.0,0.08,0.04,96.74461503443996,855.0,85.5000006228606,464.0,74.0,242.0,106.0,1538.0,74.0,AWW,85.5000006228606,HARISS,173.0,56.0,184.0
556,Switzerland,1.5,10.0,0.08,0.04,154.53085538654977,787.0,71.50000098900503,26.0,11.0,0.0,135.0,467.0,11.0,AWW,71.50000098900503,HARISS,180.0,48.0,207.0
557,Switzerland,1.5,10.0,0.08,0.04,132.7038083728586,177.0,134.5000009870538,181.0,48.0,0.0,102.0,47.0,48.0,AWW,102.0,AWW,161.0,52.0,188.0
558,Switzerland,1.5,10.0,0.08,0.04,141.57880855944956,250.0,Inf,NaN,109.0,40.0,Inf,NaN,109.0,AWW,141.57880855944956,ICU,169.0,53.0,194.0
559,Switzerland,1.5,10.0,0.08,0.04,102.52875916383954,133.0,106.50000047857712,138.0,45.0,1.0,75.0,10.0,45.0,AWW,75.0,AWW,168.0,50.0,205.0
560,Switzerland,1.5,10.0,0.08,0.04,127.01755757474469,359.0,120.50000000802304,237.0,21.0,0.0,Inf,NaN,21.0,AWW,120.50000000802304,HARISS,165.0,60.0,197.0
561,Switzerland,1.5,10.0,0.08,0.04,145.5324813474067,265.0,127.50000046547521,129.0,77.0,32.0,122.0,116.0,77.0,AWW,122.0,AWW,182.0,41.0,205.0
562,Switzerland,1.5,10.0,0.08,0.04,138.73924214070874,468.0,Inf,NaN,74.0,15.0,25.0,0.0,74.0,AWW,25.0,AWW,159.0,38.0,191.0
563,Switzerland,1.5,10.0,0.08,0.04,92.30495629537926,39.0,117.50000000904082,120.0,109.0,83.0,110.0,91.0,92.30495629537926,ICU,92.30495629537926,ICU,175.0,49.0,184.0
564,Switzerland,1.5,10.0,0.08,0.04,121.71886306544587,2368.0,96.5000003993732,459.0,80.0,156.0,107.0,914.0,80.0,AWW,96.5000003993732,HARISS,188.0,57.0,176.0
565,Switzerland,1.5,10.0,0.08,0.04,114.79988473148096,297.0,117.50000024753453,310.0,124.0,491.0,140.0,1111.0,114.79988473148096,ICU,114.79988473148096,ICU,159.0,52.0,186.0
566,Switzerland,1.5,10.0,0.08,0.04,107.08307422834052,1034.0,106.50000025752888,988.0,87.0,264.0,118.0,1966.0,87.0,AWW,106.50000025752888,HARISS,194.0,42.0,207.0
567,Switzerland,1.5,10.0,0.08,0.04,110.37773520665719,679.0,92.50000060193267,246.0,35.0,5.0,112.0,698.0,35.0,AWW,92.50000060193267,HARISS,165.0,41.0,185.0
568,Switzerland,1.5,10.0,0.08,0.04,5.490899174390685,6.0,Inf,NaN,46.0,6.0,8.0,6.0,5.490899174390685,ICU,5.490899174390685,ICU,166.0,56.0,180.0
569,Switzerland,1.5,10.0,0.08,0.04,75.80668927875601,104.0,57.500000197919356,32.0,93.0,279.0,103.0,466.0,57.500000197919356,HARISS,57.500000197919356,HARISS,147.0,48.0,208.0
570,Switzerland,1.5,10.0,0.08,0.04,101.6259760383877,341.0,103.50000056133356,351.0,83.0,80.0,123.0,1239.0,83.0,AWW,101.6259760383877,ICU,166.0,51.0,200.0
571,Switzerland,1.5,10.0,0.08,0.04,106.02724292956108,54.0,138.5000009533698,277.0,73.0,8.0,125.0,149.0,73.0,AWW,106.02724292956108,ICU,157.0,36.0,184.0
572,Switzerland,1.5,10.0,0.08,0.04,37.46322354755777,14.0,Inf,NaN,85.0,14.0,109.0,14.0,37.46322354755777,ICU,37.46322354755777,ICU,172.0,65.0,194.0
573,Switzerland,1.5,10.0,0.08,0.04,124.7797828790954,50.0,127.50000052231599,50.0,65.0,10.0,122.0,37.0,65.0,AWW,122.0,AWW,182.0,57.0,179.0
574,Switzerland,1.5,10.0,0.08,0.04,137.94575000942208,775.0,110.50000073731181,155.0,90.0,55.0,122.0,279.0,90.0,AWW,110.50000073731181,HARISS,185.0,45.0,188.0
575,Switzerland,1.5,10.0,0.08,0.04,124.48987945523001,3454.0,43.50000083077022,32.0,29.0,11.0,123.0,3317.0,29.0,AWW,43.50000083077022,HARISS,176.0,54.0,190.0
576,Switzerland,1.5,10.0,0.08,0.04,53.16022553104826,3.0,Inf,NaN,14.0,0.0,15.0,0.0,14.0,AWW,15.0,AWW,171.0,56.0,179.0
577,Switzerland,1.5,10.0,0.08,0.04,80.27392172819106,259.0,96.50000097958383,704.0,78.0,200.0,110.0,1600.0,78.0,AWW,80.27392172819106,ICU,185.0,50.0,186.0
578,Switzerland,1.5,10.0,0.08,0.04,87.45181705956823,129.0,96.50000030402428,224.0,74.0,64.0,103.0,305.0,74.0,AWW,87.45181705956823,ICU,155.0,61.0,191.0
579,Switzerland,1.5,10.0,0.08,0.04,83.74036521428195,463.0,85.5000005321944,468.0,59.0,110.0,59.0,110.0,59.0,AWW,59.0,AWW,184.0,42.0,192.0
580,Switzerland,1.5,10.0,0.08,0.04,118.05612305457137,294.0,120.50000008774262,298.0,99.0,71.0,122.0,306.0,99.0,AWW,118.05612305457137,ICU,179.0,54.0,168.0
581,Switzerland,1.5,10.0,0.08,0.04,125.55878449234119,2263.0,127.5000006344643,2405.0,63.0,35.0,81.0,96.0,63.0,AWW,81.0,AWW,177.0,51.0,175.0
582,Switzerland,1.5,10.0,0.08,0.04,75.49725809529953,144.0,110.5000008433008,872.0,26.0,1.0,108.0,787.0,26.0,AWW,75.49725809529953,ICU,196.0,41.0,161.0
583,Switzerland,1.5,10.0,0.08,0.04,106.7809935722681,41.0,Inf,NaN,114.0,58.0,115.0,69.0,106.7809935722681,ICU,106.7809935722681,ICU,165.0,48.0,196.0
584,Switzerland,1.5,10.0,0.08,0.04,101.48495404968749,1046.0,75.5000008107567,224.0,45.0,39.0,117.0,2139.0,45.0,AWW,75.5000008107567,HARISS,190.0,43.0,175.0
585,Switzerland,1.5,10.0,0.08,0.04,87.49384594477615,178.0,110.50000022782007,537.0,74.0,86.0,70.0,67.0,74.0,AWW,70.0,AWW,168.0,48.0,208.0
586,Switzerland,1.5,10.0,0.08,0.04,81.19621140450515,259.0,113.50000001456472,1263.0,43.0,38.0,91.0,423.0,43.0,AWW,81.19621140450515,ICU,178.0,60.0,186.0
587,Switzerland,1.5,10.0,0.08,0.04,60.873030088677766,159.0,82.50000006765788,635.0,25.0,6.0,47.0,50.0,25.0,AWW,47.0,AWW,158.0,63.0,198.0
588,Switzerland,1.5,10.0,0.08,0.04,131.87700622898257,225.0,134.5000007420182,230.0,57.0,33.0,100.0,82.0,57.0,AWW,100.0,AWW,176.0,55.0,199.0
589,Switzerland,1.5,10.0,0.08,0.04,122.29670303652696,259.0,124.50000024245021,265.0,58.0,5.0,130.0,429.0,58.0,AWW,122.29670303652696,ICU,144.0,41.0,189.0
590,Switzerland,1.5,10.0,0.08,0.04,107.0995847298566,264.0,96.50000099806228,135.0,96.0,135.0,123.0,874.0,96.0,AWW,96.50000099806228,HARISS,176.0,55.0,201.0
591,Switzerland,1.5,10.0,0.08,0.04,145.78906319094062,290.0,127.50000009722812,151.0,46.0,0.0,96.0,34.0,46.0,AWW,96.0,AWW,154.0,55.0,210.0
592,Switzerland,1.5,10.0,0.08,0.04,11.983296722619407,9.0,Inf,NaN,31.0,9.0,121.0,9.0,11.983296722619407,ICU,11.983296722619407,ICU,179.0,55.0,200.0
593,Switzerland,1.5,10.0,0.08,0.04,150.8476851119759,808.0,99.50000099351743,96.0,71.0,21.0,123.0,264.0,71.0,AWW,99.50000099351743,HARISS,149.0,53.0,202.0
594,Switzerland,1.5,10.0,0.08,0.04,83.75686605104207,706.0,47.50000015665947,96.0,54.0,156.0,117.0,4529.0,47.50000015665947,HARISS,47.50000015665947,HARISS,169.0,51.0,213.0
595,Switzerland,1.5,10.0,0.08,0.04,135.9444753543948,205.0,Inf,NaN,87.0,25.0,123.0,123.0,87.0,AWW,123.0,AWW,185.0,47.0,211.0
596,Switzerland,1.5,10.0,0.08,0.04,97.09457003638533,537.0,99.50000007345794,569.0,61.0,29.0,106.0,994.0,61.0,AWW,97.09457003638533,ICU,152.0,63.0,173.0
597,Switzerland,1.5,10.0,0.08,0.04,116.04749630438371,1068.0,110.50000025002134,686.0,35.0,9.0,141.0,4468.0,35.0,AWW,110.50000025002134,HARISS,163.0,45.0,182.0
598,Switzerland,1.5,10.0,0.08,0.04,91.21423030629418,83.0,124.50000068393916,532.0,45.0,0.0,97.0,113.0,45.0,AWW,91.21423030629418,ICU,190.0,47.0,202.0
599,Switzerland,1.5,10.0,0.08,0.04,103.82279466320911,125.0,99.5000000091298,87.0,87.0,57.0,115.0,254.0,87.0,AWW,99.5000000091298,HARISS,143.0,50.0,181.0
600,Switzerland,1.5,10.0,0.08,0.04,138.40699995406587,668.0,110.50000042479866,121.0,87.0,29.0,133.0,441.0,87.0,AWW,110.50000042479866,HARISS,158.0,50.0,183.0
601,Switzerland,1.5,10.0,0.08,0.04,128.689270088875,519.0,120.50000050123481,325.0,68.0,16.0,18.0,0.0,68.0,AWW,18.0,AWW,148.0,54.0,208.0
602,Switzerland,1.5,10.0,0.08,0.04,116.95307793880107,307.0,92.50000060205379,73.0,75.0,18.0,131.0,611.0,75.0,AWW,92.50000060205379,HARISS,159.0,54.0,194.0
603,Switzerland,1.5,10.0,0.08,0.04,75.74850862708303,15.0,Inf,NaN,59.0,5.0,118.0,82.0,59.0,AWW,75.74850862708303,ICU,207.0,48.0,198.0
604,Switzerland,1.5,10.0,0.08,0.04,116.43315568879719,1097.0,50.50000047657581,15.0,47.0,15.0,134.0,2918.0,47.0,AWW,50.50000047657581,HARISS,165.0,51.0,188.0
605,Switzerland,1.5,10.0,0.08,0.04,86.60457807120328,16.0,138.50000040402963,260.0,68.0,9.0,120.0,67.0,68.0,AWW,86.60457807120328,ICU,192.0,66.0,183.0
606,Switzerland,1.5,10.0,0.08,0.04,80.50470308255865,206.0,40.50000091421765,12.0,94.0,469.0,95.0,536.0,40.50000091421765,HARISS,40.50000091421765,HARISS,156.0,36.0,175.0
607,Switzerland,1.5,10.0,0.08,0.04,99.32114990160007,40.0,61.500000509936996,4.0,55.0,2.0,102.0,40.0,55.0,AWW,61.500000509936996,HARISS,153.0,60.0,214.0
608,Switzerland,1.5,10.0,0.08,0.04,77.79993217691349,135.0,82.50000078203922,141.0,98.0,354.0,110.0,671.0,77.79993217691349,ICU,77.79993217691349,ICU,183.0,55.0,187.0
609,Switzerland,1.5,10.0,0.08,0.04,146.44467584694334,613.0,127.50000060198688,305.0,63.0,6.0,140.0,581.0,63.0,AWW,127.50000060198688,HARISS,175.0,46.0,192.0
610,Switzerland,1.5,10.0,0.08,0.04,86.68303418417963,100.0,Inf,NaN,74.0,64.0,90.0,106.0,74.0,AWW,86.68303418417963,ICU,183.0,48.0,180.0
611,Switzerland,1.5,10.0,0.08,0.04,73.99935641260066,140.0,106.50000055859773,1014.0,43.0,14.0,134.0,5663.0,43.0,AWW,73.99935641260066,ICU,165.0,29.0,195.0
612,Switzerland,1.5,10.0,0.08,0.04,85.71687265925537,24.0,Inf,NaN,12.0,0.0,126.0,113.0,12.0,AWW,85.71687265925537,ICU,163.0,43.0,198.0
613,Switzerland,1.5,10.0,0.08,0.04,91.26162669798313,254.0,71.50000006670649,72.0,39.0,12.0,39.0,12.0,39.0,AWW,39.0,AWW,165.0,84.0,205.0
614,Switzerland,1.5,10.0,0.08,0.04,122.92998498247304,914.0,131.50000024388387,1365.0,57.0,10.0,119.0,662.0,57.0,AWW,119.0,AWW,162.0,45.0,201.0
615,Switzerland,1.5,10.0,0.08,0.04,114.29485330649179,256.0,134.500000865876,822.0,81.0,47.0,113.0,256.0,81.0,AWW,113.0,AWW,154.0,66.0,195.0
616,Switzerland,1.5,10.0,0.08,0.04,128.50560241210627,967.0,33.50000059281601,14.0,38.0,16.0,39.0,16.0,33.50000059281601,HARISS,33.50000059281601,HARISS,171.0,57.0,189.0
617,Switzerland,1.5,10.0,0.08,0.04,102.51766587006132,1123.0,75.50000041336044,236.0,63.0,106.0,115.0,2604.0,63.0,AWW,75.50000041336044,HARISS,170.0,58.0,162.0
618,Switzerland,1.5,10.0,0.08,0.04,107.16667759211148,674.0,82.50000059954414,141.0,66.0,72.0,89.0,223.0,66.0,AWW,82.50000059954414,HARISS,182.0,51.0,187.0
619,Switzerland,1.5,10.0,0.08,0.04,120.50095068595792,657.0,110.50000025305842,373.0,48.0,6.0,132.0,1246.0,48.0,AWW,110.50000025305842,HARISS,160.0,54.0,202.0
620,Switzerland,1.5,10.0,0.08,0.04,116.01581748011188,1450.0,89.5000009162483,242.0,60.0,44.0,98.0,446.0,60.0,AWW,89.5000009162483,HARISS,182.0,56.0,196.0
621,Switzerland,1.5,10.0,0.08,0.04,140.95848231119115,1905.0,120.50000096108938,526.0,59.0,0.0,124.0,625.0,59.0,AWW,120.50000096108938,HARISS,174.0,52.0,183.0
622,Switzerland,1.5,10.0,0.08,0.04,119.82660966714052,763.0,110.50000088892662,366.0,79.0,35.0,109.0,366.0,79.0,AWW,109.0,AWW,160.0,44.0,210.0
623,Switzerland,1.5,10.0,0.08,0.04,102.69628379138848,157.0,134.50000070815315,915.0,59.0,17.0,8.0,0.0,59.0,AWW,8.0,AWW,180.0,40.0,176.0
624,Switzerland,1.5,10.0,0.08,0.04,116.57240880580292,635.0,89.50000083072602,103.0,94.0,139.0,130.0,1215.0,89.50000083072602,HARISS,89.50000083072602,HARISS,168.0,54.0,181.0
625,Switzerland,1.5,10.0,0.08,0.04,67.89748613582974,46.0,99.50000013225369,226.0,47.0,7.0,35.0,2.0,47.0,AWW,35.0,AWW,187.0,44.0,176.0
626,Switzerland,1.5,10.0,0.08,0.04,114.25991916211882,1329.0,99.50000083207544,538.0,39.0,5.0,127.0,2702.0,39.0,AWW,99.50000083207544,HARISS,169.0,39.0,186.0
627,Switzerland,1.5,10.0,0.08,0.04,141.84533012671082,431.0,131.50000091241472,262.0,69.0,7.0,121.0,152.0,69.0,AWW,121.0,AWW,190.0,54.0,179.0
628,Switzerland,1.5,10.0,0.08,0.04,122.60039008186565,435.0,71.50000035806215,15.0,48.0,0.0,117.0,292.0,48.0,AWW,71.50000035806215,HARISS,161.0,47.0,187.0
629,Switzerland,1.5,10.0,0.08,0.04,115.37328684125563,474.0,106.50000050055839,262.0,88.0,85.0,75.0,48.0,88.0,AWW,75.0,AWW,174.0,43.0,182.0
630,Switzerland,1.5,10.0,0.08,0.04,132.19507863624003,387.0,134.50000069016912,388.0,51.0,9.0,121.0,236.0,51.0,AWW,121.0,AWW,160.0,46.0,178.0
631,Switzerland,1.5,10.0,0.08,0.04,131.7319654120647,2452.0,113.5000007607824,755.0,117.0,875.0,28.0,0.0,113.5000007607824,HARISS,28.0,AWW,172.0,51.0,194.0
632,Switzerland,1.5,10.0,0.08,0.04,83.4650591170707,706.0,33.50000080859027,32.0,90.0,1131.0,117.0,5161.0,33.50000080859027,HARISS,33.50000080859027,HARISS,149.0,46.0,195.0
633,Switzerland,1.5,10.0,0.08,0.04,148.881599335291,229.0,113.50000026275816,29.0,98.0,18.0,118.0,49.0,98.0,AWW,113.50000026275816,HARISS,163.0,63.0,192.0
634,Switzerland,1.5,10.0,0.08,0.04,97.59923892325003,431.0,71.5000009490807,89.0,25.0,6.0,113.0,839.0,25.0,AWW,71.5000009490807,HARISS,164.0,50.0,206.0
635,Switzerland,1.5,10.0,0.08,0.04,88.55282538797422,384.0,99.50000086745035,711.0,85.0,360.0,109.0,1296.0,85.0,AWW,88.55282538797422,ICU,177.0,50.0,179.0
636,Switzerland,1.5,10.0,0.08,0.04,91.83697229925686,401.0,110.50000033375836,1255.0,92.0,402.0,128.0,3156.0,91.83697229925686,ICU,91.83697229925686,ICU,181.0,50.0,183.0
637,Switzerland,1.5,10.0,0.08,0.04,133.3019917750344,1890.0,127.50000049571368,1219.0,89.0,148.0,33.0,11.0,89.0,AWW,33.0,AWW,163.0,44.0,206.0
638,Switzerland,1.5,10.0,0.08,0.04,115.6074442707125,153.0,64.50000008564436,10.0,47.0,3.0,107.0,88.0,47.0,AWW,64.50000008564436,HARISS,177.0,40.0,201.0
639,Switzerland,1.5,10.0,0.08,0.04,9.191290623650799,11.0,Inf,NaN,84.0,11.0,113.0,11.0,9.191290623650799,ICU,9.191290623650799,ICU,178.0,65.0,203.0
640,Switzerland,1.5,10.0,0.08,0.04,131.8575669108734,603.0,61.500000564388394,8.0,68.0,22.0,134.0,613.0,61.500000564388394,HARISS,61.500000564388394,HARISS,163.0,37.0,193.0
641,Switzerland,1.5,10.0,0.08,0.04,119.1861660650533,899.0,127.50000008418846,1601.0,46.0,9.0,140.0,3153.0,46.0,AWW,119.1861660650533,ICU,156.0,47.0,187.0
642,Switzerland,1.5,10.0,0.08,0.04,113.60244361759219,433.0,127.50000052724542,829.0,84.0,78.0,115.0,451.0,84.0,AWW,113.60244361759219,ICU,186.0,51.0,213.0
643,Switzerland,1.5,10.0,0.08,0.04,131.71786140917987,143.0,Inf,NaN,57.0,4.0,Inf,NaN,57.0,AWW,131.71786140917987,ICU,167.0,56.0,178.0
644,Switzerland,1.5,10.0,0.08,0.04,125.14758544737727,233.0,106.50000087011024,62.0,102.0,59.0,117.0,142.0,102.0,AWW,106.50000087011024,HARISS,167.0,66.0,214.0
645,Switzerland,1.5,10.0,0.08,0.04,93.95939061953227,21.0,138.50000090428495,104.0,61.0,1.0,61.0,1.0,61.0,AWW,61.0,AWW,170.0,46.0,191.0
646,Switzerland,1.5,10.0,0.08,0.04,123.20874373702085,822.0,96.50000066811224,175.0,85.0,91.0,86.0,97.0,85.0,AWW,86.0,AWW,168.0,57.0,186.0
647,Switzerland,1.5,10.0,0.08,0.04,120.45570369849052,628.0,61.50000003369172,31.0,21.0,1.0,119.0,601.0,21.0,AWW,61.50000003369172,HARISS,160.0,67.0,188.0
648,Switzerland,1.5,10.0,0.08,0.04,126.70979647122289,46.0,Inf,NaN,22.0,1.0,94.0,11.0,22.0,AWW,94.0,AWW,162.0,58.0,179.0
649,Switzerland,1.5,10.0,0.08,0.04,16.791627391599445,5.0,103.5000003645337,763.0,37.0,20.0,122.0,2183.0,16.791627391599445,ICU,16.791627391599445,ICU,187.0,55.0,200.0
650,Switzerland,1.5,10.0,0.08,0.04,87.69879585754136,543.0,89.50000052268938,614.0,82.0,409.0,128.0,6069.0,82.0,AWW,87.69879585754136,ICU,160.0,43.0,184.0
651,Switzerland,1.5,10.0,0.08,0.04,114.01865308888277,719.0,124.50000051863368,1363.0,97.0,248.0,127.0,1628.0,97.0,AWW,114.01865308888277,ICU,183.0,52.0,185.0
652,Switzerland,1.5,10.0,0.08,0.04,126.18067363831847,335.0,117.50000068601855,187.0,75.0,28.0,Inf,NaN,75.0,AWW,117.50000068601855,HARISS,188.0,52.0,191.0
653,Switzerland,1.5,10.0,0.08,0.04,53.595920857645886,0.0,Inf,NaN,70.0,0.0,88.0,0.0,53.595920857645886,ICU,53.595920857645886,ICU,153.0,62.0,190.0
654,Switzerland,1.5,10.0,0.08,0.04,120.84854399632552,1242.0,92.50000012122344,214.0,28.0,0.0,29.0,0.0,28.0,AWW,29.0,AWW,161.0,56.0,192.0
655,Switzerland,1.5,10.0,0.08,0.04,152.62035179824204,183.0,Inf,NaN,75.0,22.0,76.0,22.0,75.0,AWW,76.0,AWW,188.0,60.0,212.0
656,Switzerland,1.5,10.0,0.08,0.04,142.84315936718835,467.0,117.50000068554345,97.0,111.0,79.0,120.0,110.0,111.0,AWW,117.50000068554345,HARISS,179.0,61.0,170.0
657,Switzerland,1.5,10.0,0.08,0.04,151.5101743333796,139.0,Inf,NaN,75.0,19.0,120.0,68.0,75.0,AWW,120.0,AWW,159.0,52.0,200.0
658,Switzerland,1.5,10.0,0.08,0.04,98.50560828797035,402.0,110.50000076276294,802.0,54.0,7.0,96.0,305.0,54.0,AWW,96.0,AWW,135.0,58.0,181.0
659,Switzerland,1.5,10.0,0.08,0.04,120.52600606454446,847.0,113.50000085039882,630.0,79.0,55.0,12.0,0.0,79.0,AWW,12.0,AWW,171.0,66.0,200.0
660,Switzerland,1.5,10.0,0.08,0.04,110.4031305746791,1023.0,92.50000004847168,312.0,23.0,3.0,113.0,1114.0,23.0,AWW,92.50000004847168,HARISS,160.0,58.0,191.0
661,Switzerland,1.5,10.0,0.08,0.04,153.1220316120407,217.0,Inf,NaN,72.0,22.0,119.0,80.0,72.0,AWW,119.0,AWW,180.0,50.0,171.0
662,Switzerland,1.5,10.0,0.08,0.04,147.8399727771143,262.0,127.50000034997564,112.0,41.0,1.0,140.0,225.0,41.0,AWW,127.50000034997564,HARISS,177.0,66.0,174.0
663,Switzerland,1.5,10.0,0.08,0.04,89.50548337058191,667.0,78.50000087587901,371.0,16.0,3.0,131.0,7590.0,16.0,AWW,78.50000087587901,HARISS,155.0,62.0,210.0
664,Switzerland,1.5,10.0,0.08,0.04,103.83036908879232,374.0,96.50000007638431,219.0,98.0,232.0,129.0,1358.0,96.50000007638431,HARISS,96.50000007638431,HARISS,185.0,39.0,197.0
665,Switzerland,1.5,10.0,0.08,0.04,142.43562336104958,195.0,138.5000008483964,139.0,107.0,38.0,136.0,134.0,107.0,AWW,136.0,AWW,167.0,42.0,173.0
666,Switzerland,1.5,10.0,0.08,0.04,122.97589461711729,119.0,124.50000068781213,120.0,77.0,53.0,104.0,71.0,77.0,AWW,104.0,AWW,157.0,50.0,191.0
667,Switzerland,1.5,10.0,0.08,0.04,100.97658069425334,437.0,75.50000039874709,61.0,80.0,111.0,124.0,1652.0,75.50000039874709,HARISS,75.50000039874709,HARISS,159.0,48.0,194.0
668,Switzerland,1.5,10.0,0.08,0.04,104.89073971869408,175.0,96.50000039686275,115.0,78.0,49.0,111.0,220.0,78.0,AWW,96.50000039686275,HARISS,145.0,54.0,177.0
669,Switzerland,1.5,10.0,0.08,0.04,80.5119675238563,77.0,124.50000029058037,918.0,54.0,8.0,105.0,284.0,54.0,AWW,80.5119675238563,ICU,162.0,60.0,180.0
670,Switzerland,1.5,10.0,0.08,0.04,82.10370658942345,514.0,43.50000030747743,39.0,108.0,2179.0,117.0,3640.0,43.50000030747743,HARISS,43.50000030747743,HARISS,171.0,63.0,181.0
671,Switzerland,1.5,10.0,0.08,0.04,117.30845937466654,187.0,Inf,NaN,75.0,14.0,103.0,70.0,75.0,AWW,103.0,AWW,176.0,64.0,187.0
672,Switzerland,1.5,10.0,0.08,0.04,118.5926385054271,159.0,Inf,NaN,21.0,0.0,41.0,0.0,21.0,AWW,41.0,AWW,173.0,56.0,200.0
673,Switzerland,1.5,10.0,0.08,0.04,126.32987592141886,696.0,127.50000018984998,731.0,42.0,0.0,42.0,0.0,42.0,AWW,42.0,AWW,166.0,55.0,173.0
674,Switzerland,1.5,10.0,0.08,0.04,104.48919489638749,59.0,Inf,NaN,33.0,0.0,5.0,0.0,33.0,AWW,5.0,AWW,151.0,38.0,175.0
675,Switzerland,1.5,10.0,0.08,0.04,152.58842953124878,116.0,Inf,NaN,52.0,0.0,91.0,15.0,52.0,AWW,91.0,AWW,152.0,54.0,202.0
676,Switzerland,1.5,10.0,0.08,0.04,93.62175732210149,13.0,Inf,NaN,85.0,9.0,130.0,76.0,85.0,AWW,93.62175732210149,ICU,176.0,58.0,183.0
677,Switzerland,1.5,10.0,0.08,0.04,142.62736202954702,413.0,Inf,NaN,43.0,0.0,88.0,24.0,43.0,AWW,88.0,AWW,158.0,50.0,179.0
678,Switzerland,1.5,10.0,0.08,0.04,128.56122368326862,41.0,Inf,NaN,28.0,2.0,101.0,13.0,28.0,AWW,101.0,AWW,169.0,57.0,200.0
679,Switzerland,1.5,10.0,0.08,0.04,16.73334017558612,0.0,Inf,NaN,63.0,0.0,98.0,0.0,16.73334017558612,ICU,16.73334017558612,ICU,178.0,56.0,202.0
680,Switzerland,1.5,10.0,0.08,0.04,81.30504823201956,193.0,75.50000003135678,116.0,60.0,47.0,60.0,47.0,60.0,AWW,60.0,AWW,167.0,58.0,200.0
681,Switzerland,1.5,10.0,0.08,0.04,47.58467337371066,41.0,110.50000038044656,1342.0,61.0,82.0,122.0,2670.0,47.58467337371066,ICU,47.58467337371066,ICU,184.0,54.0,184.0
682,Switzerland,1.5,10.0,0.08,0.04,125.2109981069844,133.0,Inf,NaN,95.0,19.0,95.0,19.0,95.0,AWW,95.0,AWW,153.0,59.0,197.0
683,Switzerland,1.5,10.0,0.08,0.04,115.9002624200211,565.0,117.50000013034213,573.0,97.0,149.0,123.0,970.0,97.0,AWW,115.9002624200211,ICU,187.0,62.0,188.0
684,Switzerland,1.5,10.0,0.08,0.04,138.61558406797252,406.0,110.50000018526191,106.0,79.0,19.0,Inf,NaN,79.0,AWW,110.50000018526191,HARISS,192.0,38.0,164.0
685,Switzerland,1.5,10.0,0.08,0.04,148.08794178913192,1957.0,99.5000005800299,167.0,25.0,1.0,103.0,202.0,25.0,AWW,99.5000005800299,HARISS,167.0,52.0,206.0
686,Switzerland,1.5,10.0,0.08,0.04,91.08663318707707,56.0,127.50000070457774,459.0,74.0,19.0,Inf,NaN,74.0,AWW,91.08663318707707,ICU,162.0,52.0,178.0
687,Switzerland,1.5,10.0,0.08,0.04,67.30878637769209,101.0,96.50000034941593,862.0,42.0,20.0,42.0,20.0,42.0,AWW,42.0,AWW,163.0,52.0,203.0
688,Switzerland,1.5,10.0,0.08,0.04,139.38259030555568,902.0,110.5000005029019,136.0,27.0,0.0,64.0,5.0,27.0,AWW,64.0,AWW,156.0,51.0,184.0
689,Switzerland,1.5,10.0,0.08,0.04,82.96316269829397,24.0,Inf,NaN,32.0,0.0,123.0,151.0,32.0,AWW,82.96316269829397,ICU,208.0,48.0,201.0
690,Switzerland,1.5,10.0,0.08,0.04,116.1945541221694,1009.0,82.50000094885901,125.0,113.0,751.0,114.0,837.0,82.50000094885901,HARISS,82.50000094885901,HARISS,177.0,50.0,181.0
691,Switzerland,1.5,10.0,0.08,0.04,116.00937390548631,353.0,82.50000049490713,33.0,66.0,8.0,17.0,0.0,66.0,AWW,17.0,AWW,167.0,61.0,192.0
692,Switzerland,1.5,10.0,0.08,0.04,104.01035221433321,291.0,113.50000039501593,522.0,59.0,7.0,127.0,1031.0,59.0,AWW,104.01035221433321,ICU,172.0,39.0,209.0
693,Switzerland,1.5,10.0,0.08,0.04,122.5132599220407,594.0,134.50000048519823,1187.0,29.0,7.0,125.0,635.0,29.0,AWW,122.5132599220407,ICU,167.0,52.0,187.0
694,Switzerland,1.5,10.0,0.08,0.04,59.86863162751381,95.0,85.50000000538914,297.0,64.0,97.0,78.0,216.0,59.86863162751381,ICU,59.86863162751381,ICU,183.0,42.0,191.0
695,Switzerland,1.5,10.0,0.08,0.04,80.3959558307882,99.0,92.50000008838916,210.0,84.0,112.0,102.0,384.0,80.3959558307882,ICU,80.3959558307882,ICU,165.0,58.0,196.0
696,Switzerland,1.5,10.0,0.08,0.04,73.02282405344417,5.0,50.500000629507774,2.0,93.0,12.0,139.0,113.0,50.500000629507774,HARISS,50.500000629507774,HARISS,158.0,54.0,217.0
697,Switzerland,1.5,10.0,0.08,0.04,70.62073693850358,78.0,92.50000012909452,290.0,57.0,28.0,143.0,6125.0,57.0,AWW,70.62073693850358,ICU,181.0,48.0,188.0
698,Switzerland,1.5,10.0,0.08,0.04,89.49611560795935,165.0,89.50000067448183,165.0,66.0,41.0,109.0,522.0,66.0,AWW,89.49611560795935,ICU,142.0,56.0,187.0
699,Switzerland,1.5,10.0,0.08,0.04,151.3666708411572,632.0,134.50000065766892,411.0,67.0,18.0,120.0,240.0,67.0,AWW,120.0,AWW,178.0,46.0,188.0
700,Switzerland,1.5,10.0,0.08,0.04,137.78353210084236,511.0,Inf,NaN,83.0,35.0,143.0,535.0,83.0,AWW,137.78353210084236,ICU,147.0,53.0,179.0
701,Switzerland,1.5,10.0,0.08,0.04,111.89771137943727,146.0,92.50000069846816,63.0,43.0,8.0,43.0,8.0,43.0,AWW,43.0,AWW,185.0,49.0,185.0
702,Switzerland,1.5,10.0,0.08,0.04,93.15959106879629,323.0,103.50000086551248,598.0,68.0,46.0,130.0,3226.0,68.0,AWW,93.15959106879629,ICU,191.0,52.0,194.0
703,Switzerland,1.5,10.0,0.08,0.04,104.69631547612957,89.0,124.50000094284108,340.0,63.0,10.0,118.0,189.0,63.0,AWW,104.69631547612957,ICU,150.0,61.0,212.0
704,Switzerland,1.5,10.0,0.08,0.04,97.19623625284814,134.0,110.5000000306471,271.0,23.0,0.0,86.0,64.0,23.0,AWW,86.0,AWW,148.0,56.0,187.0
705,Switzerland,1.5,10.0,0.08,0.04,120.32706579779277,279.0,Inf,NaN,62.0,9.0,44.0,3.0,62.0,AWW,44.0,AWW,160.0,52.0,201.0
706,Switzerland,1.5,10.0,0.08,0.04,86.68327038366067,534.0,82.50000045702062,352.0,109.0,1984.0,136.0,8818.0,82.50000045702062,HARISS,82.50000045702062,HARISS,157.0,50.0,190.0
707,Switzerland,1.5,10.0,0.08,0.04,126.16775160364173,207.0,120.50000067226937,134.0,81.0,10.0,82.0,11.0,81.0,AWW,82.0,AWW,175.0,48.0,192.0
708,Switzerland,1.5,10.0,0.08,0.04,119.4314841342984,92.0,113.50000018713278,53.0,64.0,11.0,65.0,11.0,64.0,AWW,65.0,AWW,183.0,56.0,186.0
709,Switzerland,1.5,10.0,0.08,0.04,50.888800787311474,53.0,64.50000048295551,84.0,37.0,13.0,87.0,252.0,37.0,AWW,50.888800787311474,ICU,173.0,51.0,208.0
710,Switzerland,1.5,10.0,0.08,0.04,122.31213891248201,2497.0,82.50000015606064,283.0,97.0,522.0,41.0,19.0,82.50000015606064,HARISS,41.0,AWW,175.0,56.0,194.0
711,Switzerland,1.5,10.0,0.08,0.04,121.75626769872906,616.0,96.50000011754618,94.0,57.0,8.0,68.0,13.0,57.0,AWW,68.0,AWW,177.0,60.0,191.0
712,Switzerland,1.5,10.0,0.08,0.04,88.99937618725158,23.0,120.50000073234227,186.0,17.0,0.0,68.0,6.0,17.0,AWW,68.0,AWW,185.0,49.0,193.0
713,Switzerland,1.5,10.0,0.08,0.04,116.61311129985756,360.0,96.50000012784122,112.0,30.0,0.0,79.0,35.0,30.0,AWW,79.0,AWW,176.0,60.0,185.0
714,Switzerland,1.5,10.0,0.08,0.04,41.068164110362645,17.0,103.50000002969813,689.0,47.0,22.0,35.0,7.0,41.068164110362645,ICU,35.0,AWW,156.0,48.0,211.0
715,Switzerland,1.5,10.0,0.08,0.04,110.94174697969531,463.0,120.50000093506344,831.0,68.0,17.0,134.0,1796.0,68.0,AWW,110.94174697969531,ICU,148.0,54.0,197.0
716,Switzerland,1.5,10.0,0.08,0.04,99.89882277329107,670.0,92.50000042516872,369.0,106.0,831.0,128.0,3144.0,92.50000042516872,HARISS,92.50000042516872,HARISS,160.0,65.0,182.0
717,Switzerland,1.5,10.0,0.08,0.04,21.464654936252888,1.0,Inf,NaN,96.0,1.0,140.0,1.0,21.464654936252888,ICU,21.464654936252888,ICU,172.0,52.0,175.0
718,Switzerland,1.5,10.0,0.08,0.04,149.1215280771122,168.0,92.5000001625272,14.0,94.0,15.0,141.0,167.0,92.5000001625272,HARISS,92.5000001625272,HARISS,180.0,55.0,190.0
719,Switzerland,1.5,10.0,0.08,0.04,149.0710766976784,418.0,68.50000050825517,15.0,91.0,24.0,20.0,1.0,68.50000050825517,HARISS,20.0,AWW,189.0,58.0,188.0
720,Switzerland,1.5,10.0,0.08,0.04,83.65052658633498,27.0,85.500000267745,27.0,71.0,22.0,138.0,222.0,71.0,AWW,83.65052658633498,ICU,175.0,56.0,206.0
721,Switzerland,1.5,10.0,0.08,0.04,115.07137005733013,791.0,96.50000058066695,237.0,96.0,234.0,125.0,1434.0,96.0,AWW,96.50000058066695,HARISS,188.0,51.0,192.0
722,Switzerland,1.5,10.0,0.08,0.04,76.13171250257919,268.0,92.50000062627481,791.0,60.0,114.0,61.0,118.0,60.0,AWW,61.0,AWW,173.0,43.0,212.0
723,Switzerland,1.5,10.0,0.08,0.04,148.8328192123586,403.0,134.50000092390604,298.0,76.0,7.0,58.0,3.0,76.0,AWW,58.0,AWW,165.0,54.0,187.0
724,Switzerland,1.5,10.0,0.08,0.04,111.08222424587849,410.0,113.50000035517098,415.0,68.0,27.0,108.0,346.0,68.0,AWW,108.0,AWW,176.0,55.0,191.0
725,Switzerland,1.5,10.0,0.08,0.04,118.2315993585841,1058.0,103.50000095476548,381.0,86.0,164.0,112.0,649.0,86.0,AWW,103.50000095476548,HARISS,173.0,42.0,201.0
726,Switzerland,1.5,10.0,0.08,0.04,92.68094810559276,2959.0,75.50000003146772,956.0,78.0,1007.0,85.0,1781.0,75.50000003146772,HARISS,75.50000003146772,HARISS,158.0,49.0,189.0
727,Switzerland,1.5,10.0,0.08,0.04,96.35069838417913,244.0,78.50000057097733,61.0,56.0,8.0,112.0,606.0,56.0,AWW,78.50000057097733,HARISS,182.0,50.0,188.0
728,Switzerland,1.5,10.0,0.08,0.04,122.55812979710296,163.0,Inf,NaN,96.0,29.0,97.0,36.0,96.0,AWW,97.0,AWW,148.0,47.0,162.0
729,Switzerland,1.5,10.0,0.08,0.04,75.10203007662243,70.0,89.5000001013057,125.0,54.0,16.0,49.0,7.0,54.0,AWW,49.0,AWW,166.0,48.0,190.0
730,Switzerland,1.5,10.0,0.08,0.04,95.36566726756384,79.0,Inf,NaN,65.0,19.0,93.0,70.0,65.0,AWW,93.0,AWW,166.0,51.0,186.0
731,Switzerland,1.5,10.0,0.08,0.04,104.73783264229522,131.0,117.50000089381085,201.0,89.0,48.0,113.0,188.0,89.0,AWW,104.73783264229522,ICU,140.0,59.0,176.0
732,Switzerland,1.5,10.0,0.08,0.04,58.6705482810104,51.0,99.50000065112789,455.0,113.0,899.0,121.0,1425.0,58.6705482810104,ICU,58.6705482810104,ICU,160.0,59.0,171.0
733,Switzerland,1.5,10.0,0.08,0.04,109.83087126581574,512.0,71.50000050413384,59.0,79.0,95.0,113.0,533.0,71.50000050413384,HARISS,71.50000050413384,HARISS,168.0,49.0,176.0
734,Switzerland,1.5,10.0,0.08,0.04,125.82999387870568,963.0,117.50000048389857,500.0,44.0,3.0,101.0,147.0,44.0,AWW,101.0,AWW,176.0,55.0,213.0
735,Switzerland,1.5,10.0,0.08,0.04,92.73320296420677,68.0,120.5000007511769,480.0,111.0,262.0,116.0,312.0,92.73320296420677,ICU,92.73320296420677,ICU,149.0,58.0,202.0
736,Switzerland,1.5,10.0,0.08,0.04,145.09386059893217,448.0,120.50000061307043,122.0,25.0,0.0,138.0,368.0,25.0,AWW,120.50000061307043,HARISS,176.0,54.0,185.0
737,Switzerland,1.5,10.0,0.08,0.04,142.17975607917688,1156.0,103.50000011458444,146.0,60.0,7.0,125.0,428.0,60.0,AWW,103.50000011458444,HARISS,169.0,50.0,216.0
738,Switzerland,1.5,10.0,0.08,0.04,145.844137630323,69.0,71.50000063577167,20.0,28.0,0.0,114.0,29.0,28.0,AWW,71.50000063577167,HARISS,170.0,46.0,182.0
739,Switzerland,1.5,10.0,0.08,0.04,65.54320513212849,25.0,120.50000062607106,267.0,42.0,9.0,47.0,11.0,42.0,AWW,47.0,AWW,170.0,53.0,186.0
740,Switzerland,1.5,10.0,0.08,0.04,73.58905667814211,178.0,96.5000001784842,634.0,46.0,27.0,139.0,7191.0,46.0,AWW,73.58905667814211,ICU,176.0,56.0,188.0
741,Switzerland,1.5,10.0,0.08,0.04,97.185726422969,522.0,78.50000007073028,151.0,55.0,36.0,127.0,2988.0,55.0,AWW,78.50000007073028,HARISS,165.0,37.0,207.0
742,Switzerland,1.5,10.0,0.08,0.04,152.0644437905331,417.0,131.50000061600002,241.0,77.0,11.0,87.0,19.0,77.0,AWW,87.0,AWW,163.0,50.0,200.0
743,Switzerland,1.5,10.0,0.08,0.04,146.05985860053107,112.0,Inf,NaN,11.0,0.0,114.0,47.0,11.0,AWW,114.0,AWW,172.0,54.0,176.0
744,Switzerland,1.5,10.0,0.08,0.04,114.2558474496615,160.0,134.50000022140213,498.0,62.0,26.0,141.0,750.0,62.0,AWW,114.2558474496615,ICU,182.0,53.0,183.0
745,Switzerland,1.5,10.0,0.08,0.04,68.69632901770396,6.0,Inf,NaN,59.0,1.0,Inf,NaN,59.0,AWW,68.69632901770396,ICU,176.0,48.0,190.0
746,Switzerland,1.5,10.0,0.08,0.04,140.8280496698522,262.0,54.50000086469686,2.0,37.0,0.0,118.0,81.0,37.0,AWW,54.50000086469686,HARISS,177.0,41.0,179.0
747,Switzerland,1.5,10.0,0.08,0.04,85.77564844920904,153.0,99.50000069724885,305.0,79.0,97.0,80.0,97.0,79.0,AWW,80.0,AWW,163.0,66.0,188.0
748,Switzerland,1.5,10.0,0.08,0.04,131.7167064046862,1061.0,124.5000007396132,588.0,49.0,8.0,94.0,96.0,49.0,AWW,94.0,AWW,178.0,54.0,181.0
749,Switzerland,1.5,10.0,0.08,0.04,94.24326531412589,721.0,85.50000076799088,379.0,94.0,715.0,115.0,2401.0,85.50000076799088,HARISS,85.50000076799088,HARISS,164.0,50.0,192.0
750,Switzerland,1.5,10.0,0.08,0.04,112.97278041703392,321.0,117.50000078010551,352.0,85.0,49.0,125.0,633.0,85.0,AWW,112.97278041703392,ICU,171.0,53.0,227.0
751,Switzerland,1.5,10.0,0.08,0.04,85.11062164638453,218.0,103.50000083616979,713.0,81.0,174.0,121.0,2021.0,81.0,AWW,85.11062164638453,ICU,169.0,43.0,206.0
752,Switzerland,1.5,10.0,0.08,0.04,101.49270551142328,490.0,75.50000087472625,96.0,44.0,9.0,108.0,613.0,44.0,AWW,75.50000087472625,HARISS,156.0,42.0,191.0
753,Switzerland,1.5,10.0,0.08,0.04,137.13520690586208,298.0,40.50000091729286,0.0,70.0,11.0,105.0,63.0,40.50000091729286,HARISS,40.50000091729286,HARISS,182.0,54.0,215.0
754,Switzerland,1.5,10.0,0.08,0.04,147.32621108874713,300.0,Inf,NaN,80.0,12.0,98.0,31.0,80.0,AWW,98.0,AWW,161.0,43.0,207.0
755,Switzerland,1.5,10.0,0.08,0.04,91.178938596297,200.0,Inf,NaN,58.0,11.0,89.0,197.0,58.0,AWW,89.0,AWW,163.0,39.0,172.0
756,Switzerland,1.5,10.0,0.08,0.04,116.57039907005708,985.0,68.50000014855979,73.0,46.0,17.0,89.0,194.0,46.0,AWW,68.50000014855979,HARISS,165.0,43.0,166.0
757,Switzerland,1.5,10.0,0.08,0.04,136.58845514216634,142.0,96.50000067369254,23.0,36.0,0.0,98.0,23.0,36.0,AWW,96.50000067369254,HARISS,189.0,67.0,181.0
758,Switzerland,1.5,10.0,0.08,0.04,12.56965161568448,2.0,Inf,NaN,13.0,2.0,53.0,5.0,12.56965161568448,ICU,12.56965161568448,ICU,181.0,52.0,193.0
759,Switzerland,1.5,10.0,0.08,0.04,151.74927118270605,619.0,117.50000052696574,164.0,70.0,8.0,126.0,241.0,70.0,AWW,117.50000052696574,HARISS,167.0,60.0,173.0
760,Switzerland,1.5,10.0,0.08,0.04,105.7643306496915,1460.0,85.50000093681604,434.0,47.0,42.0,122.0,3385.0,47.0,AWW,85.50000093681604,HARISS,178.0,48.0,184.0
761,Switzerland,1.5,10.0,0.08,0.04,13.412875545578855,10.0,Inf,NaN,68.0,28.0,139.0,28.0,13.412875545578855,ICU,13.412875545578855,ICU,183.0,46.0,196.0
762,Switzerland,1.5,10.0,0.08,0.04,44.11017235661717,1.0,Inf,NaN,64.0,1.0,140.0,1.0,44.11017235661717,ICU,44.11017235661717,ICU,178.0,58.0,193.0
763,Switzerland,1.5,10.0,0.08,0.04,134.39197174552078,436.0,134.50000069446128,436.0,94.0,46.0,122.0,221.0,94.0,AWW,122.0,AWW,193.0,54.0,195.0
764,Switzerland,1.5,10.0,0.08,0.04,109.03675840355325,164.0,134.50000042214123,518.0,65.0,15.0,101.0,108.0,65.0,AWW,101.0,AWW,173.0,52.0,197.0
765,Switzerland,1.5,10.0,0.08,0.04,89.58274324534162,108.0,120.5000006943112,811.0,82.0,51.0,45.0,2.0,82.0,AWW,45.0,AWW,168.0,54.0,165.0
766,Switzerland,1.5,10.0,0.08,0.04,147.21950651786477,203.0,138.5000003910267,170.0,89.0,28.0,115.0,71.0,89.0,AWW,115.0,AWW,197.0,57.0,178.0
767,Switzerland,1.5,10.0,0.08,0.04,52.349456179638345,133.0,96.50000048216835,1617.0,83.0,862.0,84.0,882.0,52.349456179638345,ICU,52.349456179638345,ICU,150.0,67.0,164.0
768,Switzerland,1.5,10.0,0.08,0.04,85.86462400274284,393.0,75.50000087568998,221.0,55.0,62.0,95.0,692.0,55.0,AWW,75.50000087568998,HARISS,176.0,39.0,202.0
769,Switzerland,1.5,10.0,0.08,0.04,30.47878318633306,18.0,103.50000057018231,896.0,105.0,920.0,117.0,2050.0,30.47878318633306,ICU,30.47878318633306,ICU,185.0,48.0,183.0
770,Switzerland,1.5,10.0,0.08,0.04,102.84753728594819,555.0,103.50000094198435,556.0,52.0,17.0,59.0,26.0,52.0,AWW,59.0,AWW,185.0,55.0,182.0
771,Switzerland,1.5,10.0,0.08,0.04,95.69917051659772,1090.0,71.50000058735604,229.0,59.0,111.0,120.0,4770.0,59.0,AWW,71.50000058735604,HARISS,158.0,53.0,198.0
772,Switzerland,1.5,10.0,0.08,0.04,116.97909407583558,1189.0,103.50000055018558,438.0,35.0,6.0,102.0,383.0,35.0,AWW,102.0,AWW,158.0,59.0,201.0
773,Switzerland,1.5,10.0,0.08,0.04,99.72836790371178,41.0,Inf,NaN,61.0,15.0,69.0,18.0,61.0,AWW,69.0,AWW,156.0,40.0,196.0
774,Switzerland,1.5,10.0,0.08,0.04,99.95691656543337,160.0,120.50000047264898,629.0,93.0,85.0,102.0,164.0,93.0,AWW,99.95691656543337,ICU,176.0,58.0,199.0
775,Switzerland,1.5,10.0,0.08,0.04,43.84691483816406,4.0,Inf,NaN,97.0,6.0,58.0,6.0,43.84691483816406,ICU,43.84691483816406,ICU,169.0,58.0,189.0
776,Switzerland,1.5,10.0,0.08,0.04,41.182382920965786,1.0,Inf,NaN,55.0,1.0,81.0,1.0,41.182382920965786,ICU,41.182382920965786,ICU,182.0,51.0,174.0
777,Switzerland,1.5,10.0,0.08,0.04,117.48546996568805,204.0,Inf,NaN,61.0,4.0,124.0,281.0,61.0,AWW,117.48546996568805,ICU,177.0,47.0,211.0
778,Switzerland,1.5,10.0,0.08,0.04,138.6773075145449,178.0,Inf,NaN,60.0,41.0,131.0,122.0,60.0,AWW,131.0,AWW,193.0,48.0,193.0
779,Switzerland,1.5,10.0,0.08,0.04,107.34481918357754,618.0,75.50000047074268,78.0,80.0,87.0,139.0,3905.0,75.50000047074268,HARISS,75.50000047074268,HARISS,183.0,50.0,185.0
780,Switzerland,1.5,10.0,0.08,0.04,139.6816591662817,1224.0,99.50000052070804,140.0,84.0,46.0,104.0,153.0,84.0,AWW,99.50000052070804,HARISS,174.0,56.0,210.0
781,Switzerland,1.5,10.0,0.08,0.04,127.83522629283736,3980.0,99.50000085723325,665.0,91.0,382.0,92.0,388.0,91.0,AWW,92.0,AWW,168.0,56.0,199.0
782,Switzerland,1.5,10.0,0.08,0.04,146.54774045318607,606.0,138.50000079348223,460.0,59.0,0.0,123.0,236.0,59.0,AWW,123.0,AWW,178.0,56.0,190.0
783,Switzerland,1.5,10.0,0.08,0.04,69.3466063693878,49.0,82.50000065696469,90.0,60.0,25.0,37.0,0.0,60.0,AWW,37.0,AWW,169.0,54.0,188.0
784,Switzerland,1.5,10.0,0.08,0.04,147.50637996769848,633.0,Inf,NaN,85.0,27.0,Inf,NaN,85.0,AWW,147.50637996769848,ICU,170.0,57.0,196.0
785,Switzerland,1.5,10.0,0.08,0.04,118.626970528209,1887.0,110.50000030780876,1246.0,103.0,752.0,122.0,2413.0,103.0,AWW,110.50000030780876,HARISS,173.0,42.0,181.0
786,Switzerland,1.5,10.0,0.08,0.04,147.03271581900808,861.0,106.50000088509691,140.0,74.0,25.0,23.0,3.0,74.0,AWW,23.0,AWW,168.0,44.0,186.0
787,Switzerland,1.5,10.0,0.08,0.04,138.83722391119537,2734.0,40.50000063830215,12.0,92.0,178.0,116.0,733.0,40.50000063830215,HARISS,40.50000063830215,HARISS,185.0,61.0,189.0
788,Switzerland,1.5,10.0,0.08,0.04,62.84297641298046,8.0,Inf,NaN,94.0,67.0,98.0,96.0,62.84297641298046,ICU,62.84297641298046,ICU,164.0,45.0,187.0
789,Switzerland,1.5,10.0,0.08,0.04,138.14885900677726,456.0,110.50000006577902,77.0,87.0,32.0,120.0,134.0,87.0,AWW,110.50000006577902,HARISS,163.0,45.0,201.0
790,Switzerland,1.5,10.0,0.08,0.04,58.33457707871166,14.0,Inf,NaN,72.0,16.0,126.0,16.0,58.33457707871166,ICU,58.33457707871166,ICU,153.0,51.0,197.0
791,Switzerland,1.5,10.0,0.08,0.04,53.34027559257174,2.0,Inf,NaN,95.0,13.0,135.0,83.0,53.34027559257174,ICU,53.34027559257174,ICU,216.0,49.0,210.0
792,Switzerland,1.5,10.0,0.08,0.04,134.4009785510544,473.0,Inf,NaN,87.0,60.0,124.0,279.0,87.0,AWW,124.0,AWW,160.0,37.0,183.0
793,Switzerland,1.5,10.0,0.08,0.04,51.8350233617146,28.0,89.50000093028983,341.0,11.0,0.0,12.0,0.0,11.0,AWW,12.0,AWW,166.0,59.0,193.0
794,Switzerland,1.5,10.0,0.08,0.04,103.73302838724315,187.0,120.50000069182488,508.0,93.0,116.0,132.0,963.0,93.0,AWW,103.73302838724315,ICU,167.0,50.0,183.0
795,Switzerland,1.5,10.0,0.08,0.04,132.12418249871422,1269.0,96.50000050577776,138.0,36.0,0.0,124.0,763.0,36.0,AWW,96.50000050577776,HARISS,176.0,60.0,181.0
796,Switzerland,1.5,10.0,0.08,0.04,105.70458024569342,516.0,64.50000003634294,50.0,67.0,51.0,106.0,517.0,64.50000003634294,HARISS,64.50000003634294,HARISS,183.0,64.0,181.0
797,Switzerland,1.5,10.0,0.08,0.04,106.60880133838593,41.0,127.50000096492603,99.0,96.0,23.0,113.0,62.0,96.0,AWW,106.60880133838593,ICU,174.0,64.0,201.0
798,Switzerland,1.5,10.0,0.08,0.04,81.48105768797762,565.0,71.50000044133755,295.0,60.0,152.0,120.0,5811.0,60.0,AWW,71.50000044133755,HARISS,170.0,53.0,198.0
799,Switzerland,1.5,10.0,0.08,0.04,117.40137542957096,361.0,127.50000005057996,660.0,63.0,13.0,95.0,79.0,63.0,AWW,95.0,AWW,163.0,50.0,173.0
800,Switzerland,1.5,10.0,0.08,0.04,93.4342394046713,303.0,99.50000025757966,353.0,92.0,260.0,106.0,542.0,92.0,AWW,93.4342394046713,ICU,183.0,56.0,192.0
801,Switzerland,1.5,10.0,0.08,0.04,85.46562140937351,201.0,103.50000006591505,628.0,75.0,109.0,102.0,612.0,75.0,AWW,85.46562140937351,ICU,179.0,42.0,209.0
802,Switzerland,1.5,10.0,0.08,0.04,95.0797282267654,395.0,110.50000046970436,856.0,23.0,3.0,14.0,1.0,23.0,AWW,14.0,AWW,182.0,46.0,208.0
803,Switzerland,1.5,10.0,0.08,0.04,81.04344072827607,63.0,113.50000050211347,395.0,60.0,19.0,122.0,726.0,60.0,AWW,81.04344072827607,ICU,181.0,54.0,202.0
804,Switzerland,1.5,10.0,0.08,0.04,88.49574900703355,132.0,78.5000003081162,61.0,17.0,0.0,82.0,107.0,17.0,AWW,78.5000003081162,HARISS,156.0,82.0,204.0
805,Switzerland,1.5,10.0,0.08,0.04,125.04805867516667,211.0,117.50000077618236,122.0,37.0,1.0,37.0,1.0,37.0,AWW,37.0,AWW,164.0,49.0,165.0
806,Switzerland,1.5,10.0,0.08,0.04,125.96495431869438,207.0,138.50000021937473,354.0,18.0,0.0,19.0,0.0,18.0,AWW,19.0,AWW,179.0,48.0,198.0
807,Switzerland,1.5,10.0,0.08,0.04,105.8906829555669,376.0,110.50000005914579,446.0,97.0,233.0,103.0,283.0,97.0,AWW,103.0,AWW,178.0,46.0,174.0
808,Switzerland,1.5,10.0,0.08,0.04,119.62624966459462,307.0,110.5000000358162,186.0,31.0,22.0,31.0,22.0,31.0,AWW,31.0,AWW,171.0,51.0,204.0
809,Switzerland,1.5,10.0,0.08,0.04,120.66890391621118,229.0,Inf,NaN,95.0,42.0,104.0,74.0,95.0,AWW,104.0,AWW,164.0,51.0,202.0
810,Switzerland,1.5,10.0,0.08,0.04,139.76704849128325,1656.0,110.50000098753601,244.0,94.0,64.0,7.0,0.0,94.0,AWW,7.0,AWW,160.0,52.0,178.0
811,Switzerland,1.5,10.0,0.08,0.04,135.65556871727662,850.0,117.50000002211817,296.0,54.0,18.0,60.0,18.0,54.0,AWW,60.0,AWW,168.0,39.0,198.0
812,Switzerland,1.5,10.0,0.08,0.04,118.85164425260432,309.0,110.5000000389313,177.0,65.0,11.0,135.0,1056.0,65.0,AWW,110.5000000389313,HARISS,136.0,47.0,199.0
813,Switzerland,1.5,10.0,0.08,0.04,79.09643234120608,126.0,61.500000267896155,45.0,78.0,124.0,117.0,1055.0,61.500000267896155,HARISS,61.500000267896155,HARISS,175.0,58.0,207.0
814,Switzerland,1.5,10.0,0.08,0.04,95.00364291660243,226.0,99.50000030402744,243.0,39.0,7.0,83.0,91.0,39.0,AWW,83.0,AWW,180.0,51.0,188.0
815,Switzerland,1.5,10.0,0.08,0.04,91.22107846393278,78.0,131.50000019749234,998.0,19.0,0.0,126.0,667.0,19.0,AWW,91.22107846393278,ICU,187.0,46.0,177.0
816,Switzerland,1.5,10.0,0.08,0.04,105.06155342787119,291.0,117.5000001034866,605.0,86.0,104.0,124.0,865.0,86.0,AWW,105.06155342787119,ICU,154.0,44.0,197.0
817,Switzerland,1.5,10.0,0.08,0.04,131.4538023281762,369.0,120.50000074904919,190.0,33.0,3.0,116.0,122.0,33.0,AWW,116.0,AWW,167.0,47.0,214.0
818,Switzerland,1.5,10.0,0.08,0.04,121.22707655906439,1420.0,96.50000020753905,323.0,73.0,115.0,118.0,1015.0,73.0,AWW,96.50000020753905,HARISS,167.0,48.0,185.0
819,Switzerland,1.5,10.0,0.08,0.04,105.88484079628415,924.0,117.50000029813867,1687.0,92.0,439.0,116.0,1638.0,92.0,AWW,105.88484079628415,ICU,158.0,66.0,209.0
820,Switzerland,1.5,10.0,0.08,0.04,152.86916832668547,187.0,117.50000074352947,29.0,96.0,8.0,105.0,12.0,96.0,AWW,105.0,AWW,162.0,60.0,180.0
821,Switzerland,1.5,10.0,0.08,0.04,124.6856385500771,564.0,92.50000088122286,79.0,89.0,70.0,90.0,75.0,89.0,AWW,90.0,AWW,185.0,51.0,180.0
822,Switzerland,1.5,10.0,0.08,0.04,137.6490285565372,1820.0,99.50000093395695,193.0,90.0,116.0,90.0,116.0,90.0,AWW,90.0,AWW,197.0,47.0,197.0
823,Switzerland,1.5,10.0,0.08,0.04,140.57662448087578,1437.0,99.50000049708873,95.0,69.0,13.0,Inf,NaN,69.0,AWW,99.50000049708873,HARISS,175.0,45.0,153.0
824,Switzerland,1.5,10.0,0.08,0.04,116.25851320392299,430.0,127.50000055805327,790.0,73.0,34.0,74.0,37.0,73.0,AWW,74.0,AWW,182.0,50.0,197.0
825,Switzerland,1.5,10.0,0.08,0.04,115.9698809643321,1588.0,89.50000096972522,342.0,84.0,292.0,84.0,292.0,84.0,AWW,84.0,AWW,184.0,57.0,191.0
826,Switzerland,1.5,10.0,0.08,0.04,134.14289375580685,174.0,127.50000059003419,98.0,89.0,15.0,Inf,NaN,89.0,AWW,127.50000059003419,HARISS,175.0,64.0,192.0
827,Switzerland,1.5,10.0,0.08,0.04,151.47588505710422,442.0,124.50000063871744,189.0,89.0,38.0,114.0,118.0,89.0,AWW,114.0,AWW,190.0,59.0,233.0
828,Switzerland,1.5,10.0,0.08,0.04,28.404739974318815,0.0,Inf,NaN,75.0,0.0,75.0,0.0,28.404739974318815,ICU,28.404739974318815,ICU,183.0,52.0,197.0
829,Switzerland,1.5,10.0,0.08,0.04,51.481414955607015,63.0,96.50000041104656,613.0,69.0,125.0,81.0,310.0,51.481414955607015,ICU,51.481414955607015,ICU,183.0,59.0,188.0
830,Switzerland,1.5,10.0,0.08,0.04,112.2892797649539,94.0,26.500000513771905,0.0,104.0,56.0,105.0,60.0,26.500000513771905,HARISS,26.500000513771905,HARISS,166.0,52.0,196.0
831,Switzerland,1.5,10.0,0.08,0.04,103.34090315545895,178.0,117.50000007984808,361.0,81.0,54.0,103.0,177.0,81.0,AWW,103.0,AWW,184.0,57.0,215.0
832,Switzerland,1.5,10.0,0.08,0.04,152.1821373483088,248.0,138.50000010026193,200.0,72.0,9.0,99.0,28.0,72.0,AWW,99.0,AWW,190.0,47.0,187.0
833,Switzerland,1.5,10.0,0.08,0.04,112.57594290142985,81.0,Inf,NaN,60.0,12.0,109.0,55.0,60.0,AWW,109.0,AWW,137.0,56.0,203.0
834,Switzerland,1.5,10.0,0.08,0.04,98.09316285062621,133.0,110.50000030120157,227.0,34.0,0.0,86.0,72.0,34.0,AWW,86.0,AWW,157.0,51.0,183.0
835,Switzerland,1.5,10.0,0.08,0.04,99.71183092565873,971.0,61.5000006923527,101.0,67.0,141.0,70.0,182.0,61.5000006923527,HARISS,61.5000006923527,HARISS,159.0,46.0,177.0
836,Switzerland,1.5,10.0,0.08,0.04,115.86966851351174,151.0,134.50000060724864,524.0,81.0,19.0,114.0,150.0,81.0,AWW,114.0,AWW,146.0,43.0,194.0
837,Switzerland,1.5,10.0,0.08,0.04,96.6488488120845,681.0,92.50000082929837,541.0,109.0,1790.0,70.0,142.0,92.50000082929837,HARISS,70.0,AWW,168.0,62.0,194.0
838,Switzerland,1.5,10.0,0.08,0.04,57.82356965940782,9.0,Inf,NaN,52.0,3.0,17.0,0.0,52.0,AWW,17.0,AWW,158.0,58.0,179.0
839,Switzerland,1.5,10.0,0.08,0.04,71.24073399678727,89.0,64.50000016891993,45.0,35.0,3.0,36.0,3.0,35.0,AWW,36.0,AWW,181.0,44.0,184.0
840,Switzerland,1.5,10.0,0.08,0.04,32.4530669230608,4.0,Inf,NaN,46.0,4.0,46.0,4.0,32.4530669230608,ICU,32.4530669230608,ICU,180.0,47.0,194.0
841,Switzerland,1.5,10.0,0.08,0.04,34.3360986557015,0.0,Inf,NaN,87.0,0.0,96.0,0.0,34.3360986557015,ICU,34.3360986557015,ICU,143.0,37.0,213.0
842,Switzerland,1.5,10.0,0.08,0.04,134.2845173010848,1953.0,99.5000004293744,233.0,83.0,93.0,11.0,0.0,83.0,AWW,11.0,AWW,194.0,48.0,215.0
843,Switzerland,1.5,10.0,0.08,0.04,106.24139253587417,30.0,110.50000061340572,30.0,75.0,19.0,94.0,21.0,75.0,AWW,94.0,AWW,164.0,59.0,173.0
844,Switzerland,1.5,10.0,0.08,0.04,127.24344307051688,1095.0,96.50000076199828,151.0,86.0,88.0,140.0,2667.0,86.0,AWW,96.50000076199828,HARISS,185.0,58.0,181.0
845,Switzerland,1.5,10.0,0.08,0.04,139.4975241652404,3556.0,99.50000009743415,408.0,50.0,30.0,114.0,799.0,50.0,AWW,99.50000009743415,HARISS,186.0,54.0,197.0
846,Switzerland,1.5,10.0,0.08,0.04,86.74057143008224,61.0,106.5000003509156,185.0,72.0,23.0,107.0,185.0,72.0,AWW,86.74057143008224,ICU,180.0,56.0,181.0
847,Switzerland,1.5,10.0,0.08,0.04,152.98916622889638,221.0,Inf,NaN,68.0,14.0,140.0,190.0,68.0,AWW,140.0,AWW,156.0,56.0,195.0
848,Switzerland,1.5,10.0,0.08,0.04,29.296007693753545,4.0,113.50000033198965,441.0,47.0,6.0,113.0,441.0,29.296007693753545,ICU,29.296007693753545,ICU,175.0,62.0,200.0
849,Switzerland,1.5,10.0,0.08,0.04,140.21309975723653,898.0,120.50000096850182,321.0,80.0,34.0,12.0,0.0,80.0,AWW,12.0,AWW,163.0,59.0,172.0
850,Switzerland,1.5,10.0,0.08,0.04,111.03650536650282,2051.0,92.50000086349884,602.0,100.0,1051.0,124.0,4087.0,92.50000086349884,HARISS,92.50000086349884,HARISS,182.0,56.0,145.0
851,Switzerland,1.5,10.0,0.08,0.04,122.23226731070137,501.0,106.50000023127072,186.0,66.0,11.0,142.0,1526.0,66.0,AWW,106.50000023127072,HARISS,144.0,43.0,192.0
852,Switzerland,1.5,10.0,0.08,0.04,36.63674462416003,11.0,96.50000027043785,368.0,92.0,284.0,131.0,2620.0,36.63674462416003,ICU,36.63674462416003,ICU,160.0,40.0,179.0
853,Switzerland,1.5,10.0,0.08,0.04,89.50329299728477,135.0,106.50000006652554,314.0,99.0,233.0,29.0,0.0,89.50329299728477,ICU,29.0,AWW,195.0,50.0,180.0
854,Switzerland,1.5,10.0,0.08,0.04,92.7974903051007,905.0,103.50000084414495,1681.0,89.0,688.0,100.0,1401.0,89.0,AWW,92.7974903051007,ICU,162.0,47.0,189.0
855,Switzerland,1.5,10.0,0.08,0.04,121.47716848343048,677.0,96.50000000456889,156.0,45.0,10.0,110.0,385.0,45.0,AWW,96.50000000456889,HARISS,173.0,49.0,184.0
856,Switzerland,1.5,10.0,0.08,0.04,60.02449678435753,53.0,82.50000050845115,151.0,72.0,95.0,129.0,2077.0,60.02449678435753,ICU,60.02449678435753,ICU,157.0,46.0,201.0
857,Switzerland,1.5,10.0,0.08,0.04,91.5165118504745,264.0,82.50000079068661,172.0,94.0,343.0,95.0,376.0,82.50000079068661,HARISS,82.50000079068661,HARISS,187.0,53.0,201.0
858,Switzerland,1.5,10.0,0.08,0.04,109.28686457900238,147.0,138.50000052719767,876.0,32.0,1.0,133.0,571.0,32.0,AWW,109.28686457900238,ICU,148.0,44.0,181.0
859,Switzerland,1.5,10.0,0.08,0.04,99.71286992891737,178.0,117.50000036861734,448.0,17.0,0.0,105.0,207.0,17.0,AWW,99.71286992891737,ICU,170.0,57.0,189.0
860,Switzerland,1.5,10.0,0.08,0.04,126.66331723431178,593.0,89.50000078507902,71.0,86.0,61.0,115.0,317.0,86.0,AWW,89.50000078507902,HARISS,190.0,51.0,193.0
861,Switzerland,1.5,10.0,0.08,0.04,144.0041278781871,95.0,Inf,NaN,74.0,11.0,123.0,57.0,74.0,AWW,123.0,AWW,170.0,54.0,195.0
862,Switzerland,1.5,10.0,0.08,0.04,65.40476380500607,319.0,75.50000000813841,588.0,78.0,624.0,101.0,2365.0,65.40476380500607,ICU,65.40476380500607,ICU,173.0,43.0,198.0
863,Switzerland,1.5,10.0,0.08,0.04,130.02940096992262,261.0,33.50000017044935,3.0,88.0,21.0,133.0,289.0,33.50000017044935,HARISS,33.50000017044935,HARISS,178.0,63.0,194.0
864,Switzerland,1.5,10.0,0.08,0.04,118.89861931706426,376.0,110.50000086880928,224.0,91.0,66.0,97.0,101.0,91.0,AWW,97.0,AWW,179.0,54.0,189.0
865,Switzerland,1.5,10.0,0.08,0.04,129.78450491912247,470.0,Inf,NaN,60.0,5.0,127.0,344.0,60.0,AWW,127.0,AWW,160.0,50.0,169.0
866,Switzerland,1.5,10.0,0.08,0.04,128.70500272316661,1312.0,110.50000023987673,458.0,29.0,0.0,131.0,1485.0,29.0,AWW,110.50000023987673,HARISS,149.0,50.0,179.0
867,Switzerland,1.5,10.0,0.08,0.04,150.3497141769221,121.0,Inf,NaN,77.0,5.0,70.0,3.0,77.0,AWW,70.0,AWW,158.0,57.0,167.0
868,Switzerland,1.5,10.0,0.08,0.04,139.84322840974926,671.0,120.50000046128037,216.0,90.0,43.0,124.0,256.0,90.0,AWW,120.50000046128037,HARISS,158.0,49.0,172.0
869,Switzerland,1.5,10.0,0.08,0.04,83.73316426011726,358.0,113.5000000277075,1864.0,83.0,356.0,93.0,626.0,83.0,AWW,83.73316426011726,ICU,188.0,60.0,166.0
870,Switzerland,1.5,10.0,0.08,0.04,120.60168000553251,695.0,103.50000043192051,209.0,91.0,110.0,130.0,1279.0,91.0,AWW,103.50000043192051,HARISS,184.0,51.0,196.0
871,Switzerland,1.5,10.0,0.08,0.04,23.713361710686186,10.0,Inf,NaN,98.0,10.0,120.0,10.0,23.713361710686186,ICU,23.713361710686186,ICU,151.0,57.0,193.0
872,Switzerland,1.5,10.0,0.08,0.04,105.85565301942823,712.0,106.50000019899787,736.0,63.0,46.0,40.0,6.0,63.0,AWW,40.0,AWW,167.0,50.0,181.0
873,Switzerland,1.5,10.0,0.08,0.04,92.21941597413193,155.0,106.50000049634785,308.0,73.0,44.0,73.0,44.0,73.0,AWW,73.0,AWW,168.0,53.0,185.0
874,Switzerland,1.5,10.0,0.08,0.04,139.19272977531145,439.0,Inf,NaN,101.0,38.0,110.0,65.0,101.0,AWW,110.0,AWW,172.0,55.0,198.0
875,Switzerland,1.5,10.0,0.08,0.04,107.72280966954679,527.0,89.5000003985713,186.0,62.0,29.0,124.0,1225.0,62.0,AWW,89.5000003985713,HARISS,186.0,57.0,197.0
876,Switzerland,1.5,10.0,0.08,0.04,112.81374559386224,151.0,117.50000091203111,159.0,72.0,25.0,117.0,159.0,72.0,AWW,112.81374559386224,ICU,182.0,40.0,173.0
877,Switzerland,1.5,10.0,0.08,0.04,92.73751124105102,1494.0,92.50000097187625,1492.0,107.0,3319.0,116.0,5796.0,92.50000097187625,HARISS,92.50000097187625,HARISS,162.0,54.0,216.0
878,Switzerland,1.5,10.0,0.08,0.04,117.48717471348802,82.0,Inf,NaN,82.0,14.0,121.0,83.0,82.0,AWW,117.48717471348802,ICU,189.0,55.0,178.0
879,Switzerland,1.5,10.0,0.08,0.04,81.30852957861852,62.0,82.50000099832599,62.0,35.0,0.0,74.0,36.0,35.0,AWW,74.0,AWW,160.0,63.0,191.0
880,Switzerland,1.5,10.0,0.08,0.04,102.73758006061028,76.0,113.50000079158411,147.0,61.0,8.0,94.0,35.0,61.0,AWW,94.0,AWW,167.0,49.0,168.0
881,Switzerland,1.5,10.0,0.08,0.04,114.68831174403586,289.0,96.50000079934806,98.0,73.0,22.0,129.0,519.0,73.0,AWW,96.50000079934806,HARISS,180.0,52.0,188.0
882,Switzerland,1.5,10.0,0.08,0.04,140.229568211946,708.0,Inf,NaN,64.0,6.0,92.0,43.0,64.0,AWW,92.0,AWW,181.0,53.0,199.0
883,Switzerland,1.5,10.0,0.08,0.04,65.21850052331193,58.0,71.50000003784174,70.0,21.0,0.0,131.0,1623.0,21.0,AWW,65.21850052331193,ICU,163.0,51.0,188.0
884,Switzerland,1.5,10.0,0.08,0.04,148.06177445518804,1009.0,Inf,NaN,37.0,0.0,94.0,50.0,37.0,AWW,94.0,AWW,159.0,58.0,195.0
885,Switzerland,1.5,10.0,0.08,0.04,147.1836260337502,219.0,15.500000439562326,1.0,68.0,14.0,69.0,14.0,15.500000439562326,HARISS,15.500000439562326,HARISS,170.0,48.0,162.0
886,Switzerland,1.5,10.0,0.08,0.04,19.788258323980724,7.0,Inf,NaN,4.0,0.0,116.0,7.0,4.0,AWW,19.788258323980724,ICU,155.0,47.0,185.0
887,Switzerland,1.5,10.0,0.08,0.04,68.27765007922282,259.0,75.50000083773924,472.0,107.0,2897.0,126.0,9093.0,68.27765007922282,ICU,68.27765007922282,ICU,171.0,51.0,184.0
888,Switzerland,1.5,10.0,0.08,0.04,137.87523749011427,1504.0,117.50000083321393,417.0,32.0,16.0,91.0,87.0,32.0,AWW,91.0,AWW,189.0,55.0,203.0
889,Switzerland,1.5,10.0,0.08,0.04,142.4870691875152,411.0,Inf,NaN,55.0,3.0,93.0,23.0,55.0,AWW,93.0,AWW,159.0,51.0,212.0
890,Switzerland,1.5,10.0,0.08,0.04,94.33010154411,605.0,57.50000079845519,54.0,64.0,93.0,127.0,3409.0,57.50000079845519,HARISS,57.50000079845519,HARISS,197.0,43.0,178.0
891,Switzerland,1.5,10.0,0.08,0.04,143.81234945498144,1315.0,110.50000004906543,240.0,76.0,34.0,106.0,200.0,76.0,AWW,106.0,AWW,169.0,59.0,200.0
892,Switzerland,1.5,10.0,0.08,0.04,118.47125072081359,867.0,85.5000004920871,96.0,103.0,313.0,122.0,1097.0,85.5000004920871,HARISS,85.5000004920871,HARISS,168.0,43.0,199.0
893,Switzerland,1.5,10.0,0.08,0.04,123.66346216203365,42.0,Inf,NaN,86.0,10.0,142.0,79.0,86.0,AWW,123.66346216203365,ICU,177.0,59.0,195.0
894,Switzerland,1.5,10.0,0.08,0.04,137.6928728202755,900.0,117.5000003571782,260.0,72.0,8.0,132.0,546.0,72.0,AWW,117.5000003571782,HARISS,179.0,54.0,187.0
895,Switzerland,1.5,10.0,0.08,0.04,127.92252825388326,700.0,131.50000058059393,838.0,29.0,0.0,119.0,371.0,29.0,AWW,119.0,AWW,162.0,61.0,196.0
896,Switzerland,1.5,10.0,0.08,0.04,95.24318597437649,190.0,68.50000063983323,31.0,24.0,0.0,74.0,71.0,24.0,AWW,68.50000063983323,HARISS,171.0,54.0,197.0
897,Switzerland,1.5,10.0,0.08,0.04,125.8216499357909,1149.0,89.50000045769245,125.0,91.0,134.0,120.0,725.0,89.50000045769245,HARISS,89.50000045769245,HARISS,176.0,39.0,187.0
898,Switzerland,1.5,10.0,0.08,0.04,78.23877184296693,38.0,131.50000077436786,569.0,19.0,4.0,118.0,330.0,19.0,AWW,78.23877184296693,ICU,166.0,50.0,191.0
899,Switzerland,1.5,10.0,0.08,0.04,129.0780692240892,639.0,96.50000036521745,112.0,73.0,39.0,96.0,112.0,73.0,AWW,96.0,AWW,161.0,61.0,201.0
900,Switzerland,1.5,10.0,0.08,0.04,93.7712338007118,175.0,117.50000025643175,576.0,35.0,2.0,99.0,193.0,35.0,AWW,93.7712338007118,ICU,176.0,55.0,195.0
901,Switzerland,1.5,10.0,0.08,0.04,149.06603521536204,228.0,Inf,NaN,22.0,0.0,60.0,1.0,22.0,AWW,60.0,AWW,173.0,53.0,168.0
902,Switzerland,1.5,10.0,0.08,0.04,104.81440155919812,90.0,Inf,NaN,75.0,11.0,75.0,11.0,75.0,AWW,75.0,AWW,182.0,58.0,192.0
903,Switzerland,1.5,10.0,0.08,0.04,26.703187729767308,2.0,Inf,NaN,84.0,2.0,123.0,2.0,26.703187729767308,ICU,26.703187729767308,ICU,189.0,54.0,209.0
904,Switzerland,1.5,10.0,0.08,0.04,52.6335428920802,50.0,75.50000009548499,199.0,13.0,0.0,124.0,4114.0,13.0,AWW,52.6335428920802,ICU,153.0,46.0,189.0
905,Switzerland,1.5,10.0,0.08,0.04,129.47399683964977,1221.0,117.50000087254539,604.0,57.0,14.0,142.0,2461.0,57.0,AWW,117.50000087254539,HARISS,173.0,40.0,200.0
906,Switzerland,1.5,10.0,0.08,0.04,130.72274647937473,176.0,110.50000069354894,48.0,10.0,0.0,99.0,27.0,10.0,AWW,99.0,AWW,144.0,44.0,182.0
907,Switzerland,1.5,10.0,0.08,0.04,131.99836592212307,1045.0,127.50000059845613,954.0,45.0,2.0,100.0,119.0,45.0,AWW,100.0,AWW,170.0,41.0,191.0
908,Switzerland,1.5,10.0,0.08,0.04,95.09285378128497,43.0,Inf,NaN,106.0,73.0,107.0,77.0,95.09285378128497,ICU,95.09285378128497,ICU,190.0,51.0,194.0
909,Switzerland,1.5,10.0,0.08,0.04,138.6659444296437,1203.0,110.50000044312132,191.0,72.0,22.0,73.0,24.0,72.0,AWW,73.0,AWW,153.0,56.0,189.0
910,Switzerland,1.5,10.0,0.08,0.04,91.26730973657445,34.0,Inf,NaN,82.0,30.0,143.0,147.0,82.0,AWW,91.26730973657445,ICU,152.0,60.0,191.0
911,Switzerland,1.5,10.0,0.08,0.04,51.66653290080897,73.0,92.50000083066817,907.0,51.0,70.0,134.0,11103.0,51.0,AWW,51.66653290080897,ICU,168.0,42.0,175.0
912,Switzerland,1.5,10.0,0.08,0.04,148.4473792979995,337.0,131.50000026252383,184.0,59.0,3.0,60.0,3.0,59.0,AWW,60.0,AWW,166.0,64.0,202.0
913,Switzerland,1.5,10.0,0.08,0.04,127.87886016303709,721.0,71.50000097256566,29.0,33.0,0.0,72.0,29.0,33.0,AWW,71.50000097256566,HARISS,177.0,51.0,177.0
914,Switzerland,1.5,10.0,0.08,0.04,114.0719753475539,597.0,85.50000094460998,111.0,72.0,69.0,108.0,379.0,72.0,AWW,85.50000094460998,HARISS,173.0,59.0,169.0
915,Switzerland,1.5,10.0,0.08,0.04,106.49681802512785,200.0,110.5000003415079,202.0,91.0,58.0,140.0,1267.0,91.0,AWW,106.49681802512785,ICU,172.0,55.0,183.0
916,Switzerland,1.5,10.0,0.08,0.04,129.19773792672106,803.0,131.50000099445768,834.0,71.0,31.0,99.0,142.0,71.0,AWW,99.0,AWW,165.0,52.0,179.0
917,Switzerland,1.5,10.0,0.08,0.04,137.92540178328116,1814.0,82.50000072242027,53.0,62.0,9.0,119.0,576.0,62.0,AWW,82.50000072242027,HARISS,151.0,49.0,170.0
918,Switzerland,1.5,10.0,0.08,0.04,88.468405560512,130.0,134.50000063849564,1256.0,32.0,3.0,109.0,339.0,32.0,AWW,88.468405560512,ICU,141.0,56.0,222.0
919,Switzerland,1.5,10.0,0.08,0.04,78.41065053868573,277.0,92.5000007721381,531.0,39.0,32.0,123.0,3035.0,39.0,AWW,78.41065053868573,ICU,182.0,45.0,195.0
920,Switzerland,1.5,10.0,0.08,0.04,150.10933169518742,750.0,117.50000068579931,164.0,60.0,6.0,135.0,497.0,60.0,AWW,117.50000068579931,HARISS,163.0,49.0,169.0
921,Switzerland,1.5,10.0,0.08,0.04,101.45818506750274,257.0,103.50000021008614,288.0,15.0,1.0,88.0,104.0,15.0,AWW,88.0,AWW,174.0,48.0,208.0
922,Switzerland,1.5,10.0,0.08,0.04,152.27892584521845,367.0,Inf,NaN,89.0,35.0,119.0,118.0,89.0,AWW,119.0,AWW,130.0,63.0,187.0
923,Switzerland,1.5,10.0,0.08,0.04,110.93805495378723,1740.0,75.50000099659621,192.0,74.0,192.0,123.0,3689.0,74.0,AWW,75.50000099659621,HARISS,186.0,49.0,196.0
924,Switzerland,1.5,10.0,0.08,0.04,97.99223054514063,78.0,131.500000971288,412.0,78.0,27.0,131.0,410.0,78.0,AWW,97.99223054514063,ICU,169.0,48.0,183.0
925,Switzerland,1.5,10.0,0.08,0.04,116.77350356855094,327.0,134.50000030322462,915.0,44.0,0.0,142.0,1220.0,44.0,AWW,116.77350356855094,ICU,162.0,43.0,202.0
926,Switzerland,1.5,10.0,0.08,0.04,119.35071881653364,528.0,124.5000000132386,619.0,92.0,96.0,131.0,988.0,92.0,AWW,119.35071881653364,ICU,185.0,54.0,194.0
927,Switzerland,1.5,10.0,0.08,0.04,131.55744324307398,2060.0,92.50000011128236,192.0,109.0,583.0,115.0,729.0,92.50000011128236,HARISS,92.50000011128236,HARISS,159.0,61.0,186.0
928,Switzerland,1.5,10.0,0.08,0.04,93.07119742285937,673.0,106.50000095712751,1528.0,75.0,207.0,134.0,8174.0,75.0,AWW,93.07119742285937,ICU,158.0,68.0,203.0
929,Switzerland,1.5,10.0,0.08,0.04,126.78912738194818,120.0,Inf,NaN,96.0,27.0,130.0,134.0,96.0,AWW,126.78912738194818,ICU,167.0,55.0,162.0
930,Switzerland,1.5,10.0,0.08,0.04,94.7399024097269,70.0,127.50000028220452,371.0,55.0,3.0,93.0,70.0,55.0,AWW,93.0,AWW,167.0,55.0,196.0
931,Switzerland,1.5,10.0,0.08,0.04,107.7491309591671,318.0,134.5000005523979,1686.0,90.0,92.0,112.0,404.0,90.0,AWW,107.7491309591671,ICU,180.0,53.0,182.0
932,Switzerland,1.5,10.0,0.08,0.04,102.72933626593593,366.0,117.50000048563992,769.0,73.0,70.0,128.0,1407.0,73.0,AWW,102.72933626593593,ICU,144.0,61.0,192.0
933,Switzerland,1.5,10.0,0.08,0.04,84.59098393019191,209.0,110.50000047069256,874.0,56.0,27.0,26.0,0.0,56.0,AWW,26.0,AWW,161.0,36.0,183.0
934,Switzerland,1.5,10.0,0.08,0.04,89.80126620790678,204.0,89.5000003125237,204.0,59.0,24.0,120.0,1188.0,59.0,AWW,89.5000003125237,HARISS,166.0,47.0,194.0
935,Switzerland,1.5,10.0,0.08,0.04,143.9530343981484,1105.0,Inf,NaN,85.0,77.0,130.0,590.0,85.0,AWW,130.0,AWW,180.0,62.0,226.0
936,Switzerland,1.5,10.0,0.08,0.04,116.28175074331857,491.0,117.500000868408,500.0,66.0,27.0,88.0,93.0,66.0,AWW,88.0,AWW,189.0,61.0,225.0
937,Switzerland,1.5,10.0,0.08,0.04,84.43148572147673,379.0,75.50000022323813,211.0,59.0,51.0,34.0,4.0,59.0,AWW,34.0,AWW,164.0,49.0,193.0
938,Switzerland,1.5,10.0,0.08,0.04,108.97136941431282,982.0,85.50000016958064,192.0,88.0,257.0,127.0,2629.0,85.50000016958064,HARISS,85.50000016958064,HARISS,164.0,52.0,193.0
939,Switzerland,1.5,10.0,0.08,0.04,47.30261751455889,4.0,Inf,NaN,48.0,4.0,120.0,55.0,47.30261751455889,ICU,47.30261751455889,ICU,151.0,49.0,206.0
940,Switzerland,1.5,10.0,0.08,0.04,140.7290864891741,1126.0,82.50000090416076,27.0,79.0,23.0,125.0,389.0,79.0,AWW,82.50000090416076,HARISS,131.0,53.0,210.0
941,Switzerland,1.5,10.0,0.08,0.04,112.17432738664095,1140.0,89.50000029485145,322.0,52.0,27.0,90.0,327.0,52.0,AWW,89.50000029485145,HARISS,188.0,56.0,195.0
942,Switzerland,1.5,10.0,0.08,0.04,146.8606258442998,144.0,Inf,NaN,47.0,0.0,129.0,73.0,47.0,AWW,129.0,AWW,171.0,53.0,189.0
943,Switzerland,1.5,10.0,0.08,0.04,136.69873942215213,403.0,89.50000094263726,33.0,44.0,1.0,115.0,136.0,44.0,AWW,89.50000094263726,HARISS,176.0,42.0,193.0
944,Switzerland,1.5,10.0,0.08,0.04,138.46392595941663,211.0,Inf,NaN,26.0,0.0,118.0,69.0,26.0,AWW,118.0,AWW,161.0,50.0,183.0
945,Switzerland,1.5,10.0,0.08,0.04,111.4505116563724,412.0,85.50000056997769,89.0,84.0,88.0,132.0,1179.0,84.0,AWW,85.50000056997769,HARISS,189.0,40.0,163.0
946,Switzerland,1.5,10.0,0.08,0.04,102.18718959700831,826.0,106.50000067977342,991.0,20.0,4.0,133.0,4582.0,20.0,AWW,102.18718959700831,ICU,171.0,50.0,180.0
947,Switzerland,1.5,10.0,0.08,0.04,146.79686138431194,218.0,Inf,NaN,78.0,41.0,99.0,57.0,78.0,AWW,99.0,AWW,139.0,50.0,211.0
948,Switzerland,1.5,10.0,0.08,0.04,85.2126693024901,231.0,78.50000049886754,130.0,24.0,3.0,117.0,1374.0,24.0,AWW,78.50000049886754,HARISS,168.0,50.0,181.0
949,Switzerland,1.5,10.0,0.08,0.04,121.35292244128084,1184.0,124.5000005398871,1228.0,98.0,255.0,126.0,1286.0,98.0,AWW,121.35292244128084,ICU,145.0,57.0,187.0
950,Switzerland,1.5,10.0,0.08,0.04,92.97058772872526,65.0,92.50000075154155,65.0,66.0,5.0,133.0,723.0,66.0,AWW,92.50000075154155,HARISS,175.0,50.0,169.0
951,Switzerland,1.5,10.0,0.08,0.04,114.86405188416973,1080.0,99.50000002678883,322.0,72.0,56.0,64.0,29.0,72.0,AWW,64.0,AWW,169.0,50.0,180.0
952,Switzerland,1.5,10.0,0.08,0.04,94.7138904225318,170.0,89.50000046831654,114.0,36.0,12.0,102.0,241.0,36.0,AWW,89.50000046831654,HARISS,169.0,60.0,188.0
953,Switzerland,1.5,10.0,0.08,0.04,126.44335445271982,463.0,96.50000014522875,80.0,100.0,113.0,37.0,0.0,96.50000014522875,HARISS,37.0,AWW,171.0,48.0,190.0
954,Switzerland,1.5,10.0,0.08,0.04,112.13677570654276,768.0,54.5000002228954,32.0,82.0,152.0,120.0,1127.0,54.5000002228954,HARISS,54.5000002228954,HARISS,205.0,51.0,200.0
955,Switzerland,1.5,10.0,0.08,0.04,141.83499496150776,939.0,103.50000021637338,115.0,68.0,22.0,110.0,174.0,68.0,AWW,103.50000021637338,HARISS,167.0,52.0,213.0
956,Switzerland,1.5,10.0,0.08,0.04,127.85948153181548,1136.0,110.5000005620004,393.0,94.0,148.0,124.0,818.0,94.0,AWW,110.5000005620004,HARISS,165.0,52.0,195.0
957,Switzerland,1.5,10.0,0.08,0.04,123.70478521736709,856.0,120.5000000721053,751.0,50.0,9.0,87.0,71.0,50.0,AWW,87.0,AWW,157.0,45.0,206.0
958,Switzerland,1.5,10.0,0.08,0.04,149.21770121122964,585.0,134.5000000410205,335.0,76.0,8.0,97.0,28.0,76.0,AWW,97.0,AWW,176.0,52.0,208.0
959,Switzerland,1.5,10.0,0.08,0.04,105.20867070333101,32.0,Inf,NaN,85.0,12.0,136.0,168.0,85.0,AWW,105.20867070333101,ICU,178.0,71.0,200.0
960,Switzerland,1.5,10.0,0.08,0.04,119.65650012543777,1276.0,92.50000051410353,192.0,72.0,49.0,116.0,911.0,72.0,AWW,92.50000051410353,HARISS,175.0,53.0,196.0
961,Switzerland,1.5,10.0,0.08,0.04,95.7979598853528,1134.0,85.50000054720192,595.0,76.0,306.0,135.0,11073.0,76.0,AWW,85.50000054720192,HARISS,155.0,50.0,214.0
962,Switzerland,1.5,10.0,0.08,0.04,84.49810967184744,142.0,106.50000060685466,555.0,54.0,25.0,4.0,0.0,54.0,AWW,4.0,AWW,163.0,53.0,175.0
963,Switzerland,1.5,10.0,0.08,0.04,43.033512532943746,79.0,57.50000023311789,165.0,97.0,1960.0,128.0,12391.0,43.033512532943746,ICU,43.033512532943746,ICU,153.0,54.0,200.0
964,Switzerland,1.5,10.0,0.08,0.04,111.6547132347796,657.0,113.50000064140998,692.0,56.0,16.0,132.0,2349.0,56.0,AWW,111.6547132347796,ICU,157.0,42.0,197.0
965,Switzerland,1.5,10.0,0.08,0.04,118.10689205120781,757.0,99.50000044864314,287.0,7.0,0.0,76.0,83.0,7.0,AWW,76.0,AWW,167.0,50.0,204.0
966,Switzerland,1.5,10.0,0.08,0.04,89.90825492886123,582.0,50.500000793857325,59.0,42.0,34.0,Inf,NaN,42.0,AWW,50.500000793857325,HARISS,178.0,57.0,176.0
967,Switzerland,1.5,10.0,0.08,0.04,140.2369785869393,3490.0,96.50000088461387,283.0,44.0,23.0,128.0,1642.0,44.0,AWW,96.50000088461387,HARISS,167.0,56.0,174.0
968,Switzerland,1.5,10.0,0.08,0.04,37.47072714819769,5.0,40.500000937074944,5.0,81.0,33.0,Inf,NaN,37.47072714819769,ICU,37.47072714819769,ICU,138.0,55.0,174.0
969,Switzerland,1.5,10.0,0.08,0.04,122.64285362277725,3292.0,85.50000090720606,323.0,41.0,21.0,66.0,91.0,41.0,AWW,66.0,AWW,164.0,44.0,200.0
970,Switzerland,1.5,10.0,0.08,0.04,116.31961083564786,779.0,117.50000095613807,796.0,30.0,2.0,124.0,1211.0,30.0,AWW,116.31961083564786,ICU,190.0,56.0,209.0
971,Switzerland,1.5,10.0,0.08,0.04,144.20219773594832,202.0,Inf,NaN,61.0,5.0,117.0,71.0,61.0,AWW,117.0,AWW,164.0,50.0,187.0
972,Switzerland,1.5,10.0,0.08,0.04,81.05879289055969,6.0,Inf,NaN,43.0,0.0,76.0,6.0,43.0,AWW,76.0,AWW,185.0,48.0,171.0
973,Switzerland,1.5,10.0,0.08,0.04,135.26813510515254,1758.0,96.50000034246229,172.0,55.0,7.0,72.0,26.0,55.0,AWW,72.0,AWW,144.0,55.0,199.0
974,Switzerland,1.5,10.0,0.08,0.04,122.85182457819445,168.0,134.5000005819502,308.0,32.0,1.0,128.0,219.0,32.0,AWW,122.85182457819445,ICU,176.0,49.0,214.0
975,Switzerland,1.5,10.0,0.08,0.04,153.0716706278399,392.0,113.50000047385707,99.0,39.0,0.0,142.0,392.0,39.0,AWW,113.50000047385707,HARISS,165.0,42.0,176.0
976,Switzerland,1.5,10.0,0.08,0.04,75.33937280434813,155.0,89.50000013348647,311.0,91.0,349.0,101.0,621.0,75.33937280434813,ICU,75.33937280434813,ICU,218.0,57.0,213.0
977,Switzerland,1.5,10.0,0.08,0.04,141.4887922978106,1092.0,124.50000004641983,451.0,62.0,36.0,140.0,994.0,62.0,AWW,124.50000004641983,HARISS,173.0,45.0,171.0
978,Switzerland,1.5,10.0,0.08,0.04,48.857291706574124,4.0,78.5000007759397,21.0,121.0,320.0,129.0,488.0,48.857291706574124,ICU,48.857291706574124,ICU,169.0,48.0,189.0
979,Switzerland,1.5,10.0,0.08,0.04,147.35101956679858,1174.0,103.50000044603198,145.0,69.0,42.0,73.0,43.0,69.0,AWW,73.0,AWW,176.0,37.0,198.0
980,Switzerland,1.5,10.0,0.08,0.04,85.77928356042023,165.0,103.5000008972237,505.0,90.0,203.0,141.0,4295.0,85.77928356042023,ICU,85.77928356042023,ICU,172.0,41.0,211.0
981,Switzerland,1.5,10.0,0.08,0.04,145.88077837810013,623.0,117.50000063452474,164.0,68.0,6.0,101.0,42.0,68.0,AWW,101.0,AWW,179.0,50.0,232.0
982,Switzerland,1.5,10.0,0.08,0.04,104.29476039646357,174.0,113.50000024985837,316.0,85.0,53.0,134.0,1030.0,85.0,AWW,104.29476039646357,ICU,149.0,62.0,185.0
983,Switzerland,1.5,10.0,0.08,0.04,129.06154724778693,665.0,47.50000073224842,3.0,33.0,0.0,127.0,603.0,33.0,AWW,47.50000073224842,HARISS,161.0,48.0,184.0
984,Switzerland,1.5,10.0,0.08,0.04,75.99095483769727,38.0,117.50000040116258,411.0,63.0,21.0,116.0,396.0,63.0,AWW,75.99095483769727,ICU,189.0,48.0,182.0
985,Switzerland,1.5,10.0,0.08,0.04,110.74611605702172,664.0,120.50000094838751,1263.0,57.0,15.0,57.0,15.0,57.0,AWW,57.0,AWW,162.0,52.0,190.0
986,Switzerland,1.5,10.0,0.08,0.04,127.77277927857612,309.0,120.50000073679645,195.0,39.0,5.0,132.0,357.0,39.0,AWW,120.50000073679645,HARISS,179.0,49.0,201.0
987,Switzerland,1.5,10.0,0.08,0.04,98.55848993586227,1251.0,61.5000005278373,167.0,82.0,479.0,107.0,2034.0,61.5000005278373,HARISS,61.5000005278373,HARISS,199.0,44.0,199.0
988,Switzerland,1.5,10.0,0.08,0.04,93.20433347236953,158.0,103.5000004617719,280.0,34.0,0.0,123.0,826.0,34.0,AWW,93.20433347236953,ICU,172.0,47.0,200.0
989,Switzerland,1.5,10.0,0.08,0.04,118.56452549950454,584.0,120.50000071123999,612.0,54.0,2.0,109.0,324.0,54.0,AWW,109.0,AWW,174.0,42.0,184.0
990,Switzerland,1.5,10.0,0.08,0.04,101.69058825897169,674.0,124.50000060276764,2483.0,108.0,836.0,135.0,4479.0,101.69058825897169,ICU,101.69058825897169,ICU,163.0,45.0,165.0
991,Switzerland,1.5,10.0,0.08,0.04,111.09681396456911,1622.0,85.50000054386543,301.0,77.0,171.0,123.0,3314.0,77.0,AWW,85.50000054386543,HARISS,169.0,60.0,189.0
992,Switzerland,1.5,10.0,0.08,0.04,107.47547255563848,162.0,138.50000017016782,966.0,27.0,0.0,123.0,349.0,27.0,AWW,107.47547255563848,ICU,146.0,50.0,173.0
993,Switzerland,1.5,10.0,0.08,0.04,133.77006538556577,403.0,Inf,NaN,103.0,53.0,106.0,55.0,103.0,AWW,106.0,AWW,148.0,51.0,188.0
994,Switzerland,1.5,10.0,0.08,0.04,105.69860835357078,102.0,117.50000023960098,182.0,83.0,29.0,99.0,63.0,83.0,AWW,99.0,AWW,174.0,48.0,189.0
995,Switzerland,1.5,10.0,0.08,0.04,110.28232927713118,1103.0,61.50000065073983,93.0,68.0,135.0,78.0,222.0,61.50000065073983,HARISS,61.50000065073983,HARISS,175.0,52.0,178.0
996,Switzerland,1.5,10.0,0.08,0.04,118.61092923493507,68.0,Inf,NaN,75.0,3.0,137.0,146.0,75.0,AWW,118.61092923493507,ICU,182.0,55.0,199.0
997,Switzerland,1.5,10.0,0.08,0.04,111.8810825422867,211.0,92.5000004781501,67.0,31.0,1.0,108.0,164.0,31.0,AWW,92.5000004781501,HARISS,180.0,43.0,203.0
998,Switzerland,1.5,10.0,0.08,0.04,82.64458528309683,18.0,Inf,NaN,54.0,1.0,7.0,0.0,54.0,AWW,7.0,AWW,163.0,52.0,184.0
999,Switzerland,1.5,10.0,0.08,0.04,122.07419292606403,630.0,99.50000067309394,189.0,55.0,24.0,55.0,24.0,55.0,AWW,55.0,AWW,155.0,50.0,180.0
1000,Switzerland,1.5,10.0,0.08,0.04,86.33941079490936,294.0,82.5000003432718,275.0,89.0,342.0,124.0,2712.0,82.5000003432718,HARISS,82.5000003432718,HARISS,178.0,43.0,164.0
