sample_id,country,R0,gen_time,p_det,false_positive_rate,icu_detection_time,icu_local_cases,hariss_detection_time,hariss_local_cases,aww_ctt1_detection_time,aww_ctt1_local_cases,aww_ctt2_detection_time,aww_ctt2_local_cases,earliest_detection_time_ctt1,earliest_surveillance_type_ctt1,earliest_detection_time_ctt2,earliest_surveillance_type_ctt2,total_latent,total_infectious,total_detectable
1,Switzerland,1.5,4.0,0.08,0.04,69.38263099610805,2489.0,50.50000099953971,89.0,40.0,4.0,52.0,117.0,40.0,AWW,50.50000099953971,HARISS,948.0,1068.0,2974.0
2,Switzerland,1.5,4.0,0.08,0.04,88.48278452460848,49204.0,54.50000013181567,281.0,37.0,8.0,46.0,40.0,37.0,AWW,46.0,AWW,1004.0,1043.0,2967.0
3,Switzerland,1.5,4.0,0.08,0.04,65.4252317652836,5405.0,61.500000105490145,2897.0,40.0,81.0,55.0,1069.0,40.0,AWW,55.0,AWW,954.0,1079.0,3029.0
4,Switzerland,1.5,4.0,0.08,0.04,30.015922929549564,49.0,54.500000460701024,3091.0,30.0,49.0,54.0,2860.0,30.0,AWW,30.015922929549564,ICU,931.0,1050.0,3053.0
5,Switzerland,1.5,4.0,0.08,0.04,60.948443960013684,302.0,57.500000943988155,171.0,27.0,0.0,52.0,75.0,27.0,AWW,52.0,AWW,984.0,1095.0,2987.0
6,Switzerland,1.5,4.0,0.08,0.04,62.337973261674705,2434.0,50.50000030667043,398.0,24.0,1.0,48.0,245.0,24.0,AWW,48.0,AWW,1011.0,1041.0,2982.0
7,Switzerland,1.5,4.0,0.08,0.04,82.69010669024286,14692.0,57.50000062373677,395.0,24.0,0.0,39.0,17.0,24.0,AWW,39.0,AWW,980.0,1046.0,2920.0
8,Switzerland,1.5,4.0,0.08,0.04,75.83010370849593,5334.0,71.50000047510409,2890.0,44.0,23.0,52.0,129.0,44.0,AWW,52.0,AWW,923.0,1070.0,2958.0
9,Switzerland,1.5,4.0,0.08,0.04,34.48404797559668,84.0,54.50000049618666,1569.0,36.0,96.0,59.0,3149.0,34.48404797559668,ICU,34.48404797559668,ICU,951.0,1089.0,2996.0
10,Switzerland,1.5,4.0,0.08,0.04,76.51181534054935,4748.0,54.50000048513923,214.0,40.0,28.0,41.0,31.0,40.0,AWW,41.0,AWW,1008.0,1100.0,3005.0
11,Switzerland,1.5,4.0,0.08,0.04,56.06512764394892,3466.0,54.5000007041376,2718.0,14.0,1.0,54.0,2494.0,14.0,AWW,54.0,AWW,998.0,1044.0,2905.0
12,Switzerland,1.5,4.0,0.08,0.04,72.42534352997511,8941.0,54.500000007128065,624.0,42.0,91.0,56.0,777.0,42.0,AWW,54.500000007128065,HARISS,913.0,1009.0,3091.0
13,Switzerland,1.5,4.0,0.08,0.04,51.53351395012591,276.0,57.500000892146545,708.0,27.0,5.0,60.0,1059.0,27.0,AWW,51.53351395012591,ICU,1030.0,1100.0,2902.0
14,Switzerland,1.5,4.0,0.08,0.04,82.2359012455406,22300.0,50.500000391712845,223.0,33.0,5.0,33.0,5.0,33.0,AWW,33.0,AWW,977.0,1071.0,2807.0
15,Switzerland,1.5,4.0,0.08,0.04,58.584433551953424,2208.0,50.50000075750105,687.0,29.0,10.0,57.0,1708.0,29.0,AWW,50.50000075750105,HARISS,954.0,1070.0,2993.0
16,Switzerland,1.5,4.0,0.08,0.04,51.73102483563729,844.0,57.500000097413626,2121.0,10.0,0.0,38.0,78.0,10.0,AWW,38.0,AWW,960.0,1098.0,2946.0
17,Switzerland,1.5,4.0,0.08,0.04,62.03418846155152,859.0,40.500000741100116,64.0,23.0,8.0,26.0,14.0,23.0,AWW,26.0,AWW,998.0,1088.0,3097.0
18,Switzerland,1.5,4.0,0.08,0.04,66.66744382818311,4536.0,61.50000003707793,2055.0,14.0,0.0,55.0,724.0,14.0,AWW,55.0,AWW,923.0,1062.0,2963.0
19,Switzerland,1.5,4.0,0.08,0.04,80.98473419157483,15434.0,61.50000021855979,774.0,35.0,2.0,5.0,0.0,35.0,AWW,5.0,AWW,1011.0,1022.0,3127.0
20,Switzerland,1.5,4.0,0.08,0.04,56.05876278817231,602.0,40.500000192907066,74.0,39.0,52.0,49.0,217.0,39.0,AWW,40.500000192907066,HARISS,1000.0,1033.0,2965.0
21,Switzerland,1.5,4.0,0.08,0.04,51.95482751736548,255.0,61.50000088792462,1050.0,22.0,3.0,23.0,3.0,22.0,AWW,23.0,AWW,987.0,1030.0,2856.0
22,Switzerland,1.5,4.0,0.08,0.04,53.1905252869859,644.0,50.50000090511925,433.0,41.0,92.0,56.0,1011.0,41.0,AWW,50.50000090511925,HARISS,940.0,1017.0,2939.0
23,Switzerland,1.5,4.0,0.08,0.04,35.481518066622314,532.0,36.500000418632,603.0,37.0,640.0,37.0,640.0,35.481518066622314,ICU,35.481518066622314,ICU,958.0,1045.0,2991.0
24,Switzerland,1.5,4.0,0.08,0.04,94.80699754630237,58608.0,64.50000010096096,1636.0,43.0,31.0,58.0,585.0,43.0,AWW,58.0,AWW,955.0,1008.0,3010.0
25,Switzerland,1.5,4.0,0.08,0.04,53.41148933755143,1373.0,57.50000015276652,2389.0,37.0,96.0,53.0,1284.0,37.0,AWW,53.0,AWW,1009.0,1075.0,2938.0
26,Switzerland,1.5,4.0,0.08,0.04,19.911923635667808,7.0,50.500000603926516,288.0,33.0,15.0,59.0,1210.0,19.911923635667808,ICU,19.911923635667808,ICU,1010.0,1046.0,3073.0
27,Switzerland,1.5,4.0,0.08,0.04,31.6300565922222,152.0,22.500000933882838,24.0,41.0,521.0,51.0,2192.0,22.500000933882838,HARISS,22.500000933882838,HARISS,1012.0,1053.0,2983.0
28,Switzerland,1.5,4.0,0.08,0.04,23.00451381879135,34.0,36.50000038346207,298.0,45.0,1148.0,56.0,5870.0,23.00451381879135,ICU,23.00451381879135,ICU,975.0,1040.0,2924.0
29,Switzerland,1.5,4.0,0.08,0.04,43.322128873006996,797.0,43.5000001171336,818.0,27.0,74.0,42.0,659.0,27.0,AWW,42.0,AWW,938.0,1073.0,3010.0
30,Switzerland,1.5,4.0,0.08,0.04,52.52037710448319,1010.0,54.50000092590891,1342.0,40.0,156.0,52.0,930.0,40.0,AWW,52.0,AWW,960.0,1060.0,2944.0
31,Switzerland,1.5,4.0,0.08,0.04,66.17054015565333,1859.0,61.500000683781,849.0,17.0,2.0,60.0,675.0,17.0,AWW,60.0,AWW,978.0,1070.0,3049.0
32,Switzerland,1.5,4.0,0.08,0.04,50.7315032768549,435.0,43.50000091636537,107.0,45.0,144.0,48.0,258.0,43.50000091636537,HARISS,43.50000091636537,HARISS,954.0,1046.0,2933.0
33,Switzerland,1.5,4.0,0.08,0.04,7.011174896502064,8.0,36.500000272392874,40.0,29.0,12.0,32.0,13.0,7.011174896502064,ICU,7.011174896502064,ICU,993.0,1037.0,3049.0
34,Switzerland,1.5,4.0,0.08,0.04,57.27565662986639,853.0,61.50000090888424,1593.0,11.0,4.0,58.0,948.0,11.0,AWW,57.27565662986639,ICU,949.0,1085.0,3010.0
35,Switzerland,1.5,4.0,0.08,0.04,60.526654629902566,889.0,54.5000006175711,318.0,51.0,200.0,52.0,230.0,51.0,AWW,52.0,AWW,988.0,1013.0,3021.0
36,Switzerland,1.5,4.0,0.08,0.04,23.34159880148678,1.0,64.50000074541735,886.0,34.0,9.0,34.0,9.0,23.34159880148678,ICU,23.34159880148678,ICU,954.0,1085.0,2916.0
37,Switzerland,1.5,4.0,0.08,0.04,68.79951294712092,4137.0,47.500000415774224,154.0,42.0,70.0,59.0,985.0,42.0,AWW,47.500000415774224,HARISS,1024.0,1125.0,2929.0
38,Switzerland,1.5,4.0,0.08,0.04,41.70833785123652,57.0,50.50000087243685,277.0,40.0,36.0,33.0,9.0,40.0,AWW,33.0,AWW,967.0,1044.0,3105.0
39,Switzerland,1.5,4.0,0.08,0.04,70.64184433021205,4033.0,64.50000089446418,1626.0,32.0,6.0,52.0,212.0,32.0,AWW,52.0,AWW,935.0,1086.0,3068.0
40,Switzerland,1.5,4.0,0.08,0.04,9.717103919113228,1.0,64.50000061031936,2174.0,52.0,321.0,55.0,496.0,9.717103919113228,ICU,9.717103919113228,ICU,965.0,1059.0,3028.0
41,Switzerland,1.5,4.0,0.08,0.04,51.020146575130305,775.0,54.50000060442469,1382.0,37.0,66.0,49.0,527.0,37.0,AWW,49.0,AWW,993.0,1118.0,2981.0
42,Switzerland,1.5,4.0,0.08,0.04,59.662116661327424,1036.0,50.500000921133186,203.0,20.0,0.0,53.0,336.0,20.0,AWW,50.500000921133186,HARISS,976.0,1078.0,2912.0
43,Switzerland,1.5,4.0,0.08,0.04,60.54523093658358,719.0,61.500000279425464,824.0,27.0,4.0,48.0,158.0,27.0,AWW,48.0,AWW,973.0,1015.0,3025.0
44,Switzerland,1.5,4.0,0.08,0.04,29.425931811750523,16.0,68.50000074224434,1312.0,29.0,16.0,48.0,66.0,29.0,AWW,29.425931811750523,ICU,944.0,1061.0,2987.0
45,Switzerland,1.5,4.0,0.08,0.04,46.628579545295494,512.0,43.500000752644034,303.0,41.0,205.0,53.0,1269.0,41.0,AWW,43.500000752644034,HARISS,955.0,978.0,2856.0
46,Switzerland,1.5,4.0,0.08,0.04,49.55312866333737,1353.0,47.500000392972716,1033.0,44.0,638.0,48.0,1105.0,44.0,AWW,47.500000392972716,HARISS,993.0,1071.0,3034.0
47,Switzerland,1.5,4.0,0.08,0.04,34.059181757080815,25.0,43.50000065932752,143.0,31.0,9.0,53.0,572.0,31.0,AWW,34.059181757080815,ICU,978.0,1032.0,3006.0
48,Switzerland,1.5,4.0,0.08,0.04,60.09427852990493,704.0,64.50000024796253,1275.0,17.0,9.0,41.0,34.0,17.0,AWW,41.0,AWW,961.0,1087.0,3011.0
49,Switzerland,1.5,4.0,0.08,0.04,78.85553475740065,19835.0,57.5000000188551,773.0,30.0,7.0,49.0,166.0,30.0,AWW,49.0,AWW,986.0,1100.0,3015.0
50,Switzerland,1.5,4.0,0.08,0.04,26.975717450340795,32.0,50.500000439016475,964.0,41.0,263.0,14.0,0.0,26.975717450340795,ICU,14.0,AWW,993.0,1022.0,3038.0
51,Switzerland,1.5,4.0,0.08,0.04,62.60942252481518,3645.0,43.500000959286716,154.0,29.0,19.0,46.0,224.0,29.0,AWW,43.500000959286716,HARISS,979.0,1053.0,3052.0
52,Switzerland,1.5,4.0,0.08,0.04,70.27626404870168,9927.0,57.500000556152386,1513.0,24.0,6.0,59.0,1891.0,24.0,AWW,57.500000556152386,HARISS,928.0,1041.0,3037.0
53,Switzerland,1.5,4.0,0.08,0.04,62.62867409365083,690.0,68.50000020512374,1667.0,23.0,0.0,57.0,297.0,23.0,AWW,57.0,AWW,959.0,1046.0,2983.0
54,Switzerland,1.5,4.0,0.08,0.04,42.369555049443825,435.0,54.50000041677113,2574.0,21.0,27.0,30.0,86.0,21.0,AWW,30.0,AWW,1050.0,1070.0,2982.0
55,Switzerland,1.5,4.0,0.08,0.04,85.12036982270234,42283.0,57.50000021862153,576.0,28.0,1.0,44.0,43.0,28.0,AWW,44.0,AWW,1027.0,1035.0,3042.0
56,Switzerland,1.5,4.0,0.08,0.04,27.37766922586903,432.0,36.50000000488077,1680.0,31.0,762.0,46.0,7112.0,27.37766922586903,ICU,27.37766922586903,ICU,989.0,1050.0,3022.0
57,Switzerland,1.5,4.0,0.08,0.04,67.89816973943815,1543.0,68.50000094783188,1655.0,42.0,7.0,43.0,22.0,42.0,AWW,43.0,AWW,954.0,1075.0,2988.0
58,Switzerland,1.5,4.0,0.08,0.04,60.904381039200146,2429.0,50.50000035765488,465.0,37.0,32.0,44.0,151.0,37.0,AWW,44.0,AWW,983.0,1063.0,2978.0
59,Switzerland,1.5,4.0,0.08,0.04,76.92675417073717,16442.0,40.500000697835176,86.0,26.0,11.0,27.0,13.0,26.0,AWW,27.0,AWW,978.0,998.0,2943.0
60,Switzerland,1.5,4.0,0.08,0.04,66.60867638023316,2300.0,54.50000005001341,332.0,36.0,13.0,57.0,515.0,36.0,AWW,54.50000005001341,HARISS,965.0,1020.0,3013.0
61,Switzerland,1.5,4.0,0.08,0.04,71.96291079505063,4201.0,57.50000022200214,399.0,36.0,12.0,57.0,374.0,36.0,AWW,57.0,AWW,994.0,1095.0,2987.0
62,Switzerland,1.5,4.0,0.08,0.04,56.5420898589774,592.0,54.50000016152765,411.0,32.0,14.0,57.0,642.0,32.0,AWW,54.50000016152765,HARISS,984.0,1098.0,3005.0
63,Switzerland,1.5,4.0,0.08,0.04,41.11878473894263,902.0,40.50000082715336,826.0,40.0,753.0,48.0,2454.0,40.0,AWW,40.50000082715336,HARISS,992.0,1036.0,2991.0
64,Switzerland,1.5,4.0,0.08,0.04,54.759957982841215,810.0,54.50000027161431,783.0,26.0,5.0,27.0,6.0,26.0,AWW,27.0,AWW,923.0,1062.0,2896.0
65,Switzerland,1.5,4.0,0.08,0.04,72.3613541405971,3812.0,54.500000242637064,227.0,20.0,3.0,49.0,102.0,20.0,AWW,49.0,AWW,990.0,1022.0,3018.0
66,Switzerland,1.5,4.0,0.08,0.04,51.052665878457944,3177.0,40.50000005957759,600.0,36.0,289.0,37.0,361.0,36.0,AWW,37.0,AWW,973.0,1084.0,2929.0
67,Switzerland,1.5,4.0,0.08,0.04,64.41979061776041,3347.0,64.5000006044546,3384.0,45.0,174.0,45.0,174.0,45.0,AWW,45.0,AWW,982.0,1043.0,2982.0
68,Switzerland,1.5,4.0,0.08,0.04,59.555917427772506,2874.0,43.500000456238354,294.0,46.0,424.0,62.0,4130.0,43.500000456238354,HARISS,43.500000456238354,HARISS,959.0,1032.0,2931.0
69,Switzerland,1.5,4.0,0.08,0.04,35.86872679329936,58.0,43.50000075223134,254.0,48.0,552.0,55.0,1731.0,35.86872679329936,ICU,35.86872679329936,ICU,1011.0,996.0,3005.0
70,Switzerland,1.5,4.0,0.08,0.04,49.633272092302064,567.0,57.50000044327452,2115.0,41.0,114.0,57.0,1944.0,41.0,AWW,49.633272092302064,ICU,939.0,1008.0,3036.0
71,Switzerland,1.5,4.0,0.08,0.04,48.490264150999174,181.0,61.50000052495301,1234.0,28.0,14.0,38.0,42.0,28.0,AWW,38.0,AWW,950.0,1039.0,2959.0
72,Switzerland,1.5,4.0,0.08,0.04,55.59820811669533,683.0,54.50000051600679,581.0,17.0,0.0,54.0,545.0,17.0,AWW,54.0,AWW,1041.0,1111.0,3076.0
73,Switzerland,1.5,4.0,0.08,0.04,44.84534690864337,451.0,50.50000041952928,1084.0,25.0,10.0,44.0,388.0,25.0,AWW,44.0,AWW,988.0,1011.0,2983.0
74,Switzerland,1.5,4.0,0.08,0.04,55.6714782266744,555.0,47.50000043512826,144.0,28.0,0.0,41.0,38.0,28.0,AWW,41.0,AWW,933.0,1016.0,3086.0
75,Switzerland,1.5,4.0,0.08,0.04,45.02474718838336,157.0,33.50000081922666,14.0,39.0,50.0,51.0,421.0,33.50000081922666,HARISS,33.50000081922666,HARISS,973.0,1055.0,2932.0
76,Switzerland,1.5,4.0,0.08,0.04,26.45207265020801,10.0,64.50000099044742,3544.0,40.0,87.0,53.0,667.0,26.45207265020801,ICU,26.45207265020801,ICU,943.0,1070.0,3028.0
77,Switzerland,1.5,4.0,0.08,0.04,66.43709165785174,1154.0,47.50000037486074,118.0,21.0,0.0,45.0,79.0,21.0,AWW,45.0,AWW,965.0,1070.0,2979.0
78,Switzerland,1.5,4.0,0.08,0.04,67.45613583026217,5114.0,29.500000907121205,23.0,22.0,6.0,59.0,1319.0,22.0,AWW,29.500000907121205,HARISS,958.0,1009.0,2971.0
79,Switzerland,1.5,4.0,0.08,0.04,36.462012020368945,318.0,40.50000006193347,551.0,39.0,431.0,48.0,1547.0,36.462012020368945,ICU,36.462012020368945,ICU,913.0,1037.0,2992.0
80,Switzerland,1.5,4.0,0.08,0.04,68.01375944898199,1073.0,54.500000750413406,228.0,17.0,0.0,32.0,4.0,17.0,AWW,32.0,AWW,990.0,1061.0,3030.0
81,Switzerland,1.5,4.0,0.08,0.04,33.79776828756499,54.0,61.50000005240007,696.0,33.0,49.0,10.0,17.0,33.0,AWW,10.0,AWW,936.0,1028.0,2918.0
82,Switzerland,1.5,4.0,0.08,0.04,66.41334533105305,5089.0,57.500000466589995,1402.0,36.0,34.0,37.0,38.0,36.0,AWW,37.0,AWW,950.0,1092.0,3074.0
83,Switzerland,1.5,4.0,0.08,0.04,51.16350908162934,1845.0,47.50000053196902,1083.0,40.0,361.0,45.0,745.0,40.0,AWW,45.0,AWW,961.0,1016.0,2989.0
84,Switzerland,1.5,4.0,0.08,0.04,40.791013344893685,260.0,40.50000098811752,248.0,30.0,62.0,49.0,1030.0,30.0,AWW,40.50000098811752,HARISS,927.0,1057.0,2974.0
85,Switzerland,1.5,4.0,0.08,0.04,80.37542284376305,19866.0,54.50000072678227,424.0,27.0,1.0,47.0,116.0,27.0,AWW,47.0,AWW,1030.0,1116.0,2945.0
86,Switzerland,1.5,4.0,0.08,0.04,30.04937532257506,96.0,33.500000116370614,158.0,46.0,976.0,41.0,468.0,30.04937532257506,ICU,30.04937532257506,ICU,946.0,1017.0,2981.0
87,Switzerland,1.5,4.0,0.08,0.04,54.69329416337602,1389.0,54.500000141386515,1347.0,29.0,10.0,51.0,782.0,29.0,AWW,51.0,AWW,961.0,1019.0,2889.0
88,Switzerland,1.5,4.0,0.08,0.04,45.13721897325552,120.0,61.50000060375911,1616.0,27.0,1.0,27.0,1.0,27.0,AWW,27.0,AWW,998.0,1023.0,2907.0
89,Switzerland,1.5,4.0,0.08,0.04,62.693453685021986,2075.0,50.500000894740495,274.0,11.0,14.0,51.0,297.0,11.0,AWW,50.500000894740495,HARISS,963.0,1055.0,3024.0
90,Switzerland,1.5,4.0,0.08,0.04,46.45391211930219,452.0,43.50000024713917,314.0,27.0,19.0,47.0,475.0,27.0,AWW,43.50000024713917,HARISS,946.0,1014.0,2970.0
91,Switzerland,1.5,4.0,0.08,0.04,49.04386566431695,830.0,33.50000070378183,66.0,36.0,101.0,54.0,1778.0,33.50000070378183,HARISS,33.50000070378183,HARISS,928.0,1080.0,2943.0
92,Switzerland,1.5,4.0,0.08,0.04,43.101545830679285,1484.0,40.500000465272635,1002.0,19.0,26.0,39.0,799.0,19.0,AWW,39.0,AWW,940.0,1060.0,3035.0
93,Switzerland,1.5,4.0,0.08,0.04,51.00435399876782,429.0,64.5000000474626,3383.0,35.0,17.0,53.0,577.0,35.0,AWW,51.00435399876782,ICU,1012.0,1093.0,2969.0
94,Switzerland,1.5,4.0,0.08,0.04,38.2538764892548,729.0,26.500000571705925,123.0,23.0,59.0,49.0,3644.0,23.0,AWW,26.500000571705925,HARISS,1014.0,1040.0,3009.0
95,Switzerland,1.5,4.0,0.08,0.04,49.5854481520048,630.0,57.50000024058179,2332.0,42.0,175.0,54.0,1370.0,42.0,AWW,49.5854481520048,ICU,999.0,1077.0,3006.0
96,Switzerland,1.5,4.0,0.08,0.04,35.44323548143583,51.0,61.50000046715759,590.0,23.0,6.0,52.0,157.0,23.0,AWW,35.44323548143583,ICU,956.0,1078.0,2945.0
97,Switzerland,1.5,4.0,0.08,0.04,55.764058958017365,369.0,54.5000000756808,299.0,33.0,5.0,52.0,197.0,33.0,AWW,52.0,AWW,1004.0,1032.0,3056.0
98,Switzerland,1.5,4.0,0.08,0.04,72.92993528724979,23077.0,50.50000006135764,808.0,22.0,1.0,37.0,68.0,22.0,AWW,37.0,AWW,937.0,1015.0,3050.0
99,Switzerland,1.5,4.0,0.08,0.04,67.7030468176421,3991.0,64.50000086403745,2536.0,37.0,30.0,63.0,1949.0,37.0,AWW,63.0,AWW,941.0,1077.0,3071.0
100,Switzerland,1.5,4.0,0.08,0.04,53.95971760821426,487.0,47.50000037051487,231.0,13.0,0.0,52.0,399.0,13.0,AWW,47.50000037051487,HARISS,975.0,1011.0,3019.0
101,Switzerland,1.5,4.0,0.08,0.04,49.359602688559605,784.0,47.50000039866767,573.0,50.0,866.0,53.0,1357.0,47.50000039866767,HARISS,47.50000039866767,HARISS,964.0,1024.0,2917.0
102,Switzerland,1.5,4.0,0.08,0.04,63.93989142090282,1628.0,50.50000068179591,204.0,39.0,20.0,47.0,104.0,39.0,AWW,47.0,AWW,965.0,1079.0,3084.0
103,Switzerland,1.5,4.0,0.08,0.04,46.22545863880533,755.0,50.500000732582635,1433.0,42.0,388.0,47.0,847.0,42.0,AWW,46.22545863880533,ICU,956.0,1031.0,3008.0
104,Switzerland,1.5,4.0,0.08,0.04,68.12761963766525,4332.0,47.5000000883518,213.0,21.0,0.0,50.0,331.0,21.0,AWW,47.5000000883518,HARISS,956.0,1069.0,2927.0
105,Switzerland,1.5,4.0,0.08,0.04,8.991971428692505,61.0,57.500000654877226,659.0,44.0,171.0,49.0,248.0,8.991971428692505,ICU,8.991971428692505,ICU,985.0,1102.0,3066.0
106,Switzerland,1.5,4.0,0.08,0.04,48.047477442472925,3539.0,47.50000084458345,3289.0,20.0,48.0,21.0,65.0,20.0,AWW,21.0,AWW,997.0,1086.0,3010.0
107,Switzerland,1.5,4.0,0.08,0.04,61.62085645615363,1082.0,43.50000059812077,111.0,20.0,0.0,4.0,0.0,20.0,AWW,4.0,AWW,956.0,1021.0,3086.0
108,Switzerland,1.5,4.0,0.08,0.04,55.697111984429505,1138.0,50.50000055461418,522.0,47.0,306.0,56.0,1193.0,47.0,AWW,50.50000055461418,HARISS,959.0,1042.0,2896.0
109,Switzerland,1.5,4.0,0.08,0.04,71.7535241006633,5315.0,43.50000013192246,83.0,41.0,58.0,42.0,68.0,41.0,AWW,42.0,AWW,969.0,1089.0,3049.0
110,Switzerland,1.5,4.0,0.08,0.04,23.497254267450476,4.0,33.500000242136174,10.0,26.0,6.0,36.0,10.0,23.497254267450476,ICU,23.497254267450476,ICU,933.0,1007.0,3002.0
111,Switzerland,1.5,4.0,0.08,0.04,62.42273495389225,1859.0,64.50000066945357,2458.0,21.0,2.0,32.0,16.0,21.0,AWW,32.0,AWW,999.0,1026.0,3155.0
112,Switzerland,1.5,4.0,0.08,0.04,71.55531910804908,11872.0,50.50000075649412,425.0,28.0,30.0,46.0,197.0,28.0,AWW,46.0,AWW,974.0,1098.0,3043.0
113,Switzerland,1.5,4.0,0.08,0.04,84.97915790142652,31716.0,54.500000850034475,341.0,42.0,18.0,50.0,116.0,42.0,AWW,50.0,AWW,1004.0,1120.0,2922.0
114,Switzerland,1.5,4.0,0.08,0.04,8.734573754406355,5.0,54.50000027917806,693.0,23.0,5.0,47.0,211.0,8.734573754406355,ICU,8.734573754406355,ICU,947.0,1001.0,2964.0
115,Switzerland,1.5,4.0,0.08,0.04,21.136391961376965,23.0,68.5000006382356,4437.0,28.0,29.0,29.0,31.0,21.136391961376965,ICU,21.136391961376965,ICU,990.0,1046.0,3022.0
116,Switzerland,1.5,4.0,0.08,0.04,58.54105375893475,443.0,54.50000004345667,278.0,7.0,0.0,21.0,2.0,7.0,AWW,21.0,AWW,1028.0,1092.0,2909.0
117,Switzerland,1.5,4.0,0.08,0.04,63.71181306972627,5921.0,40.50000015844008,133.0,27.0,19.0,50.0,703.0,27.0,AWW,40.50000015844008,HARISS,952.0,1080.0,2886.0
118,Switzerland,1.5,4.0,0.08,0.04,70.9880923909561,4352.0,64.50000084486635,1830.0,32.0,11.0,45.0,88.0,32.0,AWW,45.0,AWW,950.0,1020.0,3018.0
119,Switzerland,1.5,4.0,0.08,0.04,63.87537712021729,1673.0,47.50000090227766,137.0,41.0,27.0,53.0,363.0,41.0,AWW,47.50000090227766,HARISS,923.0,1076.0,2984.0
120,Switzerland,1.5,4.0,0.08,0.04,45.47252072083363,479.0,50.50000099592684,1009.0,41.0,260.0,42.0,300.0,41.0,AWW,42.0,AWW,990.0,1081.0,3019.0
121,Switzerland,1.5,4.0,0.08,0.04,67.05126946603458,4877.0,47.50000022265942,213.0,46.0,179.0,47.0,201.0,46.0,AWW,47.0,AWW,1025.0,1069.0,3122.0
122,Switzerland,1.5,4.0,0.08,0.04,43.962052389581295,79.0,68.50000049299634,3370.0,34.0,21.0,52.0,272.0,34.0,AWW,43.962052389581295,ICU,948.0,1027.0,2950.0
123,Switzerland,1.5,4.0,0.08,0.04,70.64584180855667,5458.0,54.50000039263723,448.0,5.0,0.0,60.0,1071.0,5.0,AWW,54.50000039263723,HARISS,978.0,1072.0,2978.0
124,Switzerland,1.5,4.0,0.08,0.04,55.56904230812433,2519.0,50.500000311836914,1077.0,45.0,439.0,19.0,0.0,45.0,AWW,19.0,AWW,990.0,1038.0,2968.0
125,Switzerland,1.5,4.0,0.08,0.04,65.53229912589221,2393.0,36.500000555318096,23.0,34.0,20.0,47.0,97.0,34.0,AWW,36.500000555318096,HARISS,937.0,996.0,2978.0
126,Switzerland,1.5,4.0,0.08,0.04,36.12788840554729,272.0,43.50000050670719,720.0,32.0,163.0,49.0,1610.0,32.0,AWW,36.12788840554729,ICU,977.0,1060.0,3030.0
127,Switzerland,1.5,4.0,0.08,0.04,56.46905969493402,1107.0,40.500000284872556,116.0,25.0,0.0,48.0,349.0,25.0,AWW,40.500000284872556,HARISS,988.0,1092.0,3001.0
128,Switzerland,1.5,4.0,0.08,0.04,52.27004026191983,747.0,47.500000692758924,340.0,49.0,445.0,35.0,43.0,47.500000692758924,HARISS,35.0,AWW,961.0,1068.0,2988.0
129,Switzerland,1.5,4.0,0.08,0.04,63.08750703726784,2245.0,54.50000001002723,593.0,35.0,35.0,56.0,750.0,35.0,AWW,54.50000001002723,HARISS,1009.0,1023.0,2999.0
130,Switzerland,1.5,4.0,0.08,0.04,35.371140972930796,220.0,57.500000482213395,4376.0,30.0,109.0,31.0,124.0,30.0,AWW,31.0,AWW,919.0,1064.0,2923.0
131,Switzerland,1.5,4.0,0.08,0.04,70.83122072244552,11029.0,50.500000956292276,552.0,34.0,52.0,56.0,1215.0,34.0,AWW,50.500000956292276,HARISS,974.0,1108.0,2907.0
132,Switzerland,1.5,4.0,0.08,0.04,80.60992476120498,5993.0,61.500000133110014,316.0,44.0,21.0,49.0,30.0,44.0,AWW,49.0,AWW,914.0,1042.0,2983.0
133,Switzerland,1.5,4.0,0.08,0.04,46.596742558212746,1961.0,29.50000046135885,180.0,36.0,446.0,63.0,23870.0,29.50000046135885,HARISS,29.50000046135885,HARISS,977.0,1062.0,2960.0
134,Switzerland,1.5,4.0,0.08,0.04,56.01901801912364,399.0,50.50000061309993,167.0,20.0,0.0,44.0,55.0,20.0,AWW,44.0,AWW,1027.0,1079.0,3037.0
135,Switzerland,1.5,4.0,0.08,0.04,51.257392959752856,212.0,57.50000089943547,497.0,41.0,40.0,49.0,149.0,41.0,AWW,49.0,AWW,1000.0,1086.0,2906.0
136,Switzerland,1.5,4.0,0.08,0.04,57.95539580720233,498.0,71.50000035677203,3822.0,34.0,32.0,38.0,37.0,34.0,AWW,38.0,AWW,942.0,1036.0,3013.0
137,Switzerland,1.5,4.0,0.08,0.04,67.27728957798764,1862.0,50.50000066885648,134.0,35.0,0.0,36.0,0.0,35.0,AWW,36.0,AWW,954.0,1046.0,2894.0
138,Switzerland,1.5,4.0,0.08,0.04,58.518748517337386,531.0,61.50000064133361,838.0,6.0,0.0,49.0,82.0,6.0,AWW,49.0,AWW,989.0,999.0,2944.0
139,Switzerland,1.5,4.0,0.08,0.04,40.712279203079554,264.0,43.500000543677125,410.0,32.0,62.0,46.0,607.0,32.0,AWW,40.712279203079554,ICU,1002.0,1057.0,2998.0
140,Switzerland,1.5,4.0,0.08,0.04,33.58196086018039,79.0,61.50000024455696,1050.0,35.0,85.0,40.0,107.0,33.58196086018039,ICU,33.58196086018039,ICU,986.0,1047.0,3013.0
141,Switzerland,1.5,4.0,0.08,0.04,70.84921449723323,4005.0,57.50000034009185,581.0,43.0,77.0,55.0,417.0,43.0,AWW,55.0,AWW,943.0,1084.0,2838.0
142,Switzerland,1.5,4.0,0.08,0.04,59.39852813484867,2073.0,43.500000148201664,230.0,39.0,147.0,45.0,275.0,39.0,AWW,43.500000148201664,HARISS,1004.0,1015.0,3077.0
143,Switzerland,1.5,4.0,0.08,0.04,55.77886273704247,2531.0,40.50000066138971,225.0,47.0,649.0,57.0,3064.0,40.50000066138971,HARISS,40.50000066138971,HARISS,979.0,1083.0,2880.0
144,Switzerland,1.5,4.0,0.08,0.04,48.059337863080195,596.0,50.500000747509446,869.0,21.0,1.0,46.0,457.0,21.0,AWW,46.0,AWW,1024.0,1053.0,3062.0
145,Switzerland,1.5,4.0,0.08,0.04,47.3589415703958,955.0,43.50000061950864,511.0,11.0,0.0,43.0,465.0,11.0,AWW,43.0,AWW,981.0,1038.0,2959.0
146,Switzerland,1.5,4.0,0.08,0.04,49.727799696339,520.0,47.50000074276973,367.0,40.0,101.0,52.0,692.0,40.0,AWW,47.50000074276973,HARISS,960.0,1042.0,2976.0
147,Switzerland,1.5,4.0,0.08,0.04,68.89117292863662,21127.0,50.500000277989905,1077.0,26.0,7.0,46.0,490.0,26.0,AWW,46.0,AWW,968.0,1086.0,2998.0
148,Switzerland,1.5,4.0,0.08,0.04,64.91007377335804,1578.0,57.50000083895326,405.0,34.0,2.0,49.0,81.0,34.0,AWW,49.0,AWW,929.0,998.0,2982.0
149,Switzerland,1.5,4.0,0.08,0.04,52.37223776473372,393.0,54.50000097767614,550.0,37.0,53.0,54.0,518.0,37.0,AWW,52.37223776473372,ICU,930.0,1086.0,3034.0
150,Switzerland,1.5,4.0,0.08,0.04,34.74789968059605,108.0,64.50000007667087,2067.0,12.0,1.0,63.0,1731.0,12.0,AWW,34.74789968059605,ICU,1000.0,1087.0,3010.0
151,Switzerland,1.5,4.0,0.08,0.04,46.51412721899763,290.0,50.5000005147571,568.0,27.0,8.0,36.0,44.0,27.0,AWW,36.0,AWW,940.0,1022.0,2993.0
152,Switzerland,1.5,4.0,0.08,0.04,71.28425767619952,3622.0,68.50000070019658,2408.0,38.0,2.0,52.0,163.0,38.0,AWW,52.0,AWW,975.0,1041.0,3088.0
153,Switzerland,1.5,4.0,0.08,0.04,42.789293838416356,2132.0,33.50000005568513,504.0,39.0,1240.0,58.0,20447.0,33.50000005568513,HARISS,33.50000005568513,HARISS,963.0,1084.0,3003.0
154,Switzerland,1.5,4.0,0.08,0.04,54.33669121499371,824.0,50.500000937846906,452.0,28.0,7.0,65.0,4582.0,28.0,AWW,50.500000937846906,HARISS,991.0,1031.0,3045.0
155,Switzerland,1.5,4.0,0.08,0.04,50.351434673311864,185.0,57.50000080801482,394.0,26.0,3.0,48.0,148.0,26.0,AWW,48.0,AWW,972.0,1008.0,3062.0
156,Switzerland,1.5,4.0,0.08,0.04,66.60879949039244,4029.0,50.500000475072824,367.0,39.0,58.0,56.0,822.0,39.0,AWW,50.500000475072824,HARISS,976.0,1093.0,2947.0
157,Switzerland,1.5,4.0,0.08,0.04,66.23612805236183,2277.0,64.50000000495791,1711.0,17.0,2.0,55.0,350.0,17.0,AWW,55.0,AWW,1002.0,1077.0,2989.0
158,Switzerland,1.5,4.0,0.08,0.04,80.01034363417527,10660.0,50.5000002428282,230.0,28.0,1.0,50.0,214.0,28.0,AWW,50.0,AWW,990.0,1059.0,3070.0
159,Switzerland,1.5,4.0,0.08,0.04,67.37624935939395,11882.0,40.5000008626683,198.0,29.0,28.0,55.0,1783.0,29.0,AWW,40.5000008626683,HARISS,952.0,1072.0,3010.0
160,Switzerland,1.5,4.0,0.08,0.04,51.76932055866253,1533.0,40.50000064772244,285.0,35.0,122.0,38.0,202.0,35.0,AWW,38.0,AWW,957.0,1094.0,3003.0
161,Switzerland,1.5,4.0,0.08,0.04,37.21859656482807,74.0,50.50000093506657,509.0,30.0,22.0,57.0,1304.0,30.0,AWW,37.21859656482807,ICU,946.0,1047.0,2874.0
162,Switzerland,1.5,4.0,0.08,0.04,80.75351878176937,27853.0,61.50000096733685,1601.0,17.0,0.0,18.0,0.0,17.0,AWW,18.0,AWW,989.0,1041.0,3037.0
163,Switzerland,1.5,4.0,0.08,0.04,76.5981456974422,19580.0,54.500000313822426,802.0,27.0,4.0,50.0,437.0,27.0,AWW,50.0,AWW,985.0,1087.0,2923.0
164,Switzerland,1.5,4.0,0.08,0.04,69.1406390668997,3263.0,50.50000009198816,198.0,23.0,1.0,56.0,506.0,23.0,AWW,50.50000009198816,HARISS,951.0,1089.0,3071.0
165,Switzerland,1.5,4.0,0.08,0.04,54.83261102019933,5283.0,43.5000008200708,867.0,47.0,1560.0,52.0,3387.0,43.5000008200708,HARISS,43.5000008200708,HARISS,921.0,1011.0,2992.0
166,Switzerland,1.5,4.0,0.08,0.04,59.668540816502976,2851.0,43.5000002131686,230.0,23.0,6.0,52.0,876.0,23.0,AWW,43.5000002131686,HARISS,951.0,1040.0,2972.0
167,Switzerland,1.5,4.0,0.08,0.04,68.66971298417234,7222.0,50.50000011508113,550.0,34.0,59.0,54.0,840.0,34.0,AWW,50.50000011508113,HARISS,932.0,1061.0,3019.0
168,Switzerland,1.5,4.0,0.08,0.04,12.342963883837264,1.0,68.50000061082947,2808.0,9.0,0.0,37.0,10.0,9.0,AWW,12.342963883837264,ICU,993.0,1036.0,3053.0
169,Switzerland,1.5,4.0,0.08,0.04,70.92396027368561,4341.0,47.50000081431781,203.0,37.0,35.0,55.0,523.0,37.0,AWW,47.50000081431781,HARISS,983.0,1073.0,2995.0
170,Switzerland,1.5,4.0,0.08,0.04,55.37169056043129,1079.0,40.50000077704721,129.0,43.0,163.0,62.0,2975.0,40.50000077704721,HARISS,40.50000077704721,HARISS,925.0,1096.0,3017.0
171,Switzerland,1.5,4.0,0.08,0.04,43.675145273999654,565.0,57.50000051578671,3901.0,15.0,4.0,15.0,4.0,15.0,AWW,15.0,AWW,966.0,991.0,3037.0
172,Switzerland,1.5,4.0,0.08,0.04,68.06642557568688,5180.0,47.50000076589018,221.0,47.0,212.0,48.0,241.0,47.0,AWW,47.50000076589018,HARISS,942.0,1076.0,3055.0
173,Switzerland,1.5,4.0,0.08,0.04,47.05561532062996,1070.0,40.50000031742148,403.0,21.0,8.0,61.0,9387.0,21.0,AWW,40.50000031742148,HARISS,1008.0,1027.0,3047.0
174,Switzerland,1.5,4.0,0.08,0.04,53.358543257456056,2410.0,50.500000835097026,1559.0,37.0,241.0,57.0,4132.0,37.0,AWW,50.500000835097026,HARISS,989.0,1083.0,3004.0
175,Switzerland,1.5,4.0,0.08,0.04,33.52058525541288,9.0,43.500000845722596,59.0,32.0,9.0,33.0,9.0,32.0,AWW,33.0,AWW,940.0,1082.0,3064.0
176,Switzerland,1.5,4.0,0.08,0.04,58.4874106898174,506.0,64.5000004903634,1145.0,33.0,3.0,48.0,90.0,33.0,AWW,48.0,AWW,881.0,1043.0,3029.0
177,Switzerland,1.5,4.0,0.08,0.04,61.08164237392699,1017.0,64.50000012190347,1728.0,16.0,0.0,53.0,321.0,16.0,AWW,53.0,AWW,911.0,1049.0,3071.0
178,Switzerland,1.5,4.0,0.08,0.04,45.01166724672607,761.0,40.50000067858508,366.0,6.0,0.0,56.0,4143.0,6.0,AWW,40.50000067858508,HARISS,946.0,978.0,3017.0
179,Switzerland,1.5,4.0,0.08,0.04,71.89881490924307,24211.0,36.500000656029584,84.0,24.0,2.0,56.0,2295.0,24.0,AWW,36.500000656029584,HARISS,987.0,1026.0,2959.0
180,Switzerland,1.5,4.0,0.08,0.04,8.79002276714436,12.0,43.5000003612883,102.0,22.0,13.0,59.0,953.0,8.79002276714436,ICU,8.79002276714436,ICU,989.0,1072.0,2962.0
181,Switzerland,1.5,4.0,0.08,0.04,44.365942953333104,900.0,43.500000247860505,784.0,25.0,37.0,55.0,4626.0,25.0,AWW,43.500000247860505,HARISS,1058.0,1056.0,3005.0
182,Switzerland,1.5,4.0,0.08,0.04,59.36897880083966,3515.0,43.500000622504174,296.0,41.0,190.0,61.0,4575.0,41.0,AWW,43.500000622504174,HARISS,948.0,1090.0,2964.0
183,Switzerland,1.5,4.0,0.08,0.04,60.446829791513075,7384.0,54.50000099420889,3145.0,30.0,188.0,38.0,355.0,30.0,AWW,38.0,AWW,933.0,1033.0,2894.0
184,Switzerland,1.5,4.0,0.08,0.04,94.87211955722455,35607.0,64.5000006991654,1118.0,29.0,1.0,62.0,835.0,29.0,AWW,62.0,AWW,949.0,1006.0,2965.0
185,Switzerland,1.5,4.0,0.08,0.04,65.62735411284189,634.0,71.50000002821677,1407.0,34.0,7.0,34.0,7.0,34.0,AWW,34.0,AWW,952.0,1091.0,2993.0
186,Switzerland,1.5,4.0,0.08,0.04,10.283677743361263,0.0,47.500000973466776,174.0,36.0,9.0,57.0,846.0,10.283677743361263,ICU,10.283677743361263,ICU,972.0,1053.0,3049.0
187,Switzerland,1.5,4.0,0.08,0.04,50.92546285463494,164.0,47.500000382623845,73.0,15.0,0.0,6.0,0.0,15.0,AWW,6.0,AWW,1005.0,1047.0,3028.0
188,Switzerland,1.5,4.0,0.08,0.04,53.643595080169035,801.0,47.50000064087556,296.0,20.0,1.0,51.0,521.0,20.0,AWW,47.50000064087556,HARISS,987.0,1040.0,2982.0
189,Switzerland,1.5,4.0,0.08,0.04,34.95250065052515,349.0,43.50000087831314,1127.0,27.0,88.0,58.0,8938.0,27.0,AWW,34.95250065052515,ICU,979.0,1043.0,3000.0
190,Switzerland,1.5,4.0,0.08,0.04,57.93083640246431,1116.0,47.50000073765706,314.0,34.0,24.0,35.0,29.0,34.0,AWW,35.0,AWW,975.0,1065.0,3042.0
191,Switzerland,1.5,4.0,0.08,0.04,51.41537139537116,1456.0,40.50000054158763,225.0,35.0,84.0,45.0,529.0,35.0,AWW,40.50000054158763,HARISS,1019.0,1038.0,3020.0
192,Switzerland,1.5,4.0,0.08,0.04,77.44699379936287,30871.0,40.50000048500966,147.0,41.0,164.0,13.0,0.0,40.50000048500966,HARISS,13.0,AWW,933.0,1029.0,2911.0
193,Switzerland,1.5,4.0,0.08,0.04,43.54451014681042,201.0,50.50000076237546,550.0,37.0,66.0,57.0,1328.0,37.0,AWW,43.54451014681042,ICU,952.0,1067.0,3062.0
194,Switzerland,1.5,4.0,0.08,0.04,61.34893219970637,575.0,61.50000033486683,582.0,43.0,27.0,57.0,296.0,43.0,AWW,57.0,AWW,976.0,1059.0,3001.0
195,Switzerland,1.5,4.0,0.08,0.04,67.78928276726894,13342.0,50.50000085036212,893.0,11.0,0.0,54.0,1505.0,11.0,AWW,50.50000085036212,HARISS,953.0,1040.0,3042.0
196,Switzerland,1.5,4.0,0.08,0.04,51.44999903470333,2160.0,50.50000002466417,1869.0,27.0,39.0,52.0,2352.0,27.0,AWW,50.50000002466417,HARISS,960.0,1019.0,3006.0
197,Switzerland,1.5,4.0,0.08,0.04,63.777665145770406,695.0,54.500000946900556,126.0,34.0,4.0,44.0,16.0,34.0,AWW,44.0,AWW,955.0,1017.0,3018.0
198,Switzerland,1.5,4.0,0.08,0.04,18.070185289273702,54.0,61.50000047707007,1020.0,36.0,65.0,56.0,449.0,18.070185289273702,ICU,18.070185289273702,ICU,966.0,1025.0,2982.0
199,Switzerland,1.5,4.0,0.08,0.04,35.45180291067715,5.0,64.50000031839542,1225.0,38.0,7.0,47.0,50.0,35.45180291067715,ICU,35.45180291067715,ICU,950.0,1024.0,3084.0
200,Switzerland,1.5,4.0,0.08,0.04,62.17732153034223,1262.0,61.50000071071402,1145.0,9.0,0.0,35.0,22.0,9.0,AWW,35.0,AWW,966.0,1039.0,3044.0
201,Switzerland,1.5,4.0,0.08,0.04,71.02865459339034,6901.0,50.500000420192016,266.0,49.0,206.0,58.0,872.0,49.0,AWW,50.500000420192016,HARISS,983.0,1074.0,3009.0
202,Switzerland,1.5,4.0,0.08,0.04,75.37284399570943,8753.0,57.50000067170021,760.0,44.0,84.0,45.0,103.0,44.0,AWW,45.0,AWW,992.0,1013.0,3041.0
203,Switzerland,1.5,4.0,0.08,0.04,74.33005315970928,20140.0,43.50000062973885,202.0,28.0,7.0,57.0,1640.0,28.0,AWW,43.50000062973885,HARISS,973.0,1012.0,3006.0
204,Switzerland,1.5,4.0,0.08,0.04,54.46820510296203,619.0,61.50000023629678,1801.0,32.0,13.0,50.0,311.0,32.0,AWW,50.0,AWW,950.0,1059.0,2954.0
205,Switzerland,1.5,4.0,0.08,0.04,20.85928972105887,36.0,68.50000007829416,2075.0,34.0,42.0,54.0,346.0,20.85928972105887,ICU,20.85928972105887,ICU,1011.0,1094.0,3019.0
206,Switzerland,1.5,4.0,0.08,0.04,63.45458968314354,2686.0,61.500000153266726,2022.0,43.0,98.0,56.0,794.0,43.0,AWW,56.0,AWW,916.0,1076.0,2997.0
207,Switzerland,1.5,4.0,0.08,0.04,71.5533581690546,2104.0,78.50000087437724,5388.0,42.0,133.0,45.0,146.0,42.0,AWW,45.0,AWW,901.0,996.0,2970.0
208,Switzerland,1.5,4.0,0.08,0.04,55.95072277646582,544.0,54.5000003101775,443.0,38.0,7.0,43.0,47.0,38.0,AWW,43.0,AWW,961.0,1037.0,3010.0
209,Switzerland,1.5,4.0,0.08,0.04,72.11172715273472,4473.0,64.50000066651576,1550.0,42.0,34.0,43.0,50.0,42.0,AWW,43.0,AWW,944.0,1085.0,2939.0
210,Switzerland,1.5,4.0,0.08,0.04,63.96513525156534,2971.0,40.500000289313434,112.0,41.0,119.0,42.0,133.0,40.500000289313434,HARISS,40.500000289313434,HARISS,1011.0,1044.0,3073.0
211,Switzerland,1.5,4.0,0.08,0.04,40.432149444529095,183.0,54.50000031720091,1714.0,27.0,13.0,51.0,987.0,27.0,AWW,40.432149444529095,ICU,1003.0,994.0,2975.0
212,Switzerland,1.5,4.0,0.08,0.04,73.89971232052942,5955.0,29.50000063984435,5.0,44.0,71.0,45.0,79.0,29.50000063984435,HARISS,29.50000063984435,HARISS,929.0,1070.0,3088.0
213,Switzerland,1.5,4.0,0.08,0.04,51.66040428375512,671.0,54.500000808005616,1016.0,26.0,3.0,45.0,188.0,26.0,AWW,45.0,AWW,926.0,1061.0,3045.0
214,Switzerland,1.5,4.0,0.08,0.04,42.756632612634036,378.0,50.5000008853869,1004.0,10.0,5.0,55.0,1974.0,10.0,AWW,42.756632612634036,ICU,958.0,1048.0,2987.0
215,Switzerland,1.5,4.0,0.08,0.04,39.74169146743374,55.0,43.50000084340197,108.0,29.0,8.0,51.0,400.0,29.0,AWW,39.74169146743374,ICU,936.0,1044.0,3079.0
216,Switzerland,1.5,4.0,0.08,0.04,88.34073721062171,47247.0,50.500000314520925,156.0,27.0,4.0,28.0,5.0,27.0,AWW,28.0,AWW,954.0,979.0,2949.0
217,Switzerland,1.5,4.0,0.08,0.04,51.92147432581554,1770.0,47.500000785451455,897.0,46.0,701.0,60.0,6044.0,46.0,AWW,47.500000785451455,HARISS,936.0,1082.0,3058.0
218,Switzerland,1.5,4.0,0.08,0.04,45.598550961963554,979.0,40.50000018501216,457.0,25.0,60.0,42.0,575.0,25.0,AWW,40.50000018501216,HARISS,925.0,1022.0,2946.0
219,Switzerland,1.5,4.0,0.08,0.04,49.24811199898856,2619.0,29.500000132743416,146.0,34.0,269.0,35.0,306.0,29.500000132743416,HARISS,29.500000132743416,HARISS,970.0,1044.0,3042.0
220,Switzerland,1.5,4.0,0.08,0.04,29.584540377907437,30.0,57.500000770520906,2080.0,41.0,168.0,56.0,1644.0,29.584540377907437,ICU,29.584540377907437,ICU,962.0,1058.0,2965.0
221,Switzerland,1.5,4.0,0.08,0.04,65.27305376593557,9143.0,40.50000015325255,183.0,36.0,86.0,45.0,386.0,36.0,AWW,40.50000015325255,HARISS,976.0,1040.0,2943.0
222,Switzerland,1.5,4.0,0.08,0.04,54.88097425371739,1259.0,50.5000001212703,686.0,29.0,29.0,45.0,338.0,29.0,AWW,45.0,AWW,976.0,1091.0,2930.0
223,Switzerland,1.5,4.0,0.08,0.04,29.68467999980601,4.0,29.500000698807753,4.0,45.0,69.0,46.0,81.0,29.500000698807753,HARISS,29.500000698807753,HARISS,987.0,1062.0,2964.0
224,Switzerland,1.5,4.0,0.08,0.04,71.66197380751272,5250.0,64.50000036021143,2118.0,22.0,1.0,29.0,5.0,22.0,AWW,29.0,AWW,999.0,1115.0,2926.0
225,Switzerland,1.5,4.0,0.08,0.04,59.072518520169055,3824.0,40.500000163962476,223.0,49.0,861.0,58.0,3285.0,40.500000163962476,HARISS,40.500000163962476,HARISS,995.0,1035.0,2982.0
226,Switzerland,1.5,4.0,0.08,0.04,64.60177788958973,5278.0,43.500000433006626,221.0,39.0,122.0,53.0,908.0,39.0,AWW,43.500000433006626,HARISS,926.0,1050.0,2961.0
227,Switzerland,1.5,4.0,0.08,0.04,74.97396762128524,6248.0,71.5000007946168,3698.0,35.0,16.0,56.0,287.0,35.0,AWW,56.0,AWW,1015.0,1042.0,3000.0
228,Switzerland,1.5,4.0,0.08,0.04,58.296853328099964,952.0,54.500000346410225,535.0,23.0,5.0,50.0,272.0,23.0,AWW,50.0,AWW,952.0,1072.0,3015.0
229,Switzerland,1.5,4.0,0.08,0.04,32.41026768792479,19.0,47.500000790876605,161.0,34.0,19.0,46.0,123.0,32.41026768792479,ICU,32.41026768792479,ICU,1016.0,1017.0,2893.0
230,Switzerland,1.5,4.0,0.08,0.04,10.039310843959498,18.0,47.50000093594441,433.0,45.0,305.0,46.0,348.0,10.039310843959498,ICU,10.039310843959498,ICU,904.0,1061.0,3025.0
231,Switzerland,1.5,4.0,0.08,0.04,35.88824088051868,110.0,57.50000045703386,1047.0,14.0,0.0,58.0,1123.0,14.0,AWW,35.88824088051868,ICU,993.0,1041.0,3063.0
232,Switzerland,1.5,4.0,0.08,0.04,61.411432549852954,1498.0,47.500000566496425,176.0,48.0,193.0,49.0,232.0,47.500000566496425,HARISS,47.500000566496425,HARISS,964.0,1065.0,3041.0
233,Switzerland,1.5,4.0,0.08,0.04,77.5039571591162,8956.0,64.5000004076987,1345.0,17.0,0.0,48.0,88.0,17.0,AWW,48.0,AWW,979.0,1032.0,2886.0
234,Switzerland,1.5,4.0,0.08,0.04,32.14450879285574,292.0,33.50000022159844,366.0,47.0,2819.0,48.0,3260.0,32.14450879285574,ICU,32.14450879285574,ICU,981.0,1010.0,2963.0
235,Switzerland,1.5,4.0,0.08,0.04,62.58754312613261,4092.0,54.500000660849906,1181.0,42.0,133.0,63.0,4345.0,42.0,AWW,54.500000660849906,HARISS,960.0,1000.0,2965.0
236,Switzerland,1.5,4.0,0.08,0.04,71.6599779487996,15016.0,33.50000003989944,173.0,27.0,29.0,54.0,1219.0,27.0,AWW,33.50000003989944,HARISS,958.0,1033.0,2989.0
237,Switzerland,1.5,4.0,0.08,0.04,55.923030014542874,381.0,61.500000883324546,993.0,23.0,3.0,51.0,178.0,23.0,AWW,51.0,AWW,1008.0,1071.0,2917.0
238,Switzerland,1.5,4.0,0.08,0.04,45.907467981627875,259.0,54.50000029517762,1034.0,34.0,49.0,22.0,0.0,34.0,AWW,22.0,AWW,951.0,1077.0,2988.0
239,Switzerland,1.5,4.0,0.08,0.04,84.09209079903282,39402.0,50.50000082584178,227.0,36.0,21.0,61.0,1272.0,36.0,AWW,50.50000082584178,HARISS,984.0,1063.0,3006.0
240,Switzerland,1.5,4.0,0.08,0.04,52.39564223326324,1761.0,22.500000165820474,25.0,34.0,121.0,50.0,1279.0,22.500000165820474,HARISS,22.500000165820474,HARISS,952.0,1061.0,3022.0
241,Switzerland,1.5,4.0,0.08,0.04,58.145080996680946,2124.0,50.50000059403652,667.0,11.0,0.0,49.0,513.0,11.0,AWW,49.0,AWW,1026.0,1049.0,3049.0
242,Switzerland,1.5,4.0,0.08,0.04,33.280122317422055,177.0,54.50000043023959,4966.0,45.0,1208.0,13.0,3.0,33.280122317422055,ICU,13.0,AWW,991.0,1052.0,2932.0
243,Switzerland,1.5,4.0,0.08,0.04,63.21913842300684,1655.0,40.50000000868345,36.0,43.0,48.0,62.0,1342.0,40.50000000868345,HARISS,40.50000000868345,HARISS,1016.0,1070.0,2979.0
244,Switzerland,1.5,4.0,0.08,0.04,50.578483648517555,1882.0,50.50000088500608,1866.0,29.0,52.0,54.0,3107.0,29.0,AWW,50.50000088500608,HARISS,965.0,1060.0,3007.0
245,Switzerland,1.5,4.0,0.08,0.04,79.60180733587839,11942.0,57.50000038216946,435.0,29.0,0.0,54.0,270.0,29.0,AWW,54.0,AWW,966.0,1044.0,3054.0
246,Switzerland,1.5,4.0,0.08,0.04,48.64420793983906,533.0,57.500000304563216,2330.0,39.0,99.0,40.0,114.0,39.0,AWW,40.0,AWW,983.0,1035.0,3059.0
247,Switzerland,1.5,4.0,0.08,0.04,63.109293561857754,2930.0,50.50000034864927,533.0,8.0,0.0,51.0,560.0,8.0,AWW,50.50000034864927,HARISS,951.0,1064.0,2949.0
248,Switzerland,1.5,4.0,0.08,0.04,55.25673196805859,1691.0,33.500000523100056,65.0,26.0,33.0,53.0,1155.0,26.0,AWW,33.500000523100056,HARISS,1031.0,1036.0,2895.0
249,Switzerland,1.5,4.0,0.08,0.04,59.918911364536605,860.0,57.50000052288456,550.0,28.0,2.0,43.0,39.0,28.0,AWW,43.0,AWW,964.0,1043.0,2920.0
250,Switzerland,1.5,4.0,0.08,0.04,64.6627966852778,3948.0,47.500000218834934,333.0,44.0,190.0,55.0,1009.0,44.0,AWW,47.500000218834934,HARISS,981.0,1042.0,2895.0
251,Switzerland,1.5,4.0,0.08,0.04,56.64268140686848,473.0,54.50000015394765,329.0,14.0,0.0,46.0,100.0,14.0,AWW,46.0,AWW,900.0,1001.0,2992.0
252,Switzerland,1.5,4.0,0.08,0.04,68.2964976149876,3508.0,50.500000848601665,212.0,45.0,69.0,45.0,69.0,45.0,AWW,45.0,AWW,963.0,1055.0,2983.0
253,Switzerland,1.5,4.0,0.08,0.04,49.46567934217876,583.0,50.50000085610384,674.0,25.0,7.0,54.0,1083.0,25.0,AWW,49.46567934217876,ICU,1012.0,1033.0,2960.0
254,Switzerland,1.5,4.0,0.08,0.04,46.68021824597748,245.0,40.500000728977774,115.0,33.0,21.0,48.0,285.0,33.0,AWW,40.500000728977774,HARISS,976.0,1035.0,3095.0
255,Switzerland,1.5,4.0,0.08,0.04,72.08049889603048,4370.0,54.50000054589641,367.0,34.0,3.0,46.0,61.0,34.0,AWW,46.0,AWW,977.0,1068.0,3038.0
256,Switzerland,1.5,4.0,0.08,0.04,43.20219062497755,827.0,43.500000874851935,865.0,40.0,516.0,41.0,573.0,40.0,AWW,41.0,AWW,913.0,1037.0,3011.0
257,Switzerland,1.5,4.0,0.08,0.04,50.53049210553922,392.0,43.50000013956808,150.0,21.0,0.0,21.0,0.0,21.0,AWW,21.0,AWW,999.0,1083.0,2979.0
258,Switzerland,1.5,4.0,0.08,0.04,70.55378253896626,6269.0,54.500000433945765,438.0,38.0,10.0,57.0,665.0,38.0,AWW,54.500000433945765,HARISS,951.0,1072.0,2985.0
259,Switzerland,1.5,4.0,0.08,0.04,67.52296530453188,5961.0,47.50000073922536,255.0,39.0,78.0,45.0,191.0,39.0,AWW,45.0,AWW,962.0,1067.0,2879.0
260,Switzerland,1.5,4.0,0.08,0.04,44.201920563294884,537.0,47.500000638053194,876.0,23.0,13.0,56.0,3323.0,23.0,AWW,44.201920563294884,ICU,985.0,1034.0,2999.0
261,Switzerland,1.5,4.0,0.08,0.04,51.619868464212054,574.0,36.50000083911041,78.0,35.0,64.0,25.0,17.0,35.0,AWW,25.0,AWW,1023.0,1019.0,2992.0
262,Switzerland,1.5,4.0,0.08,0.04,53.73254896949178,564.0,54.50000016416151,637.0,46.0,144.0,41.0,56.0,46.0,AWW,41.0,AWW,992.0,1042.0,2971.0
263,Switzerland,1.5,4.0,0.08,0.04,49.550819779171526,718.0,43.50000006714126,292.0,35.0,85.0,56.0,1829.0,35.0,AWW,43.50000006714126,HARISS,977.0,1090.0,3025.0
264,Switzerland,1.5,4.0,0.08,0.04,54.312074541547624,1978.0,47.5000001309255,629.0,37.0,109.0,63.0,7442.0,37.0,AWW,47.5000001309255,HARISS,954.0,1034.0,3094.0
265,Switzerland,1.5,4.0,0.08,0.04,41.62574766859899,740.0,40.50000014509339,636.0,38.0,425.0,68.0,33714.0,38.0,AWW,40.50000014509339,HARISS,963.0,1096.0,2959.0
266,Switzerland,1.5,4.0,0.08,0.04,60.359541919457236,1187.0,47.5000004697771,208.0,36.0,70.0,60.0,1132.0,36.0,AWW,47.5000004697771,HARISS,978.0,1017.0,2961.0
267,Switzerland,1.5,4.0,0.08,0.04,42.62529555989075,55.0,64.50000044690972,2192.0,26.0,1.0,52.0,292.0,26.0,AWW,42.62529555989075,ICU,1006.0,1065.0,2997.0
268,Switzerland,1.5,4.0,0.08,0.04,32.429191214933226,396.0,33.50000030632903,442.0,38.0,769.0,49.0,3523.0,32.429191214933226,ICU,32.429191214933226,ICU,998.0,1047.0,3024.0
269,Switzerland,1.5,4.0,0.08,0.04,49.05347897732775,396.0,54.50000082987238,980.0,45.0,208.0,55.0,1062.0,45.0,AWW,49.05347897732775,ICU,984.0,1070.0,3036.0
270,Switzerland,1.5,4.0,0.08,0.04,43.25679762459939,1089.0,40.50000004638938,715.0,46.0,1688.0,59.0,11956.0,40.50000004638938,HARISS,40.50000004638938,HARISS,1000.0,1055.0,2949.0
271,Switzerland,1.5,4.0,0.08,0.04,64.06956221430173,2134.0,50.50000041181666,374.0,39.0,49.0,40.0,61.0,39.0,AWW,40.0,AWW,958.0,1109.0,3019.0
272,Switzerland,1.5,4.0,0.08,0.04,14.109078610326698,7.0,61.500000305406395,792.0,40.0,74.0,44.0,128.0,14.109078610326698,ICU,14.109078610326698,ICU,932.0,1084.0,3012.0
273,Switzerland,1.5,4.0,0.08,0.04,48.097522757357886,574.0,50.50000099647564,804.0,36.0,116.0,47.0,484.0,36.0,AWW,47.0,AWW,980.0,1095.0,3002.0
274,Switzerland,1.5,4.0,0.08,0.04,19.969532281305458,12.0,61.50000068960257,412.0,31.0,13.0,36.0,17.0,19.969532281305458,ICU,19.969532281305458,ICU,992.0,1026.0,2959.0
275,Switzerland,1.5,4.0,0.08,0.04,72.18767966391414,5584.0,54.50000007035638,381.0,38.0,18.0,39.0,19.0,38.0,AWW,39.0,AWW,961.0,1066.0,2906.0
276,Switzerland,1.5,4.0,0.08,0.04,77.74174832932486,10104.0,64.50000095031324,1528.0,30.0,1.0,41.0,19.0,30.0,AWW,41.0,AWW,989.0,1111.0,3025.0
277,Switzerland,1.5,4.0,0.08,0.04,51.61858815986615,555.0,57.50000054035331,1409.0,38.0,80.0,39.0,90.0,38.0,AWW,39.0,AWW,1008.0,1025.0,3059.0
278,Switzerland,1.5,4.0,0.08,0.04,55.63972332798148,990.0,47.50000050188585,217.0,22.0,2.0,51.0,428.0,22.0,AWW,47.50000050188585,HARISS,1003.0,1013.0,2912.0
279,Switzerland,1.5,4.0,0.08,0.04,63.26266269468051,863.0,54.500000229132766,220.0,46.0,44.0,52.0,157.0,46.0,AWW,52.0,AWW,939.0,1048.0,2946.0
280,Switzerland,1.5,4.0,0.08,0.04,74.4807234478617,5280.0,47.500000438633826,91.0,34.0,4.0,32.0,4.0,34.0,AWW,32.0,AWW,1030.0,1109.0,3001.0
281,Switzerland,1.5,4.0,0.08,0.04,69.56698340275364,4874.0,47.500000772780766,164.0,28.0,2.0,60.0,1193.0,28.0,AWW,47.500000772780766,HARISS,922.0,1031.0,3012.0
282,Switzerland,1.5,4.0,0.08,0.04,58.751653471818685,430.0,61.50000003157039,722.0,30.0,5.0,51.0,92.0,30.0,AWW,51.0,AWW,967.0,1022.0,2903.0
283,Switzerland,1.5,4.0,0.08,0.04,58.335112586010844,2074.0,47.50000068707205,421.0,35.0,74.0,56.0,1459.0,35.0,AWW,47.50000068707205,HARISS,918.0,1065.0,2947.0
284,Switzerland,1.5,4.0,0.08,0.04,79.27939299242973,4675.0,54.50000046717468,184.0,12.0,0.0,29.0,3.0,12.0,AWW,29.0,AWW,988.0,1061.0,3069.0
285,Switzerland,1.5,4.0,0.08,0.04,41.173354200964226,1370.0,33.500000889172895,480.0,11.0,20.0,54.0,8558.0,11.0,AWW,33.500000889172895,HARISS,976.0,1051.0,2843.0
286,Switzerland,1.5,4.0,0.08,0.04,54.620561713722324,728.0,57.50000003194525,1176.0,34.0,17.0,38.0,33.0,34.0,AWW,38.0,AWW,982.0,1004.0,3031.0
287,Switzerland,1.5,4.0,0.08,0.04,71.33377240658132,4514.0,40.50000072235136,142.0,51.0,305.0,57.0,630.0,40.50000072235136,HARISS,40.50000072235136,HARISS,974.0,1089.0,2999.0
288,Switzerland,1.5,4.0,0.08,0.04,34.150529914515836,244.0,43.50000028047398,870.0,40.0,545.0,49.0,2020.0,34.150529914515836,ICU,34.150529914515836,ICU,955.0,1020.0,2968.0
289,Switzerland,1.5,4.0,0.08,0.04,69.18657942471053,2369.0,54.500000568705794,226.0,42.0,24.0,57.0,338.0,42.0,AWW,54.500000568705794,HARISS,921.0,1031.0,3084.0
290,Switzerland,1.5,4.0,0.08,0.04,46.769599886282,296.0,26.500000001342812,71.0,31.0,79.0,32.0,79.0,26.500000001342812,HARISS,26.500000001342812,HARISS,984.0,1014.0,2990.0
291,Switzerland,1.5,4.0,0.08,0.04,29.07819507059692,49.0,47.500000200375176,669.0,43.0,316.0,54.0,1916.0,29.07819507059692,ICU,29.07819507059692,ICU,992.0,1030.0,2835.0
292,Switzerland,1.5,4.0,0.08,0.04,40.281986350415785,189.0,40.50000060490131,201.0,27.0,25.0,53.0,1371.0,27.0,AWW,40.281986350415785,ICU,991.0,1116.0,2964.0
293,Switzerland,1.5,4.0,0.08,0.04,27.516429286030927,118.0,43.50000098139224,1419.0,26.0,100.0,57.0,11653.0,26.0,AWW,27.516429286030927,ICU,920.0,1048.0,3007.0
294,Switzerland,1.5,4.0,0.08,0.04,68.95543772104662,4726.0,47.500000929611126,194.0,50.0,283.0,55.0,569.0,47.500000929611126,HARISS,47.500000929611126,HARISS,968.0,1033.0,2985.0
295,Switzerland,1.5,4.0,0.08,0.04,57.43939379389594,1470.0,43.50000074280728,168.0,28.0,11.0,48.0,339.0,28.0,AWW,43.50000074280728,HARISS,920.0,1010.0,3018.0
296,Switzerland,1.5,4.0,0.08,0.04,51.153138618922085,1114.0,43.50000046634777,410.0,24.0,15.0,53.0,1473.0,24.0,AWW,43.50000046634777,HARISS,990.0,1069.0,3045.0
297,Switzerland,1.5,4.0,0.08,0.04,71.47659743063603,3843.0,57.500000576477724,469.0,33.0,1.0,52.0,206.0,33.0,AWW,52.0,AWW,1042.0,1033.0,2976.0
298,Switzerland,1.5,4.0,0.08,0.04,29.910266464281253,400.0,33.50000060921688,655.0,45.0,3961.0,54.0,16277.0,29.910266464281253,ICU,29.910266464281253,ICU,957.0,1023.0,2991.0
299,Switzerland,1.5,4.0,0.08,0.04,47.19356068366102,406.0,54.500000692115734,1277.0,50.0,642.0,51.0,770.0,47.19356068366102,ICU,47.19356068366102,ICU,967.0,1010.0,3143.0
300,Switzerland,1.5,4.0,0.08,0.04,27.187053795609216,4.0,64.50000042606766,1311.0,33.0,11.0,34.0,12.0,27.187053795609216,ICU,27.187053795609216,ICU,971.0,998.0,3070.0
301,Switzerland,1.5,4.0,0.08,0.04,78.51248114280153,7190.0,57.5000008128647,393.0,35.0,3.0,55.0,281.0,35.0,AWW,55.0,AWW,972.0,1052.0,2958.0
302,Switzerland,1.5,4.0,0.08,0.04,48.15657707635531,699.0,54.50000019974919,1787.0,29.0,58.0,47.0,611.0,29.0,AWW,47.0,AWW,954.0,1049.0,2980.0
303,Switzerland,1.5,4.0,0.08,0.04,58.266471741294204,2298.0,57.500000486150284,2089.0,41.0,177.0,48.0,498.0,41.0,AWW,48.0,AWW,977.0,1053.0,2967.0
304,Switzerland,1.5,4.0,0.08,0.04,44.8544498190099,123.0,47.500000449481846,227.0,18.0,0.0,47.0,205.0,18.0,AWW,44.8544498190099,ICU,952.0,1067.0,3000.0
305,Switzerland,1.5,4.0,0.08,0.04,52.2458553591398,709.0,43.50000097566349,249.0,15.0,0.0,16.0,0.0,15.0,AWW,16.0,AWW,1009.0,1062.0,3077.0
306,Switzerland,1.5,4.0,0.08,0.04,37.31835351492369,42.0,54.50000057809625,502.0,25.0,6.0,62.0,1531.0,25.0,AWW,37.31835351492369,ICU,1006.0,978.0,3033.0
307,Switzerland,1.5,4.0,0.08,0.04,58.36830361732312,1021.0,61.50000021633372,1583.0,24.0,3.0,58.0,967.0,24.0,AWW,58.0,AWW,954.0,1080.0,3037.0
308,Switzerland,1.5,4.0,0.08,0.04,64.53640572826308,1600.0,61.50000024161614,1021.0,37.0,50.0,53.0,259.0,37.0,AWW,53.0,AWW,993.0,1161.0,2932.0
309,Switzerland,1.5,4.0,0.08,0.04,59.95215547632906,828.0,64.50000072028084,1706.0,21.0,0.0,50.0,183.0,21.0,AWW,50.0,AWW,1011.0,1057.0,3094.0
310,Switzerland,1.5,4.0,0.08,0.04,87.26661134546488,23456.0,57.500000738854595,226.0,29.0,3.0,58.0,253.0,29.0,AWW,57.500000738854595,HARISS,997.0,1046.0,3071.0
311,Switzerland,1.5,4.0,0.08,0.04,33.36936818660577,451.0,29.50000050307962,250.0,16.0,16.0,32.0,368.0,16.0,AWW,29.50000050307962,HARISS,946.0,1056.0,2932.0
312,Switzerland,1.5,4.0,0.08,0.04,76.10906121164903,3978.0,61.500000766571695,597.0,35.0,0.0,36.0,1.0,35.0,AWW,36.0,AWW,989.0,1030.0,2931.0
313,Switzerland,1.5,4.0,0.08,0.04,18.85595321169542,0.0,50.500000731418936,130.0,37.0,1.0,30.0,0.0,18.85595321169542,ICU,18.85595321169542,ICU,972.0,1038.0,2970.0
314,Switzerland,1.5,4.0,0.08,0.04,62.3756433996281,2394.0,47.50000043435471,236.0,28.0,0.0,55.0,775.0,28.0,AWW,47.50000043435471,HARISS,1007.0,1065.0,2979.0
315,Switzerland,1.5,4.0,0.08,0.04,84.80742357723733,6383.0,57.500000486374276,305.0,20.0,0.0,35.0,14.0,20.0,AWW,35.0,AWW,1002.0,994.0,3102.0
316,Switzerland,1.5,4.0,0.08,0.04,23.918895968915507,103.0,29.50000040658344,222.0,42.0,1405.0,54.0,8256.0,23.918895968915507,ICU,23.918895968915507,ICU,943.0,1040.0,3022.0
317,Switzerland,1.5,4.0,0.08,0.04,55.072347974793885,1584.0,40.500000920138184,204.0,27.0,15.0,52.0,996.0,27.0,AWW,40.500000920138184,HARISS,1003.0,1058.0,2972.0
318,Switzerland,1.5,4.0,0.08,0.04,57.035019949078205,6155.0,54.50000053525223,4146.0,23.0,12.0,41.0,479.0,23.0,AWW,41.0,AWW,1032.0,1050.0,2941.0
319,Switzerland,1.5,4.0,0.08,0.04,61.171264036515275,2472.0,43.500000795218845,194.0,43.0,171.0,56.0,1120.0,43.0,AWW,43.500000795218845,HARISS,993.0,1106.0,2924.0
320,Switzerland,1.5,4.0,0.08,0.04,41.71283073367904,704.0,29.50000043413355,151.0,18.0,26.0,53.0,3563.0,18.0,AWW,29.50000043413355,HARISS,1027.0,1006.0,2986.0
321,Switzerland,1.5,4.0,0.08,0.04,73.64627761185184,4423.0,61.500000616596964,632.0,46.0,35.0,51.0,107.0,46.0,AWW,51.0,AWW,966.0,1046.0,2992.0
322,Switzerland,1.5,4.0,0.08,0.04,60.75844566503015,752.0,54.500000853651706,356.0,29.0,7.0,30.0,7.0,29.0,AWW,30.0,AWW,941.0,1050.0,3028.0
323,Switzerland,1.5,4.0,0.08,0.04,72.94368642655256,4162.0,64.50000038162632,1167.0,27.0,4.0,54.0,262.0,27.0,AWW,54.0,AWW,980.0,1047.0,2985.0
324,Switzerland,1.5,4.0,0.08,0.04,36.454196188255324,262.0,40.5000001176146,518.0,50.0,1975.0,58.0,6311.0,36.454196188255324,ICU,36.454196188255324,ICU,1000.0,1006.0,2992.0
325,Switzerland,1.5,4.0,0.08,0.04,79.06312381613135,11961.0,54.50000084584247,448.0,39.0,15.0,62.0,1174.0,39.0,AWW,54.50000084584247,HARISS,1008.0,1067.0,3031.0
326,Switzerland,1.5,4.0,0.08,0.04,68.0340985769923,2709.0,57.50000038529645,559.0,25.0,3.0,30.0,3.0,25.0,AWW,30.0,AWW,1017.0,1069.0,2968.0
327,Switzerland,1.5,4.0,0.08,0.04,49.02015797653008,347.0,47.50000012794529,276.0,16.0,4.0,34.0,30.0,16.0,AWW,34.0,AWW,920.0,1074.0,3009.0
328,Switzerland,1.5,4.0,0.08,0.04,76.69236112118749,5289.0,64.50000001967823,893.0,21.0,0.0,62.0,670.0,21.0,AWW,62.0,AWW,939.0,1048.0,3014.0
329,Switzerland,1.5,4.0,0.08,0.04,46.16636792941854,140.0,43.50000053644478,132.0,39.0,79.0,53.0,205.0,39.0,AWW,43.50000053644478,HARISS,998.0,1075.0,2932.0
330,Switzerland,1.5,4.0,0.08,0.04,73.39098102761305,4788.0,61.5000005387102,773.0,31.0,0.0,59.0,513.0,31.0,AWW,59.0,AWW,988.0,1097.0,3001.0
331,Switzerland,1.5,4.0,0.08,0.04,40.47255961635275,1027.0,33.50000060309291,353.0,16.0,30.0,55.0,8309.0,16.0,AWW,33.50000060309291,HARISS,1014.0,996.0,2979.0
332,Switzerland,1.5,4.0,0.08,0.04,72.26043493127501,6553.0,57.50000053394112,753.0,52.0,310.0,8.0,1.0,52.0,AWW,8.0,AWW,1034.0,1087.0,2990.0
333,Switzerland,1.5,4.0,0.08,0.04,58.215374837862775,528.0,64.50000072275547,1496.0,36.0,12.0,56.0,378.0,36.0,AWW,56.0,AWW,944.0,1047.0,2975.0
334,Switzerland,1.5,4.0,0.08,0.04,41.221943387067704,33.0,47.500000127780815,98.0,25.0,1.0,56.0,283.0,25.0,AWW,41.221943387067704,ICU,964.0,1055.0,2909.0
335,Switzerland,1.5,4.0,0.08,0.04,45.77731040593217,468.0,40.50000000326039,171.0,20.0,15.0,57.0,2443.0,20.0,AWW,40.50000000326039,HARISS,952.0,1067.0,3048.0
336,Switzerland,1.5,4.0,0.08,0.04,43.65155422634409,241.0,47.50000046162132,392.0,14.0,0.0,44.0,251.0,14.0,AWW,43.65155422634409,ICU,1010.0,1077.0,2946.0
337,Switzerland,1.5,4.0,0.08,0.04,68.85488203739204,1611.0,64.50000085400917,781.0,39.0,11.0,55.0,146.0,39.0,AWW,55.0,AWW,961.0,1034.0,2984.0
338,Switzerland,1.5,4.0,0.08,0.04,67.3787956418103,6745.0,47.50000062614645,359.0,34.0,36.0,35.0,41.0,34.0,AWW,35.0,AWW,923.0,1083.0,2972.0
339,Switzerland,1.5,4.0,0.08,0.04,40.216184314950375,950.0,26.500000011516093,128.0,45.0,1887.0,46.0,2192.0,26.500000011516093,HARISS,26.500000011516093,HARISS,972.0,1002.0,2974.0
340,Switzerland,1.5,4.0,0.08,0.04,24.423108761027624,8.0,61.500000719845445,976.0,42.0,43.0,53.0,338.0,24.423108761027624,ICU,24.423108761027624,ICU,976.0,1052.0,3073.0
341,Switzerland,1.5,4.0,0.08,0.04,68.17718417320198,3969.0,61.50000037198946,1509.0,38.0,18.0,46.0,109.0,38.0,AWW,46.0,AWW,969.0,1030.0,2945.0
342,Switzerland,1.5,4.0,0.08,0.04,75.61398383755181,8567.0,50.50000011742237,171.0,29.0,1.0,49.0,134.0,29.0,AWW,49.0,AWW,963.0,1095.0,2985.0
343,Switzerland,1.5,4.0,0.08,0.04,62.877424008519576,763.0,71.5000002176988,2596.0,34.0,2.0,34.0,2.0,34.0,AWW,34.0,AWW,972.0,1057.0,3059.0
344,Switzerland,1.5,4.0,0.08,0.04,75.89050821033541,4381.0,71.50000093937528,2253.0,30.0,0.0,47.0,43.0,30.0,AWW,47.0,AWW,944.0,988.0,2906.0
345,Switzerland,1.5,4.0,0.08,0.04,50.8280944926839,1089.0,43.500000850619266,322.0,37.0,101.0,42.0,247.0,37.0,AWW,42.0,AWW,972.0,1000.0,2986.0
346,Switzerland,1.5,4.0,0.08,0.04,14.805517742367535,0.0,61.50000014299936,862.0,40.0,47.0,51.0,191.0,14.805517742367535,ICU,14.805517742367535,ICU,972.0,1061.0,3035.0
347,Switzerland,1.5,4.0,0.08,0.04,53.61011575626186,308.0,50.50000029492556,198.0,39.0,23.0,56.0,449.0,39.0,AWW,50.50000029492556,HARISS,1016.0,1023.0,2947.0
348,Switzerland,1.5,4.0,0.08,0.04,52.86673512792185,1132.0,47.500000650124115,490.0,35.0,48.0,51.0,854.0,35.0,AWW,47.500000650124115,HARISS,991.0,1034.0,2962.0
349,Switzerland,1.5,4.0,0.08,0.04,58.92920277954941,890.0,50.50000081510262,249.0,29.0,0.0,30.0,0.0,29.0,AWW,30.0,AWW,941.0,1049.0,2865.0
350,Switzerland,1.5,4.0,0.08,0.04,69.38248201552155,7680.0,54.50000099153117,732.0,22.0,0.0,39.0,34.0,22.0,AWW,39.0,AWW,944.0,1009.0,3016.0
351,Switzerland,1.5,4.0,0.08,0.04,57.555215550620325,1128.0,54.50000000145037,724.0,24.0,8.0,43.0,147.0,24.0,AWW,43.0,AWW,1012.0,1077.0,2973.0
352,Switzerland,1.5,4.0,0.08,0.04,45.747979885431306,254.0,61.500000225463005,1507.0,41.0,150.0,42.0,168.0,41.0,AWW,42.0,AWW,963.0,1058.0,3032.0
353,Switzerland,1.5,4.0,0.08,0.04,85.54264637242069,40888.0,61.50000097763055,1092.0,40.0,12.0,54.0,264.0,40.0,AWW,54.0,AWW,964.0,1065.0,3037.0
354,Switzerland,1.5,4.0,0.08,0.04,65.17600495714075,2429.0,47.50000057592316,240.0,42.0,175.0,42.0,175.0,42.0,AWW,42.0,AWW,979.0,1087.0,2943.0
355,Switzerland,1.5,4.0,0.08,0.04,88.72734487826973,14312.0,61.500000734272504,443.0,41.0,49.0,46.0,55.0,41.0,AWW,46.0,AWW,953.0,1054.0,3034.0
356,Switzerland,1.5,4.0,0.08,0.04,57.61233349659409,1896.0,50.5000009301409,668.0,19.0,4.0,53.0,990.0,19.0,AWW,50.5000009301409,HARISS,940.0,1041.0,2985.0
357,Switzerland,1.5,4.0,0.08,0.04,65.18802496136324,3884.0,36.50000093223838,45.0,51.0,505.0,52.0,567.0,36.50000093223838,HARISS,36.50000093223838,HARISS,952.0,1080.0,2915.0
358,Switzerland,1.5,4.0,0.08,0.04,71.61970800205934,6490.0,33.50000025585463,85.0,42.0,327.0,47.0,440.0,33.50000025585463,HARISS,33.50000025585463,HARISS,969.0,1036.0,2929.0
359,Switzerland,1.5,4.0,0.08,0.04,46.71364044337713,789.0,47.50000053528474,891.0,17.0,1.0,23.0,1.0,17.0,AWW,23.0,AWW,942.0,1038.0,3034.0
360,Switzerland,1.5,4.0,0.08,0.04,79.11295279991973,6549.0,64.50000054764445,651.0,48.0,30.0,56.0,131.0,48.0,AWW,56.0,AWW,963.0,1126.0,3023.0
361,Switzerland,1.5,4.0,0.08,0.04,87.92387025550615,35725.0,47.500000259749086,52.0,43.0,25.0,50.0,86.0,43.0,AWW,47.500000259749086,HARISS,1035.0,1054.0,2959.0
362,Switzerland,1.5,4.0,0.08,0.04,61.676943199535536,2335.0,54.500000340621405,863.0,41.0,64.0,52.0,600.0,41.0,AWW,52.0,AWW,981.0,1073.0,2877.0
363,Switzerland,1.5,4.0,0.08,0.04,58.97133182583985,879.0,47.50000023909213,124.0,28.0,8.0,50.0,181.0,28.0,AWW,47.50000023909213,HARISS,934.0,1049.0,3105.0
364,Switzerland,1.5,4.0,0.08,0.04,57.64063401359224,981.0,61.500000101987624,1787.0,22.0,0.0,42.0,86.0,22.0,AWW,42.0,AWW,921.0,1044.0,2949.0
365,Switzerland,1.5,4.0,0.08,0.04,43.83508094137966,1684.0,29.500000772742695,193.0,31.0,244.0,50.0,4154.0,29.500000772742695,HARISS,29.500000772742695,HARISS,926.0,1049.0,2951.0
366,Switzerland,1.5,4.0,0.08,0.04,44.033040705548615,424.0,47.50000006259201,660.0,26.0,19.0,59.0,3563.0,26.0,AWW,44.033040705548615,ICU,1021.0,1106.0,2998.0
367,Switzerland,1.5,4.0,0.08,0.04,47.0449055633196,259.0,36.50000038479171,29.0,35.0,24.0,36.0,29.0,35.0,AWW,36.0,AWW,963.0,1080.0,2960.0
368,Switzerland,1.5,4.0,0.08,0.04,10.700410697538508,0.0,68.50000079476155,1828.0,30.0,1.0,49.0,59.0,10.700410697538508,ICU,10.700410697538508,ICU,1003.0,993.0,2994.0
369,Switzerland,1.5,4.0,0.08,0.04,49.562360936592434,310.0,54.5000009722571,661.0,35.0,30.0,30.0,7.0,35.0,AWW,30.0,AWW,1027.0,1038.0,3074.0
370,Switzerland,1.5,4.0,0.08,0.04,22.664755286856288,10.0,47.50000071168452,182.0,38.0,34.0,48.0,199.0,22.664755286856288,ICU,22.664755286856288,ICU,974.0,1091.0,2945.0
371,Switzerland,1.5,4.0,0.08,0.04,75.32611909440445,6478.0,57.500000887489755,490.0,38.0,10.0,53.0,209.0,38.0,AWW,53.0,AWW,994.0,1079.0,2976.0
372,Switzerland,1.5,4.0,0.08,0.04,61.89890619125534,3600.0,50.50000059918118,685.0,38.0,95.0,38.0,95.0,38.0,AWW,38.0,AWW,1009.0,1028.0,3081.0
373,Switzerland,1.5,4.0,0.08,0.04,54.58754760217867,565.0,43.50000032088783,62.0,41.0,34.0,46.0,119.0,41.0,AWW,43.50000032088783,HARISS,993.0,1070.0,3001.0
374,Switzerland,1.5,4.0,0.08,0.04,69.00350752285391,6020.0,47.50000076219047,239.0,36.0,33.0,54.0,659.0,36.0,AWW,47.50000076219047,HARISS,927.0,1044.0,3022.0
375,Switzerland,1.5,4.0,0.08,0.04,61.74564535987073,2485.0,54.500000263655465,936.0,36.0,82.0,41.0,166.0,36.0,AWW,41.0,AWW,990.0,1029.0,2999.0
376,Switzerland,1.5,4.0,0.08,0.04,39.54028857991785,406.0,47.50000076704253,1315.0,39.0,366.0,57.0,5392.0,39.0,AWW,39.54028857991785,ICU,975.0,1066.0,2881.0
377,Switzerland,1.5,4.0,0.08,0.04,10.90676688503467,4.0,57.500000663382465,576.0,42.0,38.0,43.0,43.0,10.90676688503467,ICU,10.90676688503467,ICU,1030.0,1085.0,2940.0
378,Switzerland,1.5,4.0,0.08,0.04,45.968620008745404,1884.0,33.500000122866126,291.0,41.0,874.0,53.0,5350.0,33.500000122866126,HARISS,33.500000122866126,HARISS,1016.0,986.0,3055.0
379,Switzerland,1.5,4.0,0.08,0.04,77.28567834521375,8900.0,61.500000529296294,795.0,25.0,0.0,58.0,479.0,25.0,AWW,58.0,AWW,987.0,1012.0,3020.0
380,Switzerland,1.5,4.0,0.08,0.04,71.7583537535126,2848.0,61.500000808388045,466.0,27.0,0.0,55.0,128.0,27.0,AWW,55.0,AWW,997.0,1017.0,3003.0
381,Switzerland,1.5,4.0,0.08,0.04,74.56724118149496,8042.0,43.5000006827402,173.0,29.0,9.0,47.0,249.0,29.0,AWW,43.5000006827402,HARISS,956.0,1058.0,2984.0
382,Switzerland,1.5,4.0,0.08,0.04,70.02809094528723,7401.0,61.500000563986234,2065.0,44.0,133.0,45.0,167.0,44.0,AWW,45.0,AWW,953.0,1068.0,2949.0
383,Switzerland,1.5,4.0,0.08,0.04,41.21198410932035,308.0,50.5000004216378,1332.0,34.0,85.0,57.0,3550.0,34.0,AWW,41.21198410932035,ICU,996.0,1041.0,2947.0
384,Switzerland,1.5,4.0,0.08,0.04,68.33717963221208,1454.0,22.5000008665455,0.0,36.0,8.0,42.0,24.0,22.5000008665455,HARISS,22.5000008665455,HARISS,973.0,1067.0,3024.0
385,Switzerland,1.5,4.0,0.08,0.04,55.03520736522195,426.0,61.50000083594824,1151.0,43.0,60.0,56.0,498.0,43.0,AWW,55.03520736522195,ICU,1037.0,1074.0,3013.0
386,Switzerland,1.5,4.0,0.08,0.04,71.74817774862592,5831.0,50.50000041974154,255.0,40.0,36.0,59.0,867.0,40.0,AWW,50.50000041974154,HARISS,943.0,1097.0,3009.0
387,Switzerland,1.5,4.0,0.08,0.04,67.37795274422876,4001.0,61.500000629776096,1486.0,12.0,0.0,51.0,265.0,12.0,AWW,51.0,AWW,997.0,1073.0,3024.0
388,Switzerland,1.5,4.0,0.08,0.04,57.62027290537929,2383.0,40.500000484687185,279.0,40.0,265.0,41.0,298.0,40.0,AWW,40.500000484687185,HARISS,1001.0,1059.0,2954.0
389,Switzerland,1.5,4.0,0.08,0.04,37.2117904954329,8.0,57.50000094147213,517.0,31.0,5.0,54.0,272.0,31.0,AWW,37.2117904954329,ICU,1025.0,1124.0,3001.0
390,Switzerland,1.5,4.0,0.08,0.04,73.00880799997398,5110.0,57.50000065495458,468.0,35.0,14.0,49.0,129.0,35.0,AWW,49.0,AWW,983.0,1047.0,2890.0
391,Switzerland,1.5,4.0,0.08,0.04,52.37797514901608,477.0,47.50000001241613,215.0,42.0,76.0,53.0,521.0,42.0,AWW,47.50000001241613,HARISS,945.0,1038.0,2985.0
392,Switzerland,1.5,4.0,0.08,0.04,30.41189837921956,92.0,50.50000041794613,1637.0,26.0,53.0,13.0,6.0,26.0,AWW,13.0,AWW,976.0,1014.0,2893.0
393,Switzerland,1.5,4.0,0.08,0.04,63.265404569568176,4691.0,40.50000058940578,181.0,20.0,12.0,49.0,635.0,20.0,AWW,40.50000058940578,HARISS,964.0,998.0,2959.0
394,Switzerland,1.5,4.0,0.08,0.04,77.36535348142382,13025.0,64.50000075311945,2015.0,34.0,7.0,61.0,1232.0,34.0,AWW,61.0,AWW,984.0,1022.0,3009.0
395,Switzerland,1.5,4.0,0.08,0.04,59.35911267052481,3337.0,54.500000332115945,1563.0,38.0,136.0,64.0,6925.0,38.0,AWW,54.500000332115945,HARISS,953.0,994.0,2971.0
396,Switzerland,1.5,4.0,0.08,0.04,64.04581999501309,2663.0,50.500000921873294,300.0,30.0,7.0,49.0,235.0,30.0,AWW,49.0,AWW,983.0,1019.0,2976.0
397,Switzerland,1.5,4.0,0.08,0.04,72.20054998290152,12493.0,61.50000051405199,2429.0,35.0,21.0,55.0,835.0,35.0,AWW,55.0,AWW,904.0,1150.0,3032.0
398,Switzerland,1.5,4.0,0.08,0.04,67.32120629628295,1939.0,36.50000084754252,14.0,31.0,10.0,42.0,31.0,31.0,AWW,36.50000084754252,HARISS,931.0,1052.0,3105.0
399,Switzerland,1.5,4.0,0.08,0.04,50.25920965183367,1333.0,47.50000077612995,891.0,33.0,95.0,53.0,1945.0,33.0,AWW,47.50000077612995,HARISS,1016.0,1054.0,2999.0
400,Switzerland,1.5,4.0,0.08,0.04,64.48342439386008,1631.0,43.50000067990951,89.0,32.0,36.0,33.0,37.0,32.0,AWW,33.0,AWW,903.0,1057.0,2986.0
401,Switzerland,1.5,4.0,0.08,0.04,64.33004476107556,1057.0,54.50000086664196,208.0,28.0,5.0,51.0,133.0,28.0,AWW,51.0,AWW,962.0,1080.0,2962.0
402,Switzerland,1.5,4.0,0.08,0.04,61.4592206090056,1275.0,43.50000004971436,121.0,31.0,17.0,42.0,99.0,31.0,AWW,42.0,AWW,913.0,1021.0,2884.0
403,Switzerland,1.5,4.0,0.08,0.04,64.08743844097269,3260.0,36.500000701277656,53.0,26.0,10.0,22.0,3.0,26.0,AWW,22.0,AWW,967.0,1013.0,3074.0
404,Switzerland,1.5,4.0,0.08,0.04,29.786455368084372,10.0,43.50000094971396,154.0,32.0,28.0,57.0,877.0,29.786455368084372,ICU,29.786455368084372,ICU,960.0,1094.0,2871.0
405,Switzerland,1.5,4.0,0.08,0.04,47.11547720861937,473.0,54.500000877489484,1242.0,30.0,39.0,46.0,393.0,30.0,AWW,46.0,AWW,956.0,1038.0,2975.0
406,Switzerland,1.5,4.0,0.08,0.04,63.41748266333799,1972.0,61.50000097480436,1460.0,24.0,1.0,44.0,48.0,24.0,AWW,44.0,AWW,1007.0,1026.0,3055.0
407,Switzerland,1.5,4.0,0.08,0.04,54.83042502576984,380.0,64.50000064773161,1184.0,35.0,12.0,53.0,279.0,35.0,AWW,53.0,AWW,955.0,1001.0,3001.0
408,Switzerland,1.5,4.0,0.08,0.04,34.29617429733031,213.0,26.500000992216155,67.0,50.0,1608.0,61.0,8013.0,26.500000992216155,HARISS,26.500000992216155,HARISS,1009.0,1035.0,2998.0
409,Switzerland,1.5,4.0,0.08,0.04,66.62200854042044,2655.0,57.500000441745826,714.0,37.0,19.0,4.0,0.0,37.0,AWW,4.0,AWW,997.0,1083.0,2953.0
410,Switzerland,1.5,4.0,0.08,0.04,62.506416201784894,1614.0,61.50000072038908,1410.0,16.0,0.0,34.0,15.0,16.0,AWW,34.0,AWW,992.0,1020.0,3035.0
411,Switzerland,1.5,4.0,0.08,0.04,86.63203380400577,76066.0,50.50000051546821,368.0,32.0,2.0,33.0,4.0,32.0,AWW,33.0,AWW,1004.0,1025.0,2931.0
412,Switzerland,1.5,4.0,0.08,0.04,57.023282057535,847.0,54.500000452348054,542.0,41.0,19.0,54.0,493.0,41.0,AWW,54.0,AWW,949.0,1027.0,2955.0
413,Switzerland,1.5,4.0,0.08,0.04,25.358129794414484,8.0,61.50000003442273,1865.0,46.0,212.0,52.0,487.0,25.358129794414484,ICU,25.358129794414484,ICU,926.0,1081.0,3025.0
414,Switzerland,1.5,4.0,0.08,0.04,50.35070703153035,1541.0,43.500000492239096,557.0,39.0,281.0,40.0,331.0,39.0,AWW,40.0,AWW,963.0,1043.0,2954.0
415,Switzerland,1.5,4.0,0.08,0.04,61.23389055334673,541.0,54.50000042227648,169.0,25.0,0.0,45.0,30.0,25.0,AWW,45.0,AWW,1003.0,1086.0,2989.0
416,Switzerland,1.5,4.0,0.08,0.04,57.03672105940355,804.0,54.50000068288159,528.0,39.0,36.0,39.0,36.0,39.0,AWW,39.0,AWW,953.0,1075.0,3017.0
417,Switzerland,1.5,4.0,0.08,0.04,82.87382491683836,17159.0,64.50000041621574,1147.0,30.0,1.0,54.0,139.0,30.0,AWW,54.0,AWW,990.0,1063.0,3053.0
418,Switzerland,1.5,4.0,0.08,0.04,74.61971262758877,5891.0,61.50000094671717,1031.0,37.0,26.0,38.0,29.0,37.0,AWW,38.0,AWW,925.0,1037.0,2894.0
419,Switzerland,1.5,4.0,0.08,0.04,69.90831517526718,1952.0,71.50000082605244,2452.0,39.0,22.0,39.0,22.0,39.0,AWW,39.0,AWW,895.0,1057.0,2915.0
420,Switzerland,1.5,4.0,0.08,0.04,45.068692860839455,267.0,64.50000076629232,3155.0,35.0,115.0,55.0,859.0,35.0,AWW,45.068692860839455,ICU,1002.0,1033.0,2999.0
421,Switzerland,1.5,4.0,0.08,0.04,59.24118646728487,1007.0,64.5000009801968,2133.0,44.0,136.0,54.0,524.0,44.0,AWW,54.0,AWW,924.0,1054.0,3030.0
422,Switzerland,1.5,4.0,0.08,0.04,81.29026367904608,14589.0,61.50000061652787,668.0,36.0,9.0,47.0,49.0,36.0,AWW,47.0,AWW,970.0,1136.0,3033.0
423,Switzerland,1.5,4.0,0.08,0.04,58.13884164427532,1846.0,29.500000786590817,18.0,50.0,489.0,54.0,980.0,29.500000786590817,HARISS,29.500000786590817,HARISS,1044.0,1059.0,2922.0
424,Switzerland,1.5,4.0,0.08,0.04,61.94804038196166,767.0,61.50000011791409,707.0,43.0,24.0,43.0,24.0,43.0,AWW,43.0,AWW,994.0,1064.0,2981.0
425,Switzerland,1.5,4.0,0.08,0.04,66.94523005482475,3058.0,61.500000589212895,1451.0,36.0,19.0,57.0,777.0,36.0,AWW,57.0,AWW,985.0,1056.0,3007.0
426,Switzerland,1.5,4.0,0.08,0.04,51.67541991713679,116.0,36.50000026912582,16.0,18.0,0.0,63.0,744.0,18.0,AWW,36.50000026912582,HARISS,983.0,1029.0,2994.0
427,Switzerland,1.5,4.0,0.08,0.04,74.3125873990936,4845.0,61.5000000812921,1031.0,32.0,7.0,33.0,7.0,32.0,AWW,33.0,AWW,951.0,1058.0,3001.0
428,Switzerland,1.5,4.0,0.08,0.04,71.20397742538833,4366.0,50.500000042789594,222.0,46.0,132.0,57.0,514.0,46.0,AWW,50.500000042789594,HARISS,976.0,1088.0,2968.0
429,Switzerland,1.5,4.0,0.08,0.04,34.3413282923497,90.0,61.50000098867714,969.0,39.0,106.0,55.0,369.0,34.3413282923497,ICU,34.3413282923497,ICU,963.0,994.0,3015.0
430,Switzerland,1.5,4.0,0.08,0.04,68.67049755896379,5541.0,54.50000056435318,601.0,29.0,5.0,55.0,655.0,29.0,AWW,54.50000056435318,HARISS,968.0,1048.0,2976.0
431,Switzerland,1.5,4.0,0.08,0.04,86.4557970630932,30090.0,54.50000039719272,300.0,32.0,27.0,55.0,324.0,32.0,AWW,54.50000039719272,HARISS,968.0,1087.0,3017.0
432,Switzerland,1.5,4.0,0.08,0.04,48.78236096269218,1498.0,50.500000607405255,2044.0,29.0,65.0,53.0,2919.0,29.0,AWW,48.78236096269218,ICU,947.0,1084.0,2970.0
433,Switzerland,1.5,4.0,0.08,0.04,73.69284672955281,3373.0,8.500000582183675,0.0,16.0,0.0,53.0,148.0,8.500000582183675,HARISS,8.500000582183675,HARISS,957.0,982.0,2999.0
434,Switzerland,1.5,4.0,0.08,0.04,68.80963071820246,1816.0,40.500000985378264,71.0,28.0,17.0,55.0,337.0,28.0,AWW,40.500000985378264,HARISS,978.0,1076.0,2906.0
435,Switzerland,1.5,4.0,0.08,0.04,69.3832736367451,2123.0,68.5000000570848,1872.0,37.0,19.0,48.0,70.0,37.0,AWW,48.0,AWW,978.0,1138.0,3028.0
436,Switzerland,1.5,4.0,0.08,0.04,23.147473087769523,0.0,61.5000007116826,537.0,36.0,9.0,37.0,10.0,23.147473087769523,ICU,23.147473087769523,ICU,968.0,998.0,2996.0
437,Switzerland,1.5,4.0,0.08,0.04,77.13285270975258,18867.0,33.50000025888893,28.0,23.0,3.0,27.0,9.0,23.0,AWW,27.0,AWW,956.0,1058.0,2941.0
438,Switzerland,1.5,4.0,0.08,0.04,65.05682018005658,5652.0,43.5000002839728,217.0,31.0,25.0,39.0,106.0,31.0,AWW,39.0,AWW,971.0,1053.0,2993.0
439,Switzerland,1.5,4.0,0.08,0.04,30.2266533135868,34.0,40.500000492524364,155.0,37.0,98.0,52.0,1048.0,30.2266533135868,ICU,30.2266533135868,ICU,938.0,1045.0,2967.0
440,Switzerland,1.5,4.0,0.08,0.04,50.22371588563535,279.0,57.500000781621914,792.0,33.0,9.0,33.0,9.0,33.0,AWW,33.0,AWW,955.0,1097.0,2952.0
441,Switzerland,1.5,4.0,0.08,0.04,65.66796998692487,2916.0,64.50000035276052,2392.0,7.0,0.0,48.0,171.0,7.0,AWW,48.0,AWW,1031.0,1114.0,3122.0
442,Switzerland,1.5,4.0,0.08,0.04,54.41411188781792,480.0,64.5000001991897,2991.0,50.0,237.0,51.0,282.0,50.0,AWW,51.0,AWW,1021.0,1028.0,3004.0
443,Switzerland,1.5,4.0,0.08,0.04,57.706297103931796,1134.0,57.50000047842532,1090.0,38.0,71.0,43.0,139.0,38.0,AWW,43.0,AWW,963.0,1051.0,2970.0
444,Switzerland,1.5,4.0,0.08,0.04,58.09052395019497,1561.0,50.500000414834076,463.0,43.0,127.0,57.0,1307.0,43.0,AWW,50.500000414834076,HARISS,971.0,1099.0,2953.0
445,Switzerland,1.5,4.0,0.08,0.04,60.34771053790048,1310.0,47.500000175389125,187.0,24.0,2.0,47.0,169.0,24.0,AWW,47.0,AWW,961.0,1036.0,3006.0
446,Switzerland,1.5,4.0,0.08,0.04,70.01217124996352,8715.0,57.50000081549208,1334.0,40.0,85.0,46.0,264.0,40.0,AWW,46.0,AWW,954.0,1074.0,2880.0
447,Switzerland,1.5,4.0,0.08,0.04,21.164723003637082,4.0,57.50000020481429,447.0,28.0,5.0,51.0,150.0,21.164723003637082,ICU,21.164723003637082,ICU,990.0,1023.0,2961.0
448,Switzerland,1.5,4.0,0.08,0.04,76.36495797338695,9751.0,64.50000057072654,1635.0,44.0,67.0,55.0,336.0,44.0,AWW,55.0,AWW,977.0,1048.0,3016.0
449,Switzerland,1.5,4.0,0.08,0.04,67.98371001968302,1809.0,64.50000089058402,1069.0,45.0,27.0,52.0,75.0,45.0,AWW,52.0,AWW,957.0,1073.0,2982.0
450,Switzerland,1.5,4.0,0.08,0.04,68.58240372430707,1725.0,54.500000084521666,303.0,36.0,14.0,37.0,16.0,36.0,AWW,37.0,AWW,916.0,1074.0,3080.0
451,Switzerland,1.5,4.0,0.08,0.04,55.53177833753588,2777.0,43.50000016252889,441.0,40.0,248.0,51.0,1387.0,40.0,AWW,43.50000016252889,HARISS,1026.0,1016.0,3010.0
452,Switzerland,1.5,4.0,0.08,0.04,40.046736362545694,480.0,50.50000084669459,2458.0,42.0,651.0,51.0,2661.0,40.046736362545694,ICU,40.046736362545694,ICU,951.0,1047.0,2997.0
453,Switzerland,1.5,4.0,0.08,0.04,55.400767032077596,1556.0,61.50000051621189,4204.0,35.0,39.0,55.0,1459.0,35.0,AWW,55.0,AWW,976.0,1064.0,3068.0
454,Switzerland,1.5,4.0,0.08,0.04,63.728537663921486,4927.0,57.500000160189764,1928.0,31.0,47.0,47.0,405.0,31.0,AWW,47.0,AWW,993.0,1053.0,2972.0
455,Switzerland,1.5,4.0,0.08,0.04,71.58312044414458,3779.0,61.5000003489202,819.0,27.0,0.0,51.0,134.0,27.0,AWW,51.0,AWW,955.0,1108.0,2952.0
456,Switzerland,1.5,4.0,0.08,0.04,66.71641282456102,10574.0,50.50000061672344,858.0,39.0,142.0,26.0,10.0,39.0,AWW,26.0,AWW,953.0,1086.0,2954.0
457,Switzerland,1.5,4.0,0.08,0.04,44.38839385692436,74.0,54.50000036476924,373.0,35.0,11.0,44.0,65.0,35.0,AWW,44.0,AWW,990.0,1016.0,3001.0
458,Switzerland,1.5,4.0,0.08,0.04,55.090093623885764,622.0,40.50000009719214,75.0,34.0,31.0,47.0,201.0,34.0,AWW,40.50000009719214,HARISS,960.0,1035.0,3063.0
459,Switzerland,1.5,4.0,0.08,0.04,43.63079407039109,408.0,47.50000009043964,774.0,42.0,316.0,48.0,831.0,42.0,AWW,43.63079407039109,ICU,924.0,1063.0,2868.0
460,Switzerland,1.5,4.0,0.08,0.04,32.321466156433786,28.0,54.500000855922295,350.0,34.0,42.0,53.0,302.0,32.321466156433786,ICU,32.321466156433786,ICU,981.0,1081.0,3086.0
461,Switzerland,1.5,4.0,0.08,0.04,38.83903982677694,16.0,68.50000066169815,1687.0,38.0,13.0,57.0,313.0,38.0,AWW,38.83903982677694,ICU,952.0,1112.0,3001.0
462,Switzerland,1.5,4.0,0.08,0.04,70.89329137724664,4913.0,50.50000061988894,264.0,38.0,35.0,38.0,35.0,38.0,AWW,38.0,AWW,980.0,1121.0,2921.0
463,Switzerland,1.5,4.0,0.08,0.04,51.709960743059796,599.0,61.500000995760054,2812.0,30.0,0.0,52.0,629.0,30.0,AWW,51.709960743059796,ICU,961.0,1073.0,2913.0
464,Switzerland,1.5,4.0,0.08,0.04,43.9010265944868,279.0,54.50000087972805,1466.0,33.0,60.0,41.0,192.0,33.0,AWW,41.0,AWW,1014.0,1028.0,3073.0
465,Switzerland,1.5,4.0,0.08,0.04,46.43527353493533,100.0,64.50000036723753,1843.0,36.0,12.0,37.0,16.0,36.0,AWW,37.0,AWW,963.0,1040.0,3045.0
466,Switzerland,1.5,4.0,0.08,0.04,61.12350113699635,2549.0,47.50000071921467,385.0,12.0,0.0,52.0,730.0,12.0,AWW,47.50000071921467,HARISS,898.0,1053.0,2964.0
467,Switzerland,1.5,4.0,0.08,0.04,43.87985564712899,162.0,50.50000064471553,440.0,40.0,91.0,48.0,308.0,40.0,AWW,43.87985564712899,ICU,979.0,1041.0,3012.0
468,Switzerland,1.5,4.0,0.08,0.04,32.17887172507692,18.0,47.50000043570253,89.0,26.0,8.0,46.0,69.0,26.0,AWW,32.17887172507692,ICU,943.0,966.0,3039.0
469,Switzerland,1.5,4.0,0.08,0.04,51.46084673958372,338.0,57.500000962656884,819.0,47.0,178.0,52.0,359.0,47.0,AWW,51.46084673958372,ICU,989.0,1052.0,2995.0
470,Switzerland,1.5,4.0,0.08,0.04,52.81205152648386,547.0,61.50000077819902,2029.0,37.0,38.0,38.0,44.0,37.0,AWW,38.0,AWW,940.0,1057.0,2969.0
471,Switzerland,1.5,4.0,0.08,0.04,39.48711294258923,577.0,36.50000022367768,366.0,50.0,3315.0,55.0,7089.0,36.50000022367768,HARISS,36.50000022367768,HARISS,1014.0,1048.0,2954.0
472,Switzerland,1.5,4.0,0.08,0.04,76.32510623548816,28466.0,47.50000067798989,394.0,31.0,27.0,56.0,1389.0,31.0,AWW,47.50000067798989,HARISS,987.0,1008.0,3150.0
473,Switzerland,1.5,4.0,0.08,0.04,38.75743112973819,489.0,40.500000574932216,606.0,42.0,760.0,50.0,2403.0,38.75743112973819,ICU,38.75743112973819,ICU,991.0,1106.0,2925.0
474,Switzerland,1.5,4.0,0.08,0.04,36.25220811518776,4.0,68.50000068439749,884.0,25.0,4.0,11.0,0.0,25.0,AWW,11.0,AWW,1030.0,1064.0,2929.0
475,Switzerland,1.5,4.0,0.08,0.04,57.964996163327356,773.0,64.50000013894257,2097.0,34.0,15.0,49.0,210.0,34.0,AWW,49.0,AWW,997.0,1065.0,2979.0
476,Switzerland,1.5,4.0,0.08,0.04,37.45851828017763,22.0,50.50000086259455,221.0,35.0,12.0,36.0,16.0,35.0,AWW,36.0,AWW,1013.0,1079.0,2986.0
477,Switzerland,1.5,4.0,0.08,0.04,63.05686552372747,3459.0,43.500000632598876,184.0,37.0,72.0,53.0,783.0,37.0,AWW,43.500000632598876,HARISS,937.0,1028.0,3010.0
478,Switzerland,1.5,4.0,0.08,0.04,80.45474920133259,23414.0,50.500000625150655,321.0,40.0,38.0,57.0,930.0,40.0,AWW,50.500000625150655,HARISS,1005.0,1058.0,3121.0
479,Switzerland,1.5,4.0,0.08,0.04,76.23089882624227,7168.0,61.500000748802435,743.0,40.0,40.0,51.0,182.0,40.0,AWW,51.0,AWW,940.0,1086.0,3025.0
480,Switzerland,1.5,4.0,0.08,0.04,46.51824367931295,192.0,50.500000324095986,336.0,22.0,9.0,49.0,261.0,22.0,AWW,46.51824367931295,ICU,922.0,1001.0,2973.0
481,Switzerland,1.5,4.0,0.08,0.04,49.09194838171783,669.0,54.50000086009873,1478.0,23.0,7.0,34.0,57.0,23.0,AWW,34.0,AWW,970.0,1078.0,3032.0
482,Switzerland,1.5,4.0,0.08,0.04,72.59374076087872,5486.0,64.50000073922804,1572.0,41.0,35.0,59.0,657.0,41.0,AWW,59.0,AWW,955.0,1058.0,3037.0
483,Switzerland,1.5,4.0,0.08,0.04,49.780836241762046,185.0,47.50000057695155,138.0,28.0,0.0,28.0,0.0,28.0,AWW,28.0,AWW,956.0,1040.0,3024.0
484,Switzerland,1.5,4.0,0.08,0.04,84.43052216733459,15943.0,71.50000039019744,2289.0,38.0,10.0,60.0,334.0,38.0,AWW,60.0,AWW,956.0,1100.0,2971.0
485,Switzerland,1.5,4.0,0.08,0.04,70.6945423688121,3958.0,57.500000648284484,503.0,44.0,61.0,45.0,71.0,44.0,AWW,45.0,AWW,955.0,1082.0,3011.0
486,Switzerland,1.5,4.0,0.08,0.04,41.744831138053435,2199.0,26.500000177965294,221.0,51.0,8971.0,55.0,16362.0,26.500000177965294,HARISS,26.500000177965294,HARISS,967.0,1040.0,2977.0
487,Switzerland,1.5,4.0,0.08,0.04,38.06013533400549,88.0,61.50000079286898,3423.0,48.0,482.0,53.0,1004.0,38.06013533400549,ICU,38.06013533400549,ICU,949.0,1074.0,3012.0
488,Switzerland,1.5,4.0,0.08,0.04,57.13940799436656,734.0,54.500000161785884,473.0,41.0,62.0,54.0,439.0,41.0,AWW,54.0,AWW,969.0,996.0,2891.0
489,Switzerland,1.5,4.0,0.08,0.04,58.45379339157263,615.0,61.50000071787399,940.0,38.0,40.0,47.0,116.0,38.0,AWW,47.0,AWW,968.0,1092.0,2876.0
490,Switzerland,1.5,4.0,0.08,0.04,75.27058153069643,4764.0,47.50000063554608,108.0,23.0,4.0,40.0,26.0,23.0,AWW,40.0,AWW,950.0,1020.0,2962.0
491,Switzerland,1.5,4.0,0.08,0.04,21.590952654847232,9.0,26.50000060329799,9.0,24.0,9.0,49.0,259.0,21.590952654847232,ICU,21.590952654847232,ICU,1005.0,1028.0,3076.0
492,Switzerland,1.5,4.0,0.08,0.04,58.08621319282374,3100.0,50.500000683175095,982.0,10.0,0.0,53.0,1434.0,10.0,AWW,50.500000683175095,HARISS,963.0,1119.0,2999.0
493,Switzerland,1.5,4.0,0.08,0.04,77.2431801157779,5917.0,50.5000009872165,101.0,43.0,22.0,57.0,257.0,43.0,AWW,50.5000009872165,HARISS,952.0,1033.0,2955.0
494,Switzerland,1.5,4.0,0.08,0.04,51.689460484775665,287.0,47.500000570462184,136.0,48.0,147.0,61.0,1318.0,47.500000570462184,HARISS,47.500000570462184,HARISS,997.0,1047.0,3007.0
495,Switzerland,1.5,4.0,0.08,0.04,42.60485414488104,87.0,57.50000034957414,1289.0,23.0,0.0,34.0,13.0,23.0,AWW,34.0,AWW,982.0,982.0,2943.0
496,Switzerland,1.5,4.0,0.08,0.04,46.62501523219334,1234.0,40.500000101224714,489.0,52.0,2684.0,59.0,7217.0,40.500000101224714,HARISS,40.500000101224714,HARISS,962.0,1048.0,2919.0
497,Switzerland,1.5,4.0,0.08,0.04,67.3407671495916,1529.0,57.50000046932773,427.0,34.0,21.0,42.0,42.0,34.0,AWW,42.0,AWW,948.0,1008.0,2977.0
498,Switzerland,1.5,4.0,0.08,0.04,52.39944542681298,1618.0,43.50000022295136,469.0,22.0,26.0,57.0,3120.0,22.0,AWW,43.50000022295136,HARISS,947.0,1080.0,2873.0
499,Switzerland,1.5,4.0,0.08,0.04,52.094796451211074,363.0,61.50000095684349,1812.0,40.0,51.0,53.0,435.0,40.0,AWW,52.094796451211074,ICU,953.0,1027.0,3032.0
500,Switzerland,1.5,4.0,0.08,0.04,94.98323647439794,56708.0,57.5000009489247,670.0,34.0,38.0,42.0,63.0,34.0,AWW,42.0,AWW,1009.0,1012.0,2953.0
501,Switzerland,1.5,4.0,0.08,0.04,44.292037022052675,139.0,36.50000047906828,53.0,40.0,79.0,49.0,287.0,36.50000047906828,HARISS,36.50000047906828,HARISS,958.0,1051.0,2999.0
502,Switzerland,1.5,4.0,0.08,0.04,42.043168423927796,1561.0,29.50000021873546,228.0,34.0,474.0,37.0,737.0,29.50000021873546,HARISS,29.50000021873546,HARISS,989.0,1065.0,3018.0
503,Switzerland,1.5,4.0,0.08,0.04,39.758879733955006,91.0,47.50000015975705,286.0,40.0,95.0,59.0,1674.0,39.758879733955006,ICU,39.758879733955006,ICU,989.0,1079.0,2990.0
504,Switzerland,1.5,4.0,0.08,0.04,62.44183065662151,1000.0,57.50000054915582,482.0,28.0,7.0,51.0,146.0,28.0,AWW,51.0,AWW,938.0,1102.0,2948.0
505,Switzerland,1.5,4.0,0.08,0.04,90.71117218050256,52368.0,50.50000000577435,186.0,29.0,2.0,46.0,90.0,29.0,AWW,46.0,AWW,999.0,972.0,3060.0
506,Switzerland,1.5,4.0,0.08,0.04,62.78735408095199,2975.0,47.50000085618225,253.0,38.0,50.0,49.0,340.0,38.0,AWW,47.50000085618225,HARISS,935.0,1076.0,3028.0
507,Switzerland,1.5,4.0,0.08,0.04,77.71107204338286,8897.0,61.50000066120144,759.0,44.0,37.0,45.0,47.0,44.0,AWW,45.0,AWW,931.0,1073.0,2987.0
508,Switzerland,1.5,4.0,0.08,0.04,78.29793861627951,9274.0,54.50000063052173,336.0,39.0,116.0,50.0,224.0,39.0,AWW,50.0,AWW,961.0,1056.0,3022.0
509,Switzerland,1.5,4.0,0.08,0.04,59.176212701082015,4607.0,47.50000090095828,764.0,38.0,163.0,52.0,1571.0,38.0,AWW,47.50000090095828,HARISS,954.0,984.0,3046.0
510,Switzerland,1.5,4.0,0.08,0.04,51.74355788743982,2174.0,47.500000303183505,1158.0,48.0,1245.0,56.0,4094.0,47.500000303183505,HARISS,47.500000303183505,HARISS,1005.0,1119.0,3006.0
511,Switzerland,1.5,4.0,0.08,0.04,42.11987025934097,574.0,40.500000671629195,477.0,30.0,127.0,31.0,142.0,30.0,AWW,31.0,AWW,993.0,1122.0,3031.0
512,Switzerland,1.5,4.0,0.08,0.04,10.72643439006443,2.0,50.500000889719075,486.0,27.0,7.0,55.0,969.0,10.72643439006443,ICU,10.72643439006443,ICU,969.0,1105.0,2989.0
513,Switzerland,1.5,4.0,0.08,0.04,73.44039341342305,7195.0,57.50000099886438,691.0,50.0,215.0,51.0,251.0,50.0,AWW,51.0,AWW,941.0,1049.0,3052.0
514,Switzerland,1.5,4.0,0.08,0.04,51.64458664138652,304.0,50.50000001681545,245.0,33.0,11.0,50.0,230.0,33.0,AWW,50.0,AWW,1008.0,1048.0,3069.0
515,Switzerland,1.5,4.0,0.08,0.04,66.09783376568389,1026.0,57.50000025685134,321.0,40.0,15.0,38.0,11.0,40.0,AWW,38.0,AWW,911.0,1052.0,3037.0
516,Switzerland,1.5,4.0,0.08,0.04,73.65415190084306,5030.0,50.500000269971444,253.0,15.0,0.0,44.0,88.0,15.0,AWW,44.0,AWW,950.0,1035.0,3009.0
517,Switzerland,1.5,4.0,0.08,0.04,74.9863775314784,7965.0,57.500000111467834,593.0,34.0,17.0,55.0,395.0,34.0,AWW,55.0,AWW,928.0,1025.0,3015.0
518,Switzerland,1.5,4.0,0.08,0.04,46.70714028145654,127.0,61.50000002841189,1636.0,36.0,16.0,55.0,554.0,36.0,AWW,46.70714028145654,ICU,948.0,1027.0,3009.0
519,Switzerland,1.5,4.0,0.08,0.04,56.3370519391964,932.0,50.5000002578494,441.0,47.0,254.0,52.0,523.0,47.0,AWW,50.5000002578494,HARISS,932.0,1036.0,3030.0
520,Switzerland,1.5,4.0,0.08,0.04,62.213235643227044,641.0,61.50000032415782,589.0,47.0,46.0,50.0,69.0,47.0,AWW,50.0,AWW,946.0,1078.0,3046.0
521,Switzerland,1.5,4.0,0.08,0.04,53.916689654476045,334.0,50.50000042175088,187.0,28.0,0.0,60.0,887.0,28.0,AWW,50.50000042175088,HARISS,1009.0,1030.0,2955.0
522,Switzerland,1.5,4.0,0.08,0.04,69.23907003665707,5461.0,61.50000088969625,1539.0,26.0,2.0,59.0,1030.0,26.0,AWW,59.0,AWW,987.0,1018.0,2940.0
523,Switzerland,1.5,4.0,0.08,0.04,73.81711114822204,5719.0,61.50000055793139,873.0,36.0,13.0,43.0,21.0,36.0,AWW,43.0,AWW,978.0,1052.0,2953.0
524,Switzerland,1.5,4.0,0.08,0.04,51.109142180441395,428.0,47.50000001952648,231.0,13.0,2.0,60.0,1683.0,13.0,AWW,47.50000001952648,HARISS,1009.0,1026.0,2928.0
525,Switzerland,1.5,4.0,0.08,0.04,70.64764256747274,6847.0,47.50000058179378,200.0,42.0,69.0,51.0,370.0,42.0,AWW,47.50000058179378,HARISS,933.0,1031.0,2938.0
526,Switzerland,1.5,4.0,0.08,0.04,72.49268669426762,10563.0,40.50000041197488,85.0,44.0,134.0,51.0,381.0,40.50000041197488,HARISS,40.50000041197488,HARISS,981.0,1017.0,2911.0
527,Switzerland,1.5,4.0,0.08,0.04,54.678529192408455,804.0,54.500000975463394,788.0,31.0,12.0,32.0,12.0,31.0,AWW,32.0,AWW,1027.0,1062.0,3016.0
528,Switzerland,1.5,4.0,0.08,0.04,45.23848882640645,119.0,50.5000001877345,295.0,33.0,13.0,46.0,134.0,33.0,AWW,45.23848882640645,ICU,981.0,999.0,3078.0
529,Switzerland,1.5,4.0,0.08,0.04,79.45020317257739,6575.0,50.50000067844117,110.0,37.0,18.0,38.0,21.0,37.0,AWW,38.0,AWW,935.0,1035.0,3008.0
530,Switzerland,1.5,4.0,0.08,0.04,67.74197091190682,4140.0,50.50000091370799,413.0,28.0,52.0,49.0,362.0,28.0,AWW,49.0,AWW,951.0,1019.0,3035.0
531,Switzerland,1.5,4.0,0.08,0.04,34.28706973146184,170.0,40.500000938013294,409.0,36.0,204.0,61.0,9713.0,34.28706973146184,ICU,34.28706973146184,ICU,952.0,1026.0,2969.0
532,Switzerland,1.5,4.0,0.08,0.04,84.39722560014528,10524.0,68.50000031203271,1253.0,15.0,0.0,44.0,17.0,15.0,AWW,44.0,AWW,927.0,1035.0,3008.0
533,Switzerland,1.5,4.0,0.08,0.04,51.21720552910261,163.0,64.50000028919808,1324.0,21.0,2.0,52.0,183.0,21.0,AWW,51.21720552910261,ICU,957.0,1014.0,2985.0
534,Switzerland,1.5,4.0,0.08,0.04,33.218950091208995,33.0,61.50000008053334,544.0,12.0,0.0,56.0,205.0,12.0,AWW,33.218950091208995,ICU,957.0,1109.0,3098.0
535,Switzerland,1.5,4.0,0.08,0.04,65.78264055898757,1465.0,57.50000065911046,364.0,29.0,0.0,38.0,13.0,29.0,AWW,38.0,AWW,962.0,1102.0,3093.0
536,Switzerland,1.5,4.0,0.08,0.04,71.85429205912412,3603.0,57.50000039256256,370.0,46.0,41.0,51.0,106.0,46.0,AWW,51.0,AWW,951.0,1059.0,3123.0
537,Switzerland,1.5,4.0,0.08,0.04,19.486853170741313,49.0,19.500000018497694,49.0,42.0,72.0,45.0,81.0,19.486853170741313,ICU,19.486853170741313,ICU,1034.0,1105.0,2908.0
538,Switzerland,1.5,4.0,0.08,0.04,61.35201294435479,3064.0,50.5000002884586,653.0,46.0,344.0,50.0,609.0,46.0,AWW,50.0,AWW,981.0,1060.0,2935.0
539,Switzerland,1.5,4.0,0.08,0.04,81.80877138287357,8582.0,68.50000045631668,1551.0,35.0,8.0,48.0,82.0,35.0,AWW,48.0,AWW,953.0,1024.0,2972.0
540,Switzerland,1.5,4.0,0.08,0.04,49.96299110511619,306.0,61.50000095945185,1815.0,15.0,2.0,42.0,72.0,15.0,AWW,42.0,AWW,991.0,1053.0,2991.0
541,Switzerland,1.5,4.0,0.08,0.04,71.58924119134191,6186.0,54.50000000207779,467.0,38.0,52.0,44.0,105.0,38.0,AWW,44.0,AWW,993.0,1051.0,3097.0
542,Switzerland,1.5,4.0,0.08,0.04,85.04212288140617,14472.0,57.50000052736277,315.0,5.0,0.0,22.0,0.0,5.0,AWW,22.0,AWW,1003.0,1076.0,2922.0
543,Switzerland,1.5,4.0,0.08,0.04,83.5656465434687,16457.0,40.50000017857779,18.0,45.0,61.0,50.0,159.0,40.50000017857779,HARISS,40.50000017857779,HARISS,982.0,1073.0,2975.0
544,Switzerland,1.5,4.0,0.08,0.04,80.46692241805755,25442.0,57.50000043355706,1001.0,24.0,0.0,34.0,7.0,24.0,AWW,34.0,AWW,941.0,1067.0,2946.0
545,Switzerland,1.5,4.0,0.08,0.04,62.62292303852534,1927.0,61.500000086396525,1619.0,34.0,15.0,38.0,36.0,34.0,AWW,38.0,AWW,1010.0,1097.0,2967.0
546,Switzerland,1.5,4.0,0.08,0.04,66.3653968172357,1819.0,64.50000015035548,1313.0,3.0,0.0,49.0,100.0,3.0,AWW,49.0,AWW,982.0,1077.0,2954.0
547,Switzerland,1.5,4.0,0.08,0.04,28.791650038856904,171.0,29.500000936570256,183.0,35.0,402.0,36.0,464.0,28.791650038856904,ICU,28.791650038856904,ICU,937.0,1004.0,3067.0
548,Switzerland,1.5,4.0,0.08,0.04,16.856242662850278,25.0,36.50000041281832,736.0,28.0,199.0,40.0,1239.0,16.856242662850278,ICU,16.856242662850278,ICU,901.0,1078.0,2939.0
549,Switzerland,1.5,4.0,0.08,0.04,55.93184816403099,3492.0,47.50000037503476,1057.0,42.0,477.0,52.0,1958.0,42.0,AWW,47.50000037503476,HARISS,985.0,1028.0,3002.0
550,Switzerland,1.5,4.0,0.08,0.04,16.835812554412982,16.0,43.50000068981015,285.0,42.0,251.0,50.0,540.0,16.835812554412982,ICU,16.835812554412982,ICU,991.0,1073.0,3050.0
551,Switzerland,1.5,4.0,0.08,0.04,82.4047495664258,10342.0,36.50000093466794,28.0,13.0,0.0,56.0,295.0,13.0,AWW,36.50000093466794,HARISS,954.0,1019.0,3051.0
552,Switzerland,1.5,4.0,0.08,0.04,69.82373559974762,2126.0,57.500000300032255,433.0,26.0,0.0,34.0,8.0,26.0,AWW,34.0,AWW,871.0,1020.0,2935.0
553,Switzerland,1.5,4.0,0.08,0.04,27.747005180431927,23.0,43.50000079176721,104.0,27.0,20.0,45.0,107.0,27.0,AWW,27.747005180431927,ICU,934.0,1008.0,3013.0
554,Switzerland,1.5,4.0,0.08,0.04,61.64651799940818,2178.0,61.500000113799956,2135.0,34.0,8.0,57.0,1070.0,34.0,AWW,57.0,AWW,1003.0,1019.0,3043.0
555,Switzerland,1.5,4.0,0.08,0.04,47.774681635065164,335.0,57.50000087081413,1437.0,34.0,41.0,48.0,347.0,34.0,AWW,47.774681635065164,ICU,965.0,1105.0,2923.0
556,Switzerland,1.5,4.0,0.08,0.04,43.18912555674728,463.0,47.50000026838378,863.0,35.0,126.0,13.0,2.0,35.0,AWW,13.0,AWW,964.0,1028.0,2992.0
557,Switzerland,1.5,4.0,0.08,0.04,86.38449559836253,18546.0,68.50000080842379,1557.0,36.0,4.0,54.0,268.0,36.0,AWW,54.0,AWW,975.0,1009.0,3027.0
558,Switzerland,1.5,4.0,0.08,0.04,46.71417150547607,1196.0,40.50000055734973,462.0,52.0,2539.0,53.0,2922.0,40.50000055734973,HARISS,40.50000055734973,HARISS,956.0,1060.0,2999.0
559,Switzerland,1.5,4.0,0.08,0.04,49.545847061016914,145.0,8.500000469792463,2.0,32.0,4.0,50.0,161.0,8.500000469792463,HARISS,8.500000469792463,HARISS,958.0,1035.0,2974.0
560,Switzerland,1.5,4.0,0.08,0.04,74.76502714045562,3771.0,64.50000056814861,847.0,13.0,0.0,50.0,130.0,13.0,AWW,50.0,AWW,961.0,1054.0,2932.0
561,Switzerland,1.5,4.0,0.08,0.04,38.855397746887775,157.0,50.5000003789692,984.0,39.0,159.0,60.0,4180.0,38.855397746887775,ICU,38.855397746887775,ICU,985.0,1062.0,3096.0
562,Switzerland,1.5,4.0,0.08,0.04,59.38246266809666,854.0,40.50000066532837,104.0,35.0,81.0,35.0,81.0,35.0,AWW,35.0,AWW,961.0,1039.0,3036.0
563,Switzerland,1.5,4.0,0.08,0.04,80.28929343756825,7346.0,61.50000021694849,442.0,25.0,1.0,50.0,78.0,25.0,AWW,50.0,AWW,967.0,1105.0,2976.0
564,Switzerland,1.5,4.0,0.08,0.04,65.92887219193278,2719.0,54.50000029007784,491.0,23.0,0.0,55.0,530.0,23.0,AWW,54.50000029007784,HARISS,1000.0,1027.0,3040.0
565,Switzerland,1.5,4.0,0.08,0.04,53.620515739398286,5404.0,40.5000005892503,740.0,22.0,51.0,49.0,2615.0,22.0,AWW,40.5000005892503,HARISS,1014.0,988.0,3028.0
566,Switzerland,1.5,4.0,0.08,0.04,41.303171665359464,322.0,54.500000352322616,2262.0,45.0,556.0,51.0,1346.0,41.303171665359464,ICU,41.303171665359464,ICU,971.0,1021.0,3026.0
567,Switzerland,1.5,4.0,0.08,0.04,65.04838251805188,2833.0,57.500000020191806,978.0,32.0,11.0,54.0,588.0,32.0,AWW,54.0,AWW,980.0,1066.0,3034.0
568,Switzerland,1.5,4.0,0.08,0.04,47.54038200020345,40.0,50.500000352677915,78.0,46.0,33.0,47.0,39.0,46.0,AWW,47.0,AWW,1011.0,1040.0,2984.0
569,Switzerland,1.5,4.0,0.08,0.04,89.95997127286492,214245.0,57.50000065993319,2005.0,43.0,221.0,61.0,3323.0,43.0,AWW,57.50000065993319,HARISS,918.0,1047.0,3014.0
570,Switzerland,1.5,4.0,0.08,0.04,77.83764993854555,4988.0,75.50000032598047,3630.0,28.0,2.0,44.0,59.0,28.0,AWW,44.0,AWW,1042.0,1069.0,2901.0
571,Switzerland,1.5,4.0,0.08,0.04,24.62292740691673,2.0,50.50000081569932,546.0,47.0,304.0,48.0,363.0,24.62292740691673,ICU,24.62292740691673,ICU,938.0,1079.0,2986.0
572,Switzerland,1.5,4.0,0.08,0.04,12.932983406851692,0.0,61.50000098377677,1102.0,29.0,6.0,45.0,88.0,12.932983406851692,ICU,12.932983406851692,ICU,953.0,1032.0,3010.0
573,Switzerland,1.5,4.0,0.08,0.04,49.91409370879341,1073.0,40.500000232683796,266.0,30.0,54.0,57.0,3276.0,30.0,AWW,40.500000232683796,HARISS,951.0,1050.0,3006.0
574,Switzerland,1.5,4.0,0.08,0.04,72.50059149068072,4384.0,68.500000378413,2521.0,16.0,0.0,46.0,35.0,16.0,AWW,46.0,AWW,981.0,1039.0,2928.0
575,Switzerland,1.5,4.0,0.08,0.04,75.81208592461677,6694.0,47.50000083852816,90.0,25.0,1.0,55.0,268.0,25.0,AWW,47.50000083852816,HARISS,994.0,1043.0,2984.0
576,Switzerland,1.5,4.0,0.08,0.04,63.20550513075843,1325.0,54.500000211993125,400.0,38.0,37.0,46.0,99.0,38.0,AWW,46.0,AWW,987.0,1039.0,3070.0
577,Switzerland,1.5,4.0,0.08,0.04,40.64911843904522,65.0,61.50000007297905,544.0,35.0,24.0,58.0,310.0,35.0,AWW,40.64911843904522,ICU,947.0,1062.0,3026.0
578,Switzerland,1.5,4.0,0.08,0.04,65.661197049957,1303.0,61.50000011446997,777.0,26.0,8.0,34.0,8.0,26.0,AWW,34.0,AWW,971.0,1096.0,3056.0
579,Switzerland,1.5,4.0,0.08,0.04,36.67733848328931,438.0,29.50000022613914,159.0,37.0,453.0,58.0,9562.0,29.50000022613914,HARISS,29.50000022613914,HARISS,1003.0,1072.0,2984.0
580,Switzerland,1.5,4.0,0.08,0.04,64.93789727876694,997.0,54.500000171764704,183.0,43.0,19.0,57.0,279.0,43.0,AWW,54.500000171764704,HARISS,983.0,1120.0,2973.0
581,Switzerland,1.5,4.0,0.08,0.04,41.91856070108725,175.0,50.50000004861943,578.0,45.0,275.0,53.0,871.0,41.91856070108725,ICU,41.91856070108725,ICU,984.0,1030.0,3012.0
582,Switzerland,1.5,4.0,0.08,0.04,82.68383295951445,12972.0,61.50000040989147,495.0,24.0,0.0,52.0,80.0,24.0,AWW,52.0,AWW,960.0,1011.0,3108.0
583,Switzerland,1.5,4.0,0.08,0.04,80.01661225679298,8275.0,50.50000040713713,144.0,33.0,1.0,41.0,10.0,33.0,AWW,41.0,AWW,955.0,1060.0,2908.0
584,Switzerland,1.5,4.0,0.08,0.04,51.92665780509248,1606.0,29.500000771573166,59.0,29.0,55.0,47.0,825.0,29.0,AWW,29.500000771573166,HARISS,986.0,1078.0,2931.0
585,Switzerland,1.5,4.0,0.08,0.04,89.02563243435883,43763.0,57.500000769540634,495.0,40.0,18.0,43.0,33.0,40.0,AWW,43.0,AWW,972.0,1067.0,3045.0
586,Switzerland,1.5,4.0,0.08,0.04,42.535210075697385,127.0,61.50000064955123,977.0,46.0,186.0,47.0,208.0,42.535210075697385,ICU,42.535210075697385,ICU,959.0,1042.0,3015.0
587,Switzerland,1.5,4.0,0.08,0.04,65.02924296218234,2618.0,57.500000438058684,863.0,38.0,22.0,39.0,29.0,38.0,AWW,39.0,AWW,973.0,984.0,3008.0
588,Switzerland,1.5,4.0,0.08,0.04,55.38366098148407,486.0,54.500000358288965,409.0,42.0,55.0,52.0,271.0,42.0,AWW,52.0,AWW,970.0,1035.0,3083.0
589,Switzerland,1.5,4.0,0.08,0.04,71.65687933983982,6618.0,50.500000156640844,198.0,51.0,219.0,62.0,1490.0,50.500000156640844,HARISS,50.500000156640844,HARISS,973.0,1059.0,3062.0
590,Switzerland,1.5,4.0,0.08,0.04,75.49319419461203,4782.0,64.50000038325486,976.0,33.0,3.0,34.0,4.0,33.0,AWW,34.0,AWW,998.0,1010.0,2980.0
591,Switzerland,1.5,4.0,0.08,0.04,73.49651950732013,4369.0,50.50000084666865,157.0,43.0,50.0,50.0,143.0,43.0,AWW,50.0,AWW,989.0,978.0,2935.0
592,Switzerland,1.5,4.0,0.08,0.04,62.54646544574456,1660.0,47.50000096399595,107.0,30.0,4.0,42.0,34.0,30.0,AWW,42.0,AWW,933.0,1026.0,2928.0
593,Switzerland,1.5,4.0,0.08,0.04,56.99173706239808,742.0,54.50000019405063,551.0,38.0,30.0,59.0,986.0,38.0,AWW,54.50000019405063,HARISS,971.0,1035.0,2948.0
594,Switzerland,1.5,4.0,0.08,0.04,56.35674881820676,640.0,57.500000720812245,749.0,34.0,8.0,56.0,602.0,34.0,AWW,56.0,AWW,954.0,1103.0,3040.0
595,Switzerland,1.5,4.0,0.08,0.04,47.11192477849,661.0,54.50000030329248,2028.0,36.0,114.0,37.0,142.0,36.0,AWW,37.0,AWW,990.0,1043.0,2943.0
596,Switzerland,1.5,4.0,0.08,0.04,56.172503706518675,343.0,57.500000030664424,424.0,42.0,40.0,43.0,44.0,42.0,AWW,43.0,AWW,985.0,1059.0,3071.0
597,Switzerland,1.5,4.0,0.08,0.04,31.650322430933393,42.0,40.500000670766234,191.0,42.0,248.0,43.0,287.0,31.650322430933393,ICU,31.650322430933393,ICU,940.0,1063.0,2912.0
598,Switzerland,1.5,4.0,0.08,0.04,54.78921495453774,572.0,47.50000025488217,200.0,43.0,85.0,44.0,99.0,43.0,AWW,44.0,AWW,928.0,1027.0,2999.0
599,Switzerland,1.5,4.0,0.08,0.04,42.34490133837307,945.0,29.500000249454896,92.0,21.0,16.0,50.0,3174.0,21.0,AWW,29.500000249454896,HARISS,943.0,1080.0,3111.0
600,Switzerland,1.5,4.0,0.08,0.04,68.36586913499845,4545.0,47.50000019420748,158.0,27.0,1.0,59.0,1052.0,27.0,AWW,47.50000019420748,HARISS,1013.0,1062.0,2952.0
601,Switzerland,1.5,4.0,0.08,0.04,39.41352463472718,46.0,61.50000032815882,446.0,28.0,0.0,35.0,11.0,28.0,AWW,35.0,AWW,1017.0,1081.0,2958.0
602,Switzerland,1.5,4.0,0.08,0.04,31.141608290967845,78.0,50.500000327923274,206.0,50.0,195.0,56.0,375.0,31.141608290967845,ICU,31.141608290967845,ICU,976.0,1076.0,2985.0
603,Switzerland,1.5,4.0,0.08,0.04,28.22877115091572,4.0,61.50000065871543,1695.0,4.0,0.0,47.0,219.0,4.0,AWW,28.22877115091572,ICU,1026.0,1074.0,2969.0
604,Switzerland,1.5,4.0,0.08,0.04,62.574440566017365,1712.0,61.50000019831446,1473.0,34.0,16.0,55.0,562.0,34.0,AWW,55.0,AWW,1031.0,1045.0,3022.0
605,Switzerland,1.5,4.0,0.08,0.04,44.84517121446671,448.0,47.50000079955662,645.0,35.0,100.0,36.0,123.0,35.0,AWW,36.0,AWW,983.0,1070.0,2969.0
606,Switzerland,1.5,4.0,0.08,0.04,66.7748877535422,6952.0,57.500000798554424,1673.0,14.0,0.0,52.0,658.0,14.0,AWW,52.0,AWW,965.0,1082.0,3139.0
607,Switzerland,1.5,4.0,0.08,0.04,43.52369458511881,172.0,54.50000014531155,1074.0,38.0,79.0,57.0,1545.0,38.0,AWW,43.52369458511881,ICU,980.0,1043.0,3082.0
608,Switzerland,1.5,4.0,0.08,0.04,44.91466532381,342.0,43.500000864857405,263.0,33.0,45.0,54.0,1298.0,33.0,AWW,43.500000864857405,HARISS,964.0,1088.0,2982.0
609,Switzerland,1.5,4.0,0.08,0.04,61.218030103155144,768.0,61.5000001519236,808.0,44.0,43.0,58.0,451.0,44.0,AWW,58.0,AWW,936.0,1025.0,3030.0
610,Switzerland,1.5,4.0,0.08,0.04,31.224313506282847,13.0,47.50000091689925,143.0,51.0,305.0,52.0,368.0,31.224313506282847,ICU,31.224313506282847,ICU,999.0,1020.0,2965.0
611,Switzerland,1.5,4.0,0.08,0.04,52.86135138397413,2006.0,43.50000078635182,478.0,44.0,523.0,56.0,3223.0,43.50000078635182,HARISS,43.50000078635182,HARISS,995.0,1101.0,2982.0
612,Switzerland,1.5,4.0,0.08,0.04,53.8238806801946,1343.0,36.500000372279956,95.0,42.0,230.0,43.0,262.0,36.500000372279956,HARISS,36.500000372279956,HARISS,1001.0,1082.0,3046.0
613,Switzerland,1.5,4.0,0.08,0.04,34.66436551600816,275.0,29.50000098191046,131.0,17.0,21.0,53.0,4956.0,17.0,AWW,29.50000098191046,HARISS,999.0,1047.0,2903.0
614,Switzerland,1.5,4.0,0.08,0.04,50.20600200116401,1366.0,36.500000513464045,212.0,53.0,2088.0,58.0,4306.0,36.500000513464045,HARISS,36.500000513464045,HARISS,915.0,1018.0,2874.0
615,Switzerland,1.5,4.0,0.08,0.04,81.92855283855195,11699.0,54.50000054069428,243.0,12.0,0.0,39.0,17.0,12.0,AWW,39.0,AWW,961.0,1010.0,3106.0
616,Switzerland,1.5,4.0,0.08,0.04,34.764079899470005,68.0,47.500000716608426,194.0,36.0,68.0,46.0,158.0,34.764079899470005,ICU,34.764079899470005,ICU,961.0,1117.0,3056.0
617,Switzerland,1.5,4.0,0.08,0.04,67.26818708716132,4757.0,61.50000050447002,1957.0,30.0,17.0,51.0,486.0,30.0,AWW,51.0,AWW,938.0,1041.0,3005.0
618,Switzerland,1.5,4.0,0.08,0.04,59.57090914460325,912.0,40.50000046801142,62.0,24.0,1.0,64.0,1674.0,24.0,AWW,40.50000046801142,HARISS,982.0,1001.0,2902.0
619,Switzerland,1.5,4.0,0.08,0.04,17.352992712167435,12.0,61.50000006248289,1112.0,26.0,14.0,63.0,1433.0,17.352992712167435,ICU,17.352992712167435,ICU,923.0,1082.0,2978.0
620,Switzerland,1.5,4.0,0.08,0.04,68.94934192368254,2566.0,57.500000899766405,446.0,31.0,1.0,56.0,354.0,31.0,AWW,56.0,AWW,958.0,1008.0,2975.0
621,Switzerland,1.5,4.0,0.08,0.04,28.663390623869542,31.0,50.50000058295432,1435.0,36.0,161.0,46.0,778.0,28.663390623869542,ICU,28.663390623869542,ICU,962.0,1063.0,2999.0
622,Switzerland,1.5,4.0,0.08,0.04,75.65827307736278,6197.0,64.5000006666728,1308.0,28.0,50.0,49.0,125.0,28.0,AWW,49.0,AWW,924.0,1034.0,2975.0
623,Switzerland,1.5,4.0,0.08,0.04,78.99178200294311,5507.0,78.50000054463267,5181.0,26.0,9.0,33.0,19.0,26.0,AWW,33.0,AWW,958.0,1023.0,3007.0
624,Switzerland,1.5,4.0,0.08,0.04,55.122506576626634,427.0,57.500000631615954,623.0,34.0,5.0,54.0,356.0,34.0,AWW,54.0,AWW,949.0,1059.0,2985.0
625,Switzerland,1.5,4.0,0.08,0.04,46.35288796209284,93.0,64.5000002685626,1436.0,25.0,2.0,45.0,67.0,25.0,AWW,45.0,AWW,1006.0,1049.0,2876.0
626,Switzerland,1.5,4.0,0.08,0.04,54.960571110485226,1182.0,61.500000070718,3233.0,27.0,6.0,58.0,1922.0,27.0,AWW,54.960571110485226,ICU,939.0,1078.0,2936.0
627,Switzerland,1.5,4.0,0.08,0.04,82.73665454239983,28195.0,61.50000077964483,1066.0,12.0,0.0,46.0,64.0,12.0,AWW,46.0,AWW,975.0,1015.0,2978.0
628,Switzerland,1.5,4.0,0.08,0.04,49.94625664432012,1473.0,33.50000095744138,122.0,43.0,526.0,44.0,624.0,33.50000095744138,HARISS,33.50000095744138,HARISS,1012.0,980.0,3111.0
629,Switzerland,1.5,4.0,0.08,0.04,41.96996124458923,96.0,57.500000596956546,752.0,22.0,4.0,27.0,5.0,22.0,AWW,27.0,AWW,985.0,1049.0,3061.0
630,Switzerland,1.5,4.0,0.08,0.04,81.64740628265818,13571.0,57.50000030517497,400.0,36.0,12.0,48.0,92.0,36.0,AWW,48.0,AWW,947.0,1072.0,2967.0
631,Switzerland,1.5,4.0,0.08,0.04,56.975367693813006,311.0,57.5000003546985,334.0,38.0,20.0,48.0,108.0,38.0,AWW,48.0,AWW,919.0,1045.0,3024.0
632,Switzerland,1.5,4.0,0.08,0.04,57.39045378442175,546.0,61.500000739115784,1164.0,35.0,6.0,49.0,117.0,35.0,AWW,49.0,AWW,938.0,1035.0,2952.0
633,Switzerland,1.5,4.0,0.08,0.04,60.475236068788355,1680.0,50.500000097651146,410.0,40.0,55.0,41.0,65.0,40.0,AWW,41.0,AWW,929.0,1103.0,2986.0
634,Switzerland,1.5,4.0,0.08,0.04,74.3956090216405,6714.0,61.50000034880507,973.0,37.0,11.0,52.0,238.0,37.0,AWW,52.0,AWW,943.0,1055.0,2919.0
635,Switzerland,1.5,4.0,0.08,0.04,21.078992671184775,13.0,36.500000972371254,243.0,41.0,493.0,41.0,493.0,21.078992671184775,ICU,21.078992671184775,ICU,898.0,1051.0,3002.0
636,Switzerland,1.5,4.0,0.08,0.04,51.27523398740201,327.0,61.500000491642766,1427.0,33.0,13.0,44.0,115.0,33.0,AWW,44.0,AWW,1014.0,1063.0,3077.0
637,Switzerland,1.5,4.0,0.08,0.04,69.10528474171083,8446.0,43.50000096536565,181.0,41.0,104.0,47.0,289.0,41.0,AWW,43.50000096536565,HARISS,968.0,1020.0,3007.0
638,Switzerland,1.5,4.0,0.08,0.04,40.767709210116955,1094.0,22.50000008905899,61.0,47.0,2687.0,53.0,6471.0,22.50000008905899,HARISS,22.50000008905899,HARISS,973.0,1088.0,3022.0
639,Switzerland,1.5,4.0,0.08,0.04,38.92505385326271,100.0,54.50000084759742,975.0,31.0,29.0,54.0,902.0,31.0,AWW,38.92505385326271,ICU,955.0,1038.0,2977.0
640,Switzerland,1.5,4.0,0.08,0.04,50.55045467329059,1303.0,33.500000281091275,128.0,38.0,215.0,43.0,436.0,33.500000281091275,HARISS,33.500000281091275,HARISS,1011.0,1043.0,2979.0
641,Switzerland,1.5,4.0,0.08,0.04,46.02281259266422,694.0,33.50000057370444,94.0,40.0,263.0,53.0,1877.0,33.50000057370444,HARISS,33.50000057370444,HARISS,1049.0,1044.0,2973.0
642,Switzerland,1.5,4.0,0.08,0.04,88.8280627571033,39606.0,50.50000007361846,161.0,30.0,4.0,64.0,1031.0,30.0,AWW,50.50000007361846,HARISS,946.0,1088.0,3001.0
643,Switzerland,1.5,4.0,0.08,0.04,80.21288553822865,6418.0,57.500000565621605,257.0,44.0,50.0,45.0,57.0,44.0,AWW,45.0,AWW,927.0,1098.0,2906.0
644,Switzerland,1.5,4.0,0.08,0.04,86.19699270417574,18968.0,61.50000085797045,472.0,13.0,0.0,52.0,77.0,13.0,AWW,52.0,AWW,1019.0,1070.0,3135.0
645,Switzerland,1.5,4.0,0.08,0.04,40.030786799312125,239.0,26.500000387373365,26.0,37.0,141.0,56.0,2609.0,26.500000387373365,HARISS,26.500000387373365,HARISS,1006.0,1022.0,2993.0
646,Switzerland,1.5,4.0,0.08,0.04,63.06064753195634,905.0,61.50000056034221,728.0,21.0,1.0,43.0,63.0,21.0,AWW,43.0,AWW,976.0,1013.0,3022.0
647,Switzerland,1.5,4.0,0.08,0.04,58.31733054422029,816.0,61.50000066008733,1322.0,21.0,4.0,32.0,12.0,21.0,AWW,32.0,AWW,907.0,1065.0,2965.0
648,Switzerland,1.5,4.0,0.08,0.04,35.21227575620508,74.0,36.50000090064511,94.0,18.0,8.0,57.0,1524.0,18.0,AWW,35.21227575620508,ICU,990.0,1057.0,2981.0
649,Switzerland,1.5,4.0,0.08,0.04,28.11093685143597,7.0,8.500000693908575,5.0,28.0,7.0,56.0,361.0,8.500000693908575,HARISS,8.500000693908575,HARISS,955.0,1013.0,2860.0
650,Switzerland,1.5,4.0,0.08,0.04,49.964493833525104,748.0,57.50000051400273,2439.0,35.0,86.0,60.0,3613.0,35.0,AWW,49.964493833525104,ICU,950.0,977.0,2952.0
651,Switzerland,1.5,4.0,0.08,0.04,40.718887491169795,310.0,50.50000082124843,1357.0,31.0,65.0,37.0,175.0,31.0,AWW,37.0,AWW,972.0,1006.0,3065.0
652,Switzerland,1.5,4.0,0.08,0.04,46.35217058916265,204.0,61.50000010134488,2043.0,32.0,21.0,32.0,21.0,32.0,AWW,32.0,AWW,947.0,1045.0,2845.0
653,Switzerland,1.5,4.0,0.08,0.04,89.22809442259161,19679.0,64.50000079838468,731.0,28.0,1.0,39.0,18.0,28.0,AWW,39.0,AWW,968.0,1000.0,2950.0
654,Switzerland,1.5,4.0,0.08,0.04,41.728469630874216,160.0,47.5000005927108,373.0,46.0,297.0,59.0,2022.0,41.728469630874216,ICU,41.728469630874216,ICU,993.0,1013.0,2913.0
655,Switzerland,1.5,4.0,0.08,0.04,6.690526327423158,6.0,61.50000035820643,1378.0,45.0,97.0,45.0,97.0,6.690526327423158,ICU,6.690526327423158,ICU,975.0,1095.0,3003.0
656,Switzerland,1.5,4.0,0.08,0.04,61.737816668865214,2197.0,54.5000000373298,773.0,48.0,293.0,63.0,2637.0,48.0,AWW,54.5000000373298,HARISS,932.0,1111.0,3005.0
657,Switzerland,1.5,4.0,0.08,0.04,83.74848174952744,19787.0,64.50000086061748,1448.0,33.0,23.0,51.0,204.0,33.0,AWW,51.0,AWW,984.0,1093.0,3021.0
658,Switzerland,1.5,4.0,0.08,0.04,64.81424065297662,2653.0,50.50000049878151,250.0,18.0,0.0,57.0,754.0,18.0,AWW,50.50000049878151,HARISS,933.0,1088.0,2949.0
659,Switzerland,1.5,4.0,0.08,0.04,81.17979408372071,15500.0,68.50000007152597,2378.0,40.0,30.0,41.0,35.0,40.0,AWW,41.0,AWW,970.0,1031.0,2974.0
660,Switzerland,1.5,4.0,0.08,0.04,50.35016410013818,1300.0,40.50000017458228,277.0,34.0,95.0,55.0,2732.0,34.0,AWW,40.50000017458228,HARISS,1008.0,1076.0,3051.0
661,Switzerland,1.5,4.0,0.08,0.04,80.55199419934927,38736.0,47.50000097430611,249.0,16.0,0.0,57.0,1227.0,16.0,AWW,47.50000097430611,HARISS,956.0,1039.0,2889.0
662,Switzerland,1.5,4.0,0.08,0.04,32.08342248500547,3.0,64.50000013520426,1027.0,48.0,64.0,49.0,70.0,32.08342248500547,ICU,32.08342248500547,ICU,943.0,1060.0,3045.0
663,Switzerland,1.5,4.0,0.08,0.04,49.551569213760416,1564.0,50.50000082453423,1837.0,47.0,1062.0,47.0,1062.0,47.0,AWW,47.0,AWW,975.0,988.0,2992.0
664,Switzerland,1.5,4.0,0.08,0.04,54.965360333957115,884.0,64.50000008739705,3523.0,34.0,17.0,47.0,273.0,34.0,AWW,47.0,AWW,1025.0,1024.0,3033.0
665,Switzerland,1.5,4.0,0.08,0.04,79.55698347071419,10128.0,61.50000058452578,633.0,38.0,3.0,55.0,190.0,38.0,AWW,55.0,AWW,945.0,1036.0,2996.0
666,Switzerland,1.5,4.0,0.08,0.04,50.526783705361574,273.0,54.5000007899182,533.0,47.0,148.0,38.0,34.0,47.0,AWW,38.0,AWW,953.0,1017.0,3048.0
667,Switzerland,1.5,4.0,0.08,0.04,67.52099733958377,3450.0,54.50000058913132,492.0,19.0,0.0,53.0,387.0,19.0,AWW,53.0,AWW,938.0,1066.0,2975.0
668,Switzerland,1.5,4.0,0.08,0.04,48.93031054876091,1270.0,54.500000675642305,2901.0,39.0,272.0,43.0,510.0,39.0,AWW,43.0,AWW,1005.0,1084.0,3013.0
669,Switzerland,1.5,4.0,0.08,0.04,83.10568929024464,6421.0,64.5000003060013,500.0,19.0,0.0,24.0,0.0,19.0,AWW,24.0,AWW,947.0,1020.0,3029.0
670,Switzerland,1.5,4.0,0.08,0.04,50.90852557538305,922.0,57.50000033035018,2438.0,44.0,294.0,58.0,2599.0,44.0,AWW,50.90852557538305,ICU,1036.0,1077.0,2946.0
671,Switzerland,1.5,4.0,0.08,0.04,60.629932359406155,826.0,50.50000069708556,146.0,37.0,6.0,59.0,644.0,37.0,AWW,50.50000069708556,HARISS,1005.0,1135.0,2981.0
672,Switzerland,1.5,4.0,0.08,0.04,69.80035180362334,5762.0,22.50000006466485,6.0,42.0,95.0,48.0,236.0,22.50000006466485,HARISS,22.50000006466485,HARISS,946.0,1072.0,2950.0
673,Switzerland,1.5,4.0,0.08,0.04,42.15494300217683,58.0,57.50000045342751,490.0,36.0,21.0,37.0,29.0,36.0,AWW,37.0,AWW,1011.0,1040.0,3033.0
674,Switzerland,1.5,4.0,0.08,0.04,60.25396309700599,1535.0,64.50000049190129,2929.0,42.0,69.0,46.0,143.0,42.0,AWW,46.0,AWW,988.0,1019.0,3019.0
675,Switzerland,1.5,4.0,0.08,0.04,48.456502426009884,589.0,50.500000904196575,811.0,43.0,237.0,47.0,465.0,43.0,AWW,47.0,AWW,967.0,1029.0,2992.0
676,Switzerland,1.5,4.0,0.08,0.04,65.01914110983915,2079.0,50.50000025717918,216.0,37.0,22.0,56.0,489.0,37.0,AWW,50.50000025717918,HARISS,995.0,1071.0,2960.0
677,Switzerland,1.5,4.0,0.08,0.04,39.83900612677034,33.0,54.500000868991755,181.0,42.0,38.0,43.0,39.0,39.83900612677034,ICU,39.83900612677034,ICU,1009.0,1034.0,2954.0
678,Switzerland,1.5,4.0,0.08,0.04,63.99497379156666,3358.0,50.50000013656655,339.0,36.0,24.0,59.0,1563.0,36.0,AWW,50.50000013656655,HARISS,918.0,1056.0,3048.0
679,Switzerland,1.5,4.0,0.08,0.04,72.62594173336592,8715.0,43.50000020379096,207.0,19.0,117.0,55.0,715.0,19.0,AWW,43.50000020379096,HARISS,915.0,988.0,3009.0
680,Switzerland,1.5,4.0,0.08,0.04,47.67908318222061,247.0,40.500000238827866,43.0,36.0,19.0,41.0,48.0,36.0,AWW,40.500000238827866,HARISS,960.0,1033.0,2915.0
681,Switzerland,1.5,4.0,0.08,0.04,38.33951076852408,229.0,54.500000574587034,2593.0,5.0,0.0,53.0,2073.0,5.0,AWW,38.33951076852408,ICU,930.0,1044.0,3069.0
682,Switzerland,1.5,4.0,0.08,0.04,51.40033189592218,273.0,40.50000091065122,41.0,26.0,5.0,66.0,2878.0,26.0,AWW,40.50000091065122,HARISS,976.0,1080.0,3020.0
683,Switzerland,1.5,4.0,0.08,0.04,27.615062775567704,60.0,29.500000683144457,73.0,40.0,124.0,46.0,243.0,27.615062775567704,ICU,27.615062775567704,ICU,966.0,1048.0,2999.0
684,Switzerland,1.5,4.0,0.08,0.04,45.68253146696941,998.0,47.50000018755593,1328.0,23.0,29.0,44.0,800.0,23.0,AWW,44.0,AWW,989.0,1052.0,2993.0
685,Switzerland,1.5,4.0,0.08,0.04,73.34215941045491,5484.0,68.50000008276574,2740.0,37.0,21.0,47.0,122.0,37.0,AWW,47.0,AWW,981.0,1089.0,3013.0
686,Switzerland,1.5,4.0,0.08,0.04,52.948039415043375,527.0,57.500000014967696,1039.0,33.0,49.0,50.0,351.0,33.0,AWW,50.0,AWW,962.0,985.0,3073.0
687,Switzerland,1.5,4.0,0.08,0.04,49.27111757728506,335.0,47.50000096798451,254.0,38.0,43.0,65.0,4374.0,38.0,AWW,47.50000096798451,HARISS,941.0,1054.0,3080.0
688,Switzerland,1.5,4.0,0.08,0.04,56.01342352223007,653.0,43.50000047229323,100.0,25.0,2.0,55.0,552.0,25.0,AWW,43.50000047229323,HARISS,988.0,1039.0,3056.0
689,Switzerland,1.5,4.0,0.08,0.04,70.9296760684906,4607.0,36.50000090174337,16.0,29.0,5.0,55.0,376.0,29.0,AWW,36.50000090174337,HARISS,925.0,1055.0,2971.0
690,Switzerland,1.5,4.0,0.08,0.04,56.459776553814386,3876.0,40.50000048622615,301.0,23.0,14.0,54.0,2631.0,23.0,AWW,40.50000048622615,HARISS,1000.0,1081.0,2985.0
691,Switzerland,1.5,4.0,0.08,0.04,67.3794891721528,1366.0,50.500000188271535,150.0,23.0,0.0,29.0,0.0,23.0,AWW,29.0,AWW,935.0,1042.0,2942.0
692,Switzerland,1.5,4.0,0.08,0.04,58.20686446632387,2173.0,47.50000081657593,544.0,49.0,638.0,53.0,1061.0,47.50000081657593,HARISS,47.50000081657593,HARISS,997.0,1085.0,2950.0
693,Switzerland,1.5,4.0,0.08,0.04,61.60007094952211,3492.0,47.50000024513258,338.0,54.0,1083.0,61.0,3175.0,47.50000024513258,HARISS,47.50000024513258,HARISS,987.0,1095.0,2895.0
694,Switzerland,1.5,4.0,0.08,0.04,47.9663632532809,1820.0,33.50000095701469,191.0,35.0,231.0,54.0,4260.0,33.50000095701469,HARISS,33.50000095701469,HARISS,1022.0,1018.0,2999.0
695,Switzerland,1.5,4.0,0.08,0.04,57.97304761576255,2682.0,50.50000038939485,832.0,38.0,108.0,4.0,0.0,38.0,AWW,4.0,AWW,959.0,1036.0,2978.0
696,Switzerland,1.5,4.0,0.08,0.04,66.55103593137557,3165.0,64.5000003206435,2335.0,41.0,25.0,49.0,201.0,41.0,AWW,49.0,AWW,937.0,1075.0,2832.0
697,Switzerland,1.5,4.0,0.08,0.04,54.59741580931068,1295.0,54.50000084512515,1270.0,41.0,144.0,52.0,878.0,41.0,AWW,52.0,AWW,988.0,983.0,2993.0
698,Switzerland,1.5,4.0,0.08,0.04,50.691511276596316,395.0,57.50000087122602,1170.0,43.0,79.0,54.0,676.0,43.0,AWW,50.691511276596316,ICU,979.0,1103.0,3074.0
699,Switzerland,1.5,4.0,0.08,0.04,55.760911718076926,835.0,61.50000085634484,1968.0,38.0,73.0,47.0,230.0,38.0,AWW,47.0,AWW,1019.0,1094.0,3021.0
700,Switzerland,1.5,4.0,0.08,0.04,63.31668532580423,3118.0,57.50000017365677,1346.0,24.0,4.0,33.0,22.0,24.0,AWW,33.0,AWW,994.0,1050.0,3055.0
701,Switzerland,1.5,4.0,0.08,0.04,43.684821655074714,297.0,47.50000085682451,539.0,40.0,163.0,41.0,195.0,40.0,AWW,41.0,AWW,1004.0,1076.0,3105.0
702,Switzerland,1.5,4.0,0.08,0.04,24.255879854743068,116.0,33.50000067387606,489.0,15.0,24.0,15.0,24.0,15.0,AWW,15.0,AWW,925.0,1091.0,3065.0
703,Switzerland,1.5,4.0,0.08,0.04,36.84653849911879,21.0,68.50000089501987,1351.0,42.0,26.0,57.0,152.0,36.84653849911879,ICU,36.84653849911879,ICU,949.0,1002.0,3063.0
704,Switzerland,1.5,4.0,0.08,0.04,71.77255441285118,4773.0,57.50000026733577,506.0,31.0,4.0,57.0,470.0,31.0,AWW,57.0,AWW,1006.0,1007.0,2997.0
705,Switzerland,1.5,4.0,0.08,0.04,79.58120700542523,18861.0,61.500000880561814,1304.0,45.0,78.0,56.0,578.0,45.0,AWW,56.0,AWW,966.0,1047.0,2945.0
706,Switzerland,1.5,4.0,0.08,0.04,26.278171647289025,4.0,57.500000608468206,822.0,19.0,3.0,56.0,643.0,19.0,AWW,26.278171647289025,ICU,972.0,1058.0,3157.0
707,Switzerland,1.5,4.0,0.08,0.04,51.02001013339477,976.0,33.500000880057456,82.0,31.0,52.0,60.0,3875.0,31.0,AWW,33.500000880057456,HARISS,940.0,1022.0,2952.0
708,Switzerland,1.5,4.0,0.08,0.04,68.38826595064458,2330.0,68.50000050929746,2366.0,41.0,17.0,45.0,33.0,41.0,AWW,45.0,AWW,1000.0,1060.0,2971.0
709,Switzerland,1.5,4.0,0.08,0.04,60.03183284784942,3101.0,47.50000010987131,446.0,45.0,273.0,52.0,917.0,45.0,AWW,47.50000010987131,HARISS,972.0,1066.0,2904.0
710,Switzerland,1.5,4.0,0.08,0.04,34.48317507625108,12.0,61.50000057088778,1673.0,48.0,228.0,51.0,388.0,34.48317507625108,ICU,34.48317507625108,ICU,960.0,1025.0,3019.0
711,Switzerland,1.5,4.0,0.08,0.04,61.83053931153548,3266.0,54.50000043464551,1281.0,38.0,166.0,39.0,195.0,38.0,AWW,39.0,AWW,910.0,1052.0,3054.0
712,Switzerland,1.5,4.0,0.08,0.04,71.74526602426789,4734.0,57.50000067117124,606.0,24.0,0.0,40.0,53.0,24.0,AWW,40.0,AWW,962.0,1106.0,2954.0
713,Switzerland,1.5,4.0,0.08,0.04,27.78884532070598,21.0,54.50000081870923,131.0,32.0,22.0,62.0,542.0,27.78884532070598,ICU,27.78884532070598,ICU,1013.0,1045.0,2997.0
714,Switzerland,1.5,4.0,0.08,0.04,74.76708223560526,7100.0,50.500000283188164,179.0,33.0,11.0,61.0,837.0,33.0,AWW,50.500000283188164,HARISS,965.0,1076.0,2968.0
715,Switzerland,1.5,4.0,0.08,0.04,79.0511655357533,2746.0,75.50000059355156,1582.0,37.0,1.0,25.0,0.0,37.0,AWW,25.0,AWW,911.0,1020.0,2932.0
716,Switzerland,1.5,4.0,0.08,0.04,70.35824510273295,5943.0,50.500000209114766,294.0,38.0,44.0,39.0,56.0,38.0,AWW,39.0,AWW,1018.0,1103.0,2936.0
717,Switzerland,1.5,4.0,0.08,0.04,71.91972661240813,6159.0,54.50000066680167,444.0,31.0,1.0,56.0,557.0,31.0,AWW,54.50000066680167,HARISS,930.0,1075.0,3037.0
718,Switzerland,1.5,4.0,0.08,0.04,58.129553200248836,2051.0,43.50000065543612,204.0,36.0,65.0,47.0,364.0,36.0,AWW,43.50000065543612,HARISS,927.0,1095.0,3058.0
719,Switzerland,1.5,4.0,0.08,0.04,63.06155102279216,3510.0,57.50000049246369,1515.0,29.0,10.0,60.0,2175.0,29.0,AWW,57.50000049246369,HARISS,1019.0,1076.0,2884.0
720,Switzerland,1.5,4.0,0.08,0.04,50.336185344351556,861.0,50.500000650107616,883.0,33.0,150.0,48.0,643.0,33.0,AWW,48.0,AWW,961.0,1033.0,3048.0
721,Switzerland,1.5,4.0,0.08,0.04,43.926696606736115,185.0,54.50000096663135,943.0,39.0,79.0,39.0,79.0,39.0,AWW,39.0,AWW,986.0,1043.0,3089.0
722,Switzerland,1.5,4.0,0.08,0.04,65.75284159980447,1938.0,54.50000053221172,323.0,37.0,26.0,64.0,1469.0,37.0,AWW,54.50000053221172,HARISS,959.0,992.0,3023.0
723,Switzerland,1.5,4.0,0.08,0.04,70.26148279099459,27001.0,47.50000017894517,904.0,21.0,8.0,50.0,1265.0,21.0,AWW,47.50000017894517,HARISS,1032.0,1033.0,2981.0
724,Switzerland,1.5,4.0,0.08,0.04,59.586270583956896,2381.0,57.500000601462865,1735.0,36.0,46.0,37.0,52.0,36.0,AWW,37.0,AWW,980.0,1102.0,2990.0
725,Switzerland,1.5,4.0,0.08,0.04,24.677234885026067,7.0,57.50000066485725,469.0,23.0,5.0,24.0,5.0,23.0,AWW,24.0,AWW,997.0,1025.0,2895.0
726,Switzerland,1.5,4.0,0.08,0.04,61.52455196288227,2622.0,50.5000003746799,489.0,45.0,201.0,55.0,989.0,45.0,AWW,50.5000003746799,HARISS,983.0,1081.0,3051.0
727,Switzerland,1.5,4.0,0.08,0.04,62.77195782545377,1641.0,40.50000083401277,188.0,46.0,269.0,58.0,861.0,40.50000083401277,HARISS,40.50000083401277,HARISS,941.0,1064.0,2943.0
728,Switzerland,1.5,4.0,0.08,0.04,39.09224144517643,29.0,61.50000037621258,1293.0,41.0,38.0,60.0,1028.0,39.09224144517643,ICU,39.09224144517643,ICU,938.0,1030.0,2920.0
729,Switzerland,1.5,4.0,0.08,0.04,64.48401138010328,1764.0,57.50000067718519,640.0,30.0,7.0,30.0,7.0,30.0,AWW,30.0,AWW,1038.0,1072.0,3045.0
730,Switzerland,1.5,4.0,0.08,0.04,67.37287227732412,4711.0,43.50000005692989,250.0,36.0,83.0,40.0,158.0,36.0,AWW,40.0,AWW,975.0,1022.0,2996.0
731,Switzerland,1.5,4.0,0.08,0.04,54.232098474114075,1430.0,43.500000174878465,259.0,43.0,241.0,51.0,835.0,43.0,AWW,43.500000174878465,HARISS,952.0,984.0,2895.0
732,Switzerland,1.5,4.0,0.08,0.04,85.18357655674416,23498.0,61.50000032612128,721.0,38.0,1.0,60.0,596.0,38.0,AWW,60.0,AWW,991.0,1096.0,2964.0
733,Switzerland,1.5,4.0,0.08,0.04,66.50949958641321,2790.0,47.500000485182916,138.0,30.0,7.0,47.0,127.0,30.0,AWW,47.0,AWW,955.0,1007.0,2950.0
734,Switzerland,1.5,4.0,0.08,0.04,60.209444522533104,1436.0,61.50000066210676,1694.0,15.0,0.0,50.0,458.0,15.0,AWW,50.0,AWW,974.0,1129.0,3022.0
735,Switzerland,1.5,4.0,0.08,0.04,33.82679692828365,84.0,50.500000262436316,975.0,20.0,4.0,55.0,1849.0,20.0,AWW,33.82679692828365,ICU,930.0,1088.0,2992.0
736,Switzerland,1.5,4.0,0.08,0.04,26.2546120844202,5.0,61.50000089289403,1715.0,29.0,5.0,59.0,1116.0,26.2546120844202,ICU,26.2546120844202,ICU,970.0,1039.0,2948.0
737,Switzerland,1.5,4.0,0.08,0.04,84.56980660243941,18333.0,54.50000007761861,194.0,18.0,14.0,55.0,214.0,18.0,AWW,54.50000007761861,HARISS,1031.0,1053.0,2953.0
738,Switzerland,1.5,4.0,0.08,0.04,25.500417799306295,2.0,61.50000088561637,664.0,36.0,2.0,62.0,707.0,25.500417799306295,ICU,25.500417799306295,ICU,970.0,1018.0,3008.0
739,Switzerland,1.5,4.0,0.08,0.04,43.09244876799574,53.0,64.500000900994,1240.0,26.0,0.0,50.0,128.0,26.0,AWW,43.09244876799574,ICU,1018.0,1160.0,2960.0
740,Switzerland,1.5,4.0,0.08,0.04,47.064509047090624,34.0,61.50000080524691,678.0,36.0,2.0,42.0,14.0,36.0,AWW,42.0,AWW,975.0,1034.0,3001.0
741,Switzerland,1.5,4.0,0.08,0.04,53.00530617078645,1344.0,36.500000614892876,119.0,30.0,34.0,48.0,653.0,30.0,AWW,36.500000614892876,HARISS,970.0,1055.0,3071.0
742,Switzerland,1.5,4.0,0.08,0.04,60.725883083024925,1537.0,54.50000012132532,661.0,32.0,24.0,54.0,616.0,32.0,AWW,54.0,AWW,956.0,1105.0,3025.0
743,Switzerland,1.5,4.0,0.08,0.04,39.83989263016538,9.0,64.50000027653901,615.0,28.0,2.0,44.0,16.0,28.0,AWW,39.83989263016538,ICU,999.0,1031.0,3140.0
744,Switzerland,1.5,4.0,0.08,0.04,71.83105611391511,2928.0,61.50000006901856,714.0,19.0,0.0,47.0,143.0,19.0,AWW,47.0,AWW,901.0,1029.0,3074.0
745,Switzerland,1.5,4.0,0.08,0.04,49.87043299157778,398.0,40.50000023918931,124.0,49.0,337.0,52.0,563.0,40.50000023918931,HARISS,40.50000023918931,HARISS,978.0,1037.0,3007.0
746,Switzerland,1.5,4.0,0.08,0.04,59.6170630030967,1294.0,57.50000006221183,939.0,35.0,17.0,47.0,140.0,35.0,AWW,47.0,AWW,958.0,1086.0,2996.0
747,Switzerland,1.5,4.0,0.08,0.04,6.132934419230322,0.0,54.500000754032236,345.0,44.0,63.0,45.0,74.0,6.132934419230322,ICU,6.132934419230322,ICU,950.0,1048.0,2919.0
748,Switzerland,1.5,4.0,0.08,0.04,66.54403430414104,2060.0,64.50000069807221,1484.0,29.0,66.0,55.0,340.0,29.0,AWW,55.0,AWW,1007.0,1081.0,3067.0
749,Switzerland,1.5,4.0,0.08,0.04,73.96611746185064,2868.0,64.50000082958995,817.0,37.0,67.0,38.0,68.0,37.0,AWW,38.0,AWW,991.0,1026.0,3045.0
750,Switzerland,1.5,4.0,0.08,0.04,70.96235231107819,5199.0,61.50000077310733,1227.0,37.0,23.0,60.0,998.0,37.0,AWW,60.0,AWW,939.0,1028.0,2964.0
751,Switzerland,1.5,4.0,0.08,0.04,66.82162417232047,2118.0,54.50000004856352,415.0,16.0,2.0,40.0,33.0,16.0,AWW,40.0,AWW,1014.0,1057.0,2972.0
752,Switzerland,1.5,4.0,0.08,0.04,87.97369943084404,29388.0,68.5000005365944,2013.0,23.0,13.0,54.0,207.0,23.0,AWW,54.0,AWW,896.0,1052.0,3043.0
753,Switzerland,1.5,4.0,0.08,0.04,37.62731833997082,387.0,43.500000794631326,1013.0,17.0,4.0,37.0,346.0,17.0,AWW,37.0,AWW,943.0,1103.0,2966.0
754,Switzerland,1.5,4.0,0.08,0.04,67.47346724278027,5567.0,50.50000032045647,449.0,40.0,94.0,52.0,597.0,40.0,AWW,50.50000032045647,HARISS,1016.0,1069.0,2950.0
755,Switzerland,1.5,4.0,0.08,0.04,33.39357788757391,25.0,50.50000001760514,396.0,31.0,11.0,40.0,81.0,31.0,AWW,33.39357788757391,ICU,989.0,1066.0,3073.0
756,Switzerland,1.5,4.0,0.08,0.04,78.73479052686433,8485.0,57.50000059391448,413.0,34.0,13.0,47.0,55.0,34.0,AWW,47.0,AWW,1031.0,1039.0,2987.0
757,Switzerland,1.5,4.0,0.08,0.04,88.89236558424678,46037.0,57.5000005905936,500.0,37.0,33.0,47.0,116.0,37.0,AWW,47.0,AWW,974.0,1056.0,2911.0
758,Switzerland,1.5,4.0,0.08,0.04,75.24409285985998,3695.0,57.50000034498596,279.0,30.0,1.0,42.0,16.0,30.0,AWW,42.0,AWW,956.0,1030.0,2976.0
759,Switzerland,1.5,4.0,0.08,0.04,65.3883597361779,2410.0,61.50000094513069,1239.0,50.0,132.0,50.0,132.0,50.0,AWW,50.0,AWW,916.0,1080.0,3047.0
760,Switzerland,1.5,4.0,0.08,0.04,68.71806344356527,3106.0,61.500000204237594,1060.0,43.0,65.0,59.0,693.0,43.0,AWW,59.0,AWW,968.0,1043.0,3037.0
761,Switzerland,1.5,4.0,0.08,0.04,52.07233551512793,1231.0,50.500000354778365,971.0,28.0,16.0,41.0,182.0,28.0,AWW,41.0,AWW,994.0,998.0,3040.0
762,Switzerland,1.5,4.0,0.08,0.04,83.25749259097987,26384.0,50.50000008553075,163.0,28.0,6.0,48.0,98.0,28.0,AWW,48.0,AWW,959.0,1047.0,2975.0
763,Switzerland,1.5,4.0,0.08,0.04,45.217063026767136,866.0,47.50000017504725,1251.0,31.0,125.0,59.0,7024.0,31.0,AWW,45.217063026767136,ICU,986.0,1064.0,3043.0
764,Switzerland,1.5,4.0,0.08,0.04,45.80556870685316,77.0,54.500000509995864,382.0,27.0,2.0,46.0,78.0,27.0,AWW,45.80556870685316,ICU,934.0,997.0,2914.0
765,Switzerland,1.5,4.0,0.08,0.04,33.01281604257132,102.0,50.50000099739174,1452.0,38.0,223.0,59.0,5393.0,33.01281604257132,ICU,33.01281604257132,ICU,959.0,1050.0,2980.0
766,Switzerland,1.5,4.0,0.08,0.04,46.787478576780615,623.0,43.50000034856682,397.0,40.0,221.0,49.0,843.0,40.0,AWW,43.50000034856682,HARISS,985.0,1025.0,2925.0
767,Switzerland,1.5,4.0,0.08,0.04,25.909657658821704,1.0,50.50000031737343,94.0,20.0,0.0,57.0,262.0,20.0,AWW,25.909657658821704,ICU,966.0,1046.0,2998.0
768,Switzerland,1.5,4.0,0.08,0.04,66.90131465922592,1905.0,57.50000026123928,496.0,40.0,38.0,48.0,109.0,40.0,AWW,48.0,AWW,962.0,1089.0,2946.0
769,Switzerland,1.5,4.0,0.08,0.04,60.374696593218005,1783.0,54.50000071311952,714.0,40.0,71.0,60.0,1692.0,40.0,AWW,54.50000071311952,HARISS,943.0,1079.0,3009.0
770,Switzerland,1.5,4.0,0.08,0.04,55.64546737543898,744.0,50.50000034125026,342.0,10.0,0.0,54.0,581.0,10.0,AWW,50.50000034125026,HARISS,970.0,1087.0,2986.0
771,Switzerland,1.5,4.0,0.08,0.04,74.72074603729334,19447.0,40.50000029255365,156.0,38.0,97.0,48.0,438.0,38.0,AWW,40.50000029255365,HARISS,927.0,1104.0,2940.0
772,Switzerland,1.5,4.0,0.08,0.04,79.35095699020333,8300.0,71.50000055213066,2564.0,34.0,26.0,52.0,92.0,34.0,AWW,52.0,AWW,1004.0,1043.0,3137.0
773,Switzerland,1.5,4.0,0.08,0.04,51.06717598031111,808.0,47.50000073886254,470.0,25.0,0.0,26.0,2.0,25.0,AWW,26.0,AWW,937.0,1045.0,3013.0
774,Switzerland,1.5,4.0,0.08,0.04,76.21627610634911,17168.0,50.50000084556698,400.0,16.0,0.0,54.0,671.0,16.0,AWW,50.50000084556698,HARISS,894.0,1096.0,2886.0
775,Switzerland,1.5,4.0,0.08,0.04,73.7989437148516,6746.0,64.50000050572325,1713.0,52.0,271.0,55.0,442.0,52.0,AWW,55.0,AWW,937.0,1090.0,2980.0
776,Switzerland,1.5,4.0,0.08,0.04,72.7961673811714,7829.0,50.50000099396276,210.0,23.0,1.0,37.0,8.0,23.0,AWW,37.0,AWW,995.0,1007.0,3009.0
777,Switzerland,1.5,4.0,0.08,0.04,56.8790354652978,1658.0,54.50000089904829,1166.0,27.0,5.0,40.0,76.0,27.0,AWW,40.0,AWW,971.0,1077.0,3038.0
778,Switzerland,1.5,4.0,0.08,0.04,51.91008146525334,725.0,54.50000091304855,1076.0,48.0,379.0,51.0,634.0,48.0,AWW,51.0,AWW,900.0,1084.0,2996.0
779,Switzerland,1.5,4.0,0.08,0.04,52.60968412231864,967.0,29.500000662063783,36.0,37.0,85.0,56.0,1617.0,29.500000662063783,HARISS,29.500000662063783,HARISS,925.0,1059.0,3005.0
780,Switzerland,1.5,4.0,0.08,0.04,11.905747658337408,0.0,57.500000949663,343.0,19.0,0.0,49.0,62.0,11.905747658337408,ICU,11.905747658337408,ICU,977.0,1002.0,3005.0
781,Switzerland,1.5,4.0,0.08,0.04,67.75883456651101,5512.0,50.5000003531912,384.0,39.0,15.0,56.0,892.0,39.0,AWW,50.5000003531912,HARISS,988.0,997.0,3048.0
782,Switzerland,1.5,4.0,0.08,0.04,57.303434136990056,616.0,64.5000003567934,1900.0,34.0,10.0,57.0,588.0,34.0,AWW,57.0,AWW,939.0,1088.0,3048.0
783,Switzerland,1.5,4.0,0.08,0.04,68.61793166436519,3303.0,43.50000003888763,38.0,34.0,2.0,45.0,61.0,34.0,AWW,43.50000003888763,HARISS,979.0,1114.0,3030.0
784,Switzerland,1.5,4.0,0.08,0.04,71.82601590067968,6891.0,47.500000359217196,166.0,27.0,7.0,47.0,158.0,27.0,AWW,47.0,AWW,919.0,1072.0,2959.0
785,Switzerland,1.5,4.0,0.08,0.04,56.814881672099894,1564.0,50.500000003292655,614.0,41.0,118.0,44.0,207.0,41.0,AWW,44.0,AWW,1001.0,1055.0,3051.0
786,Switzerland,1.5,4.0,0.08,0.04,41.54706627932166,598.0,33.50000031660795,146.0,30.0,84.0,21.0,20.0,30.0,AWW,21.0,AWW,967.0,1037.0,2966.0
787,Switzerland,1.5,4.0,0.08,0.04,73.03503530626224,5162.0,61.50000044373762,860.0,15.0,0.0,48.0,95.0,15.0,AWW,48.0,AWW,902.0,1042.0,2969.0
788,Switzerland,1.5,4.0,0.08,0.04,56.35975210869447,1245.0,54.500000094604225,953.0,37.0,32.0,18.0,0.0,37.0,AWW,18.0,AWW,980.0,1027.0,3102.0
789,Switzerland,1.5,4.0,0.08,0.04,61.67860109276723,3864.0,47.50000012576531,413.0,44.0,229.0,60.0,3066.0,44.0,AWW,47.50000012576531,HARISS,1017.0,1095.0,2902.0
790,Switzerland,1.5,4.0,0.08,0.04,69.52672156285597,5139.0,47.50000057826037,214.0,50.0,319.0,59.0,1098.0,47.50000057826037,HARISS,47.50000057826037,HARISS,927.0,1064.0,2937.0
791,Switzerland,1.5,4.0,0.08,0.04,73.16118545645435,4092.0,57.500000920371235,376.0,9.0,0.0,41.0,32.0,9.0,AWW,41.0,AWW,976.0,1022.0,2935.0
792,Switzerland,1.5,4.0,0.08,0.04,57.81058373823548,501.0,61.50000052838052,901.0,22.0,1.0,62.0,971.0,22.0,AWW,57.81058373823548,ICU,990.0,1133.0,3045.0
793,Switzerland,1.5,4.0,0.08,0.04,86.15508247666651,46456.0,71.50000090106852,5639.0,40.0,74.0,47.0,196.0,40.0,AWW,47.0,AWW,963.0,1008.0,3005.0
794,Switzerland,1.5,4.0,0.08,0.04,78.1612363633061,7858.0,57.50000007188677,363.0,42.0,20.0,63.0,766.0,42.0,AWW,57.50000007188677,HARISS,923.0,1082.0,2983.0
795,Switzerland,1.5,4.0,0.08,0.04,69.51144942520804,2933.0,64.50000060855999,1487.0,27.0,16.0,28.0,16.0,27.0,AWW,28.0,AWW,967.0,1035.0,3024.0
796,Switzerland,1.5,4.0,0.08,0.04,36.831290108996804,7.0,64.50000000170489,889.0,19.0,0.0,54.0,159.0,19.0,AWW,36.831290108996804,ICU,941.0,1037.0,2964.0
797,Switzerland,1.5,4.0,0.08,0.04,58.87801427518792,3249.0,29.50000085090388,53.0,21.0,19.0,51.0,959.0,21.0,AWW,29.50000085090388,HARISS,952.0,1062.0,3077.0
798,Switzerland,1.5,4.0,0.08,0.04,69.10517373654108,1583.0,71.50000030158506,2195.0,39.0,48.0,49.0,105.0,39.0,AWW,49.0,AWW,899.0,1013.0,3002.0
799,Switzerland,1.5,4.0,0.08,0.04,42.40962692542672,228.0,54.50000079383522,1519.0,37.0,62.0,53.0,1199.0,37.0,AWW,42.40962692542672,ICU,991.0,1042.0,3053.0
800,Switzerland,1.5,4.0,0.08,0.04,61.67752927921443,1177.0,43.5000007738414,75.0,42.0,61.0,62.0,1244.0,42.0,AWW,43.5000007738414,HARISS,977.0,1012.0,2981.0
801,Switzerland,1.5,4.0,0.08,0.04,71.93834075862053,4575.0,64.50000098282871,1532.0,36.0,3.0,67.0,2276.0,36.0,AWW,64.50000098282871,HARISS,1016.0,1057.0,3019.0
802,Switzerland,1.5,4.0,0.08,0.04,42.8096954329652,473.0,43.5000007130512,532.0,42.0,417.0,52.0,1979.0,42.0,AWW,42.8096954329652,ICU,979.0,1060.0,3002.0
803,Switzerland,1.5,4.0,0.08,0.04,67.00389026457583,1937.0,40.500000325464526,51.0,43.0,81.0,54.0,279.0,40.500000325464526,HARISS,40.500000325464526,HARISS,967.0,1076.0,3044.0
804,Switzerland,1.5,4.0,0.08,0.04,79.15500085040098,13976.0,61.50000052851424,1164.0,35.0,35.0,36.0,43.0,35.0,AWW,36.0,AWW,977.0,1038.0,2981.0
805,Switzerland,1.5,4.0,0.08,0.04,57.69196546016195,1811.0,47.50000081141362,348.0,27.0,10.0,49.0,457.0,27.0,AWW,47.50000081141362,HARISS,975.0,1023.0,2984.0
806,Switzerland,1.5,4.0,0.08,0.04,58.31746347299702,3487.0,47.50000000831832,704.0,24.0,20.0,58.0,3317.0,24.0,AWW,47.50000000831832,HARISS,953.0,1105.0,3007.0
807,Switzerland,1.5,4.0,0.08,0.04,71.71653035086774,5368.0,54.500000619295555,301.0,48.0,87.0,57.0,503.0,48.0,AWW,54.500000619295555,HARISS,1007.0,1067.0,3005.0
808,Switzerland,1.5,4.0,0.08,0.04,61.61989738584962,789.0,54.500000444998975,368.0,29.0,29.0,30.0,37.0,29.0,AWW,30.0,AWW,944.0,1052.0,3061.0
809,Switzerland,1.5,4.0,0.08,0.04,29.86435858781227,31.0,36.50000086221439,60.0,22.0,13.0,46.0,190.0,22.0,AWW,29.86435858781227,ICU,965.0,1028.0,2921.0
810,Switzerland,1.5,4.0,0.08,0.04,46.45247926438079,379.0,40.50000036512507,140.0,38.0,92.0,39.0,107.0,38.0,AWW,39.0,AWW,983.0,1041.0,2990.0
811,Switzerland,1.5,4.0,0.08,0.04,68.34850495272873,5283.0,40.50000062887858,89.0,43.0,122.0,65.0,3283.0,40.50000062887858,HARISS,40.50000062887858,HARISS,1017.0,1010.0,2871.0
812,Switzerland,1.5,4.0,0.08,0.04,47.09265586382403,282.0,15.500000302210918,2.0,34.0,49.0,59.0,1540.0,15.500000302210918,HARISS,15.500000302210918,HARISS,963.0,1044.0,3000.0
813,Switzerland,1.5,4.0,0.08,0.04,49.18692152717605,806.0,47.50000066151057,636.0,36.0,102.0,54.0,1716.0,36.0,AWW,47.50000066151057,HARISS,946.0,978.0,2924.0
814,Switzerland,1.5,4.0,0.08,0.04,61.412113047690035,1212.0,61.5000005787579,1225.0,30.0,5.0,46.0,92.0,30.0,AWW,46.0,AWW,991.0,1048.0,3080.0
815,Switzerland,1.5,4.0,0.08,0.04,64.88815263537967,990.0,43.50000057687614,39.0,48.0,89.0,55.0,221.0,43.50000057687614,HARISS,43.50000057687614,HARISS,995.0,1098.0,2954.0
816,Switzerland,1.5,4.0,0.08,0.04,59.036159388052546,1287.0,43.500000665278726,133.0,48.0,244.0,62.0,1974.0,43.500000665278726,HARISS,43.500000665278726,HARISS,962.0,1011.0,3040.0
817,Switzerland,1.5,4.0,0.08,0.04,41.45179888679767,330.0,40.50000023836957,278.0,35.0,120.0,52.0,1572.0,35.0,AWW,40.50000023836957,HARISS,961.0,1055.0,2901.0
818,Switzerland,1.5,4.0,0.08,0.04,73.67476585004242,5767.0,54.5000003152107,283.0,38.0,15.0,62.0,881.0,38.0,AWW,54.5000003152107,HARISS,986.0,992.0,2960.0
819,Switzerland,1.5,4.0,0.08,0.04,78.34907111431856,5255.0,61.500000616770556,578.0,31.0,7.0,5.0,0.0,31.0,AWW,5.0,AWW,1025.0,1055.0,2980.0
820,Switzerland,1.5,4.0,0.08,0.04,50.728428265165306,275.0,50.50000032002098,266.0,42.0,65.0,56.0,625.0,42.0,AWW,50.50000032002098,HARISS,969.0,1028.0,2973.0
821,Switzerland,1.5,4.0,0.08,0.04,32.73291679362954,303.0,40.50000006976108,1105.0,44.0,1813.0,45.0,2092.0,32.73291679362954,ICU,32.73291679362954,ICU,926.0,1046.0,2992.0
822,Switzerland,1.5,4.0,0.08,0.04,67.7621931608231,4176.0,50.50000096411453,313.0,22.0,2.0,59.0,1159.0,22.0,AWW,50.50000096411453,HARISS,968.0,1048.0,2990.0
823,Switzerland,1.5,4.0,0.08,0.04,57.962789415845045,3859.0,47.50000012881262,892.0,37.0,255.0,52.0,1683.0,37.0,AWW,47.50000012881262,HARISS,972.0,1050.0,2992.0
824,Switzerland,1.5,4.0,0.08,0.04,41.505493193983035,1889.0,40.50000077050425,1635.0,28.0,264.0,56.0,16677.0,28.0,AWW,40.50000077050425,HARISS,989.0,1033.0,2962.0
825,Switzerland,1.5,4.0,0.08,0.04,46.35171357126468,522.0,36.50000040675726,125.0,12.0,0.0,45.0,441.0,12.0,AWW,36.50000040675726,HARISS,973.0,1051.0,3022.0
826,Switzerland,1.5,4.0,0.08,0.04,44.16749293314411,328.0,54.50000037072116,1655.0,22.0,9.0,58.0,2857.0,22.0,AWW,44.16749293314411,ICU,1048.0,1036.0,2966.0
827,Switzerland,1.5,4.0,0.08,0.04,59.99006275767982,2643.0,43.50000051671046,229.0,15.0,0.0,34.0,53.0,15.0,AWW,34.0,AWW,976.0,995.0,2979.0
828,Switzerland,1.5,4.0,0.08,0.04,58.960269422092374,437.0,68.5000007370482,1933.0,44.0,37.0,57.0,334.0,44.0,AWW,57.0,AWW,920.0,1066.0,3057.0
829,Switzerland,1.5,4.0,0.08,0.04,51.080401093187476,1760.0,47.50000046700502,1039.0,42.0,481.0,43.0,539.0,42.0,AWW,43.0,AWW,973.0,1047.0,3052.0
830,Switzerland,1.5,4.0,0.08,0.04,35.66285405519042,364.0,33.50000076211388,278.0,22.0,56.0,46.0,1331.0,22.0,AWW,33.50000076211388,HARISS,1000.0,1081.0,2949.0
831,Switzerland,1.5,4.0,0.08,0.04,58.42992900207162,1863.0,57.500000338469995,1631.0,40.0,108.0,40.0,108.0,40.0,AWW,40.0,AWW,986.0,1002.0,3023.0
832,Switzerland,1.5,4.0,0.08,0.04,76.739214402237,4517.0,75.50000004344194,3806.0,32.0,1.0,33.0,3.0,32.0,AWW,33.0,AWW,970.0,1067.0,2980.0
833,Switzerland,1.5,4.0,0.08,0.04,62.11485285469309,3515.0,43.50000076579232,171.0,40.0,90.0,47.0,313.0,40.0,AWW,43.50000076579232,HARISS,960.0,1052.0,2956.0
834,Switzerland,1.5,4.0,0.08,0.04,53.4201829247341,797.0,50.50000040300531,481.0,33.0,20.0,41.0,85.0,33.0,AWW,41.0,AWW,1029.0,1066.0,3038.0
835,Switzerland,1.5,4.0,0.08,0.04,66.72795297285545,4059.0,50.50000054238484,462.0,38.0,74.0,38.0,74.0,38.0,AWW,38.0,AWW,916.0,1059.0,2995.0
836,Switzerland,1.5,4.0,0.08,0.04,62.70491857154423,2898.0,47.50000094068476,207.0,23.0,0.0,49.0,265.0,23.0,AWW,47.50000094068476,HARISS,943.0,1068.0,2929.0
837,Switzerland,1.5,4.0,0.08,0.04,81.63377751979442,16116.0,68.50000053858568,2178.0,33.0,10.0,58.0,458.0,33.0,AWW,58.0,AWW,969.0,1069.0,2833.0
838,Switzerland,1.5,4.0,0.08,0.04,71.06297827068579,14612.0,47.50000021743797,371.0,32.0,25.0,58.0,1999.0,32.0,AWW,47.50000021743797,HARISS,971.0,1044.0,2989.0
839,Switzerland,1.5,4.0,0.08,0.04,54.9996108258985,4415.0,50.5000007839286,2200.0,33.0,136.0,34.0,158.0,33.0,AWW,34.0,AWW,974.0,1084.0,2934.0
840,Switzerland,1.5,4.0,0.08,0.04,58.0942503415879,1372.0,54.500000047259036,831.0,8.0,0.0,55.0,901.0,8.0,AWW,54.500000047259036,HARISS,981.0,1022.0,2928.0
841,Switzerland,1.5,4.0,0.08,0.04,43.96220169139744,581.0,43.500000808303746,537.0,36.0,155.0,49.0,1236.0,36.0,AWW,43.500000808303746,HARISS,940.0,1075.0,2968.0
842,Switzerland,1.5,4.0,0.08,0.04,40.32859908420862,232.0,47.50000027515112,837.0,30.0,27.0,30.0,27.0,30.0,AWW,30.0,AWW,948.0,1079.0,3010.0
843,Switzerland,1.5,4.0,0.08,0.04,77.24794451961705,8069.0,57.50000060038726,483.0,43.0,35.0,20.0,2.0,43.0,AWW,20.0,AWW,987.0,1007.0,3063.0
844,Switzerland,1.5,4.0,0.08,0.04,61.515319264651126,3115.0,47.50000036176605,408.0,23.0,1.0,30.0,14.0,23.0,AWW,30.0,AWW,1019.0,1019.0,3039.0
845,Switzerland,1.5,4.0,0.08,0.04,72.36019999481094,6399.0,64.5000007521536,2014.0,41.0,45.0,53.0,360.0,41.0,AWW,53.0,AWW,1034.0,1032.0,2987.0
846,Switzerland,1.5,4.0,0.08,0.04,41.372748109552155,431.0,33.50000009087399,119.0,45.0,725.0,62.0,8287.0,33.50000009087399,HARISS,33.50000009087399,HARISS,1023.0,1056.0,3005.0
847,Switzerland,1.5,4.0,0.08,0.04,53.829072982638955,1231.0,50.50000080630322,747.0,39.0,143.0,52.0,918.0,39.0,AWW,50.50000080630322,HARISS,946.0,1075.0,3028.0
848,Switzerland,1.5,4.0,0.08,0.04,32.752944923293114,8.0,68.50000049152467,2667.0,27.0,7.0,54.0,292.0,27.0,AWW,32.752944923293114,ICU,974.0,994.0,3067.0
849,Switzerland,1.5,4.0,0.08,0.04,37.29738653836113,359.0,40.50000049495358,618.0,24.0,44.0,48.0,2227.0,24.0,AWW,37.29738653836113,ICU,956.0,1055.0,3058.0
850,Switzerland,1.5,4.0,0.08,0.04,37.35186368889915,40.0,54.500000897808526,546.0,47.0,170.0,48.0,200.0,37.35186368889915,ICU,37.35186368889915,ICU,1033.0,1069.0,2987.0
851,Switzerland,1.5,4.0,0.08,0.04,21.130535789301042,8.0,54.500000167553594,301.0,27.0,13.0,28.0,14.0,21.130535789301042,ICU,21.130535789301042,ICU,967.0,1024.0,2979.0
852,Switzerland,1.5,4.0,0.08,0.04,64.34073197005408,2389.0,61.500000746102565,1533.0,41.0,36.0,46.0,97.0,41.0,AWW,46.0,AWW,993.0,1109.0,3012.0
853,Switzerland,1.5,4.0,0.08,0.04,22.97246282100625,34.0,57.500000825663605,441.0,10.0,0.0,47.0,251.0,10.0,AWW,22.97246282100625,ICU,1002.0,1137.0,3005.0
854,Switzerland,1.5,4.0,0.08,0.04,60.18297885081396,2574.0,47.50000053810171,402.0,17.0,0.0,52.0,750.0,17.0,AWW,47.50000053810171,HARISS,992.0,1071.0,2987.0
855,Switzerland,1.5,4.0,0.08,0.04,29.00346779041133,60.0,61.50000041207878,558.0,13.0,0.0,30.0,64.0,13.0,AWW,29.00346779041133,ICU,1001.0,1062.0,2925.0
856,Switzerland,1.5,4.0,0.08,0.04,65.17219799842408,1873.0,54.5000007650779,449.0,15.0,0.0,61.0,1048.0,15.0,AWW,54.5000007650779,HARISS,982.0,1110.0,2930.0
857,Switzerland,1.5,4.0,0.08,0.04,43.2525336714742,655.0,40.500000639717605,448.0,31.0,113.0,43.0,630.0,31.0,AWW,40.500000639717605,HARISS,925.0,1003.0,2914.0
858,Switzerland,1.5,4.0,0.08,0.04,11.33781900983966,6.0,64.50000043426597,1020.0,11.0,6.0,57.0,317.0,11.0,AWW,11.33781900983966,ICU,1079.0,1032.0,3014.0
859,Switzerland,1.5,4.0,0.08,0.04,51.13833606034122,753.0,47.50000089620182,398.0,44.0,213.0,62.0,3994.0,44.0,AWW,47.50000089620182,HARISS,976.0,994.0,2962.0
860,Switzerland,1.5,4.0,0.08,0.04,19.760218698860232,11.0,40.500000207156816,185.0,42.0,243.0,46.0,444.0,19.760218698860232,ICU,19.760218698860232,ICU,974.0,1061.0,2975.0
861,Switzerland,1.5,4.0,0.08,0.04,67.38574247740759,4485.0,64.50000049025866,2955.0,25.0,0.0,51.0,320.0,25.0,AWW,51.0,AWW,987.0,1051.0,3055.0
862,Switzerland,1.5,4.0,0.08,0.04,35.1010470875097,24.0,61.500000103850134,1510.0,44.0,113.0,51.0,322.0,35.1010470875097,ICU,35.1010470875097,ICU,1048.0,1055.0,3050.0
863,Switzerland,1.5,4.0,0.08,0.04,53.857501513691595,1090.0,50.50000014037815,696.0,19.0,16.0,57.0,1659.0,19.0,AWW,50.50000014037815,HARISS,939.0,1068.0,3015.0
864,Switzerland,1.5,4.0,0.08,0.04,53.421055381688156,561.0,43.50000072851751,143.0,28.0,25.0,52.0,466.0,28.0,AWW,43.50000072851751,HARISS,993.0,1036.0,3047.0
865,Switzerland,1.5,4.0,0.08,0.04,20.90491447211913,16.0,54.50000035822983,1443.0,28.0,42.0,66.0,7995.0,20.90491447211913,ICU,20.90491447211913,ICU,921.0,1048.0,2959.0
866,Switzerland,1.5,4.0,0.08,0.04,80.6720345342417,10173.0,40.500000963131924,12.0,48.0,79.0,51.0,123.0,40.500000963131924,HARISS,40.500000963131924,HARISS,957.0,1006.0,2938.0
867,Switzerland,1.5,4.0,0.08,0.04,50.094222791069434,389.0,54.50000054639693,786.0,27.0,9.0,37.0,50.0,27.0,AWW,37.0,AWW,993.0,1038.0,2988.0
868,Switzerland,1.5,4.0,0.08,0.04,29.421211501882187,13.0,29.500000703556317,13.0,46.0,54.0,58.0,520.0,29.421211501882187,ICU,29.421211501882187,ICU,984.0,1095.0,2984.0
869,Switzerland,1.5,4.0,0.08,0.04,54.16839771796553,1833.0,50.50000026124784,1029.0,34.0,46.0,48.0,685.0,34.0,AWW,48.0,AWW,977.0,1070.0,2994.0
870,Switzerland,1.5,4.0,0.08,0.04,38.63396321066102,43.0,64.50000040549104,1572.0,40.0,47.0,52.0,193.0,38.63396321066102,ICU,38.63396321066102,ICU,972.0,1045.0,2982.0
871,Switzerland,1.5,4.0,0.08,0.04,66.36979358838425,2416.0,61.50000067718555,1165.0,39.0,52.0,51.0,249.0,39.0,AWW,51.0,AWW,916.0,1075.0,3028.0
872,Switzerland,1.5,4.0,0.08,0.04,67.24784779999561,998.0,50.50000055814156,60.0,22.0,0.0,52.0,78.0,22.0,AWW,50.50000055814156,HARISS,986.0,981.0,2977.0
873,Switzerland,1.5,4.0,0.08,0.04,81.46800811625539,8967.0,61.5000007606031,602.0,38.0,7.0,46.0,89.0,38.0,AWW,46.0,AWW,906.0,1047.0,2918.0
874,Switzerland,1.5,4.0,0.08,0.04,68.23711728199531,3022.0,57.500000226381296,581.0,41.0,25.0,53.0,282.0,41.0,AWW,53.0,AWW,996.0,1102.0,2968.0
875,Switzerland,1.5,4.0,0.08,0.04,48.35898042720332,144.0,43.500000818760995,83.0,24.0,4.0,24.0,4.0,24.0,AWW,24.0,AWW,959.0,1046.0,3026.0
876,Switzerland,1.5,4.0,0.08,0.04,36.85122031709083,10.0,61.5000002267192,841.0,35.0,8.0,36.0,10.0,35.0,AWW,36.0,AWW,970.0,1031.0,2988.0
877,Switzerland,1.5,4.0,0.08,0.04,51.693499825038764,719.0,54.50000072149646,1056.0,26.0,2.0,51.0,649.0,26.0,AWW,51.0,AWW,942.0,1058.0,3012.0
878,Switzerland,1.5,4.0,0.08,0.04,69.48734918893231,3088.0,50.50000026982408,96.0,44.0,24.0,52.0,126.0,44.0,AWW,50.50000026982408,HARISS,1000.0,1043.0,2933.0
879,Switzerland,1.5,4.0,0.08,0.04,65.54559254107792,2205.0,43.50000066977813,91.0,52.0,298.0,63.0,1511.0,43.50000066977813,HARISS,43.50000066977813,HARISS,968.0,1037.0,2928.0
880,Switzerland,1.5,4.0,0.08,0.04,8.61013189314947,3.0,54.500000547463515,2131.0,45.0,490.0,48.0,746.0,8.61013189314947,ICU,8.61013189314947,ICU,924.0,1034.0,2948.0
881,Switzerland,1.5,4.0,0.08,0.04,58.16760202551888,4704.0,36.500000260267804,165.0,31.0,68.0,32.0,80.0,31.0,AWW,32.0,AWW,937.0,1033.0,2991.0
882,Switzerland,1.5,4.0,0.08,0.04,64.8320325601811,905.0,43.500000909114746,27.0,30.0,0.0,36.0,13.0,30.0,AWW,36.0,AWW,964.0,1068.0,2908.0
883,Switzerland,1.5,4.0,0.08,0.04,71.86035037408739,3849.0,54.50000078881813,198.0,22.0,0.0,45.0,33.0,22.0,AWW,45.0,AWW,1007.0,1029.0,3005.0
884,Switzerland,1.5,4.0,0.08,0.04,73.17972213592192,14133.0,57.50000002960139,1331.0,23.0,0.0,42.0,86.0,23.0,AWW,42.0,AWW,945.0,1062.0,3044.0
885,Switzerland,1.5,4.0,0.08,0.04,20.55189976980317,51.0,19.50000030947651,51.0,38.0,63.0,46.0,120.0,19.50000030947651,HARISS,19.50000030947651,HARISS,955.0,1051.0,3030.0
886,Switzerland,1.5,4.0,0.08,0.04,45.09997302093453,318.0,43.5000007170845,266.0,33.0,92.0,34.0,101.0,33.0,AWW,34.0,AWW,989.0,1005.0,2991.0
887,Switzerland,1.5,4.0,0.08,0.04,60.45331651903724,470.0,61.50000031562673,535.0,49.0,87.0,50.0,89.0,49.0,AWW,50.0,AWW,954.0,1030.0,2950.0
888,Switzerland,1.5,4.0,0.08,0.04,63.846146807073275,2588.0,61.50000081145563,1878.0,42.0,66.0,42.0,66.0,42.0,AWW,42.0,AWW,981.0,1062.0,2939.0
889,Switzerland,1.5,4.0,0.08,0.04,74.93621265577667,3652.0,64.50000098576308,786.0,34.0,9.0,55.0,164.0,34.0,AWW,55.0,AWW,978.0,1054.0,3017.0
890,Switzerland,1.5,4.0,0.08,0.04,77.35041225396495,9793.0,54.500000189886535,341.0,42.0,51.0,49.0,147.0,42.0,AWW,49.0,AWW,964.0,1065.0,3048.0
891,Switzerland,1.5,4.0,0.08,0.04,77.97874503517113,12579.0,61.500000384314006,1034.0,28.0,5.0,63.0,1291.0,28.0,AWW,61.500000384314006,HARISS,1002.0,1081.0,2939.0
892,Switzerland,1.5,4.0,0.08,0.04,38.06314064109561,719.0,43.50000001035832,1593.0,47.0,2822.0,59.0,17897.0,38.06314064109561,ICU,38.06314064109561,ICU,1007.0,1071.0,3002.0
893,Switzerland,1.5,4.0,0.08,0.04,76.65039200440748,12003.0,64.50000005680492,1983.0,28.0,8.0,55.0,431.0,28.0,AWW,55.0,AWW,962.0,1074.0,3009.0
894,Switzerland,1.5,4.0,0.08,0.04,43.56908016439113,1035.0,36.500000541203136,329.0,8.0,0.0,53.0,4221.0,8.0,AWW,36.500000541203136,HARISS,979.0,1012.0,3000.0
895,Switzerland,1.5,4.0,0.08,0.04,35.77919076593448,27.0,43.500000757177624,71.0,17.0,0.0,36.0,29.0,17.0,AWW,35.77919076593448,ICU,990.0,1064.0,2994.0
896,Switzerland,1.5,4.0,0.08,0.04,63.15339657219674,7353.0,57.500000621342494,2982.0,19.0,2.0,41.0,188.0,19.0,AWW,41.0,AWW,983.0,1013.0,3053.0
897,Switzerland,1.5,4.0,0.08,0.04,56.80304691429679,769.0,50.500000027177755,273.0,45.0,92.0,55.0,575.0,45.0,AWW,50.500000027177755,HARISS,1016.0,1015.0,2982.0
898,Switzerland,1.5,4.0,0.08,0.04,50.56211308704219,361.0,64.50000069628365,2466.0,23.0,0.0,34.0,13.0,23.0,AWW,34.0,AWW,929.0,1048.0,2935.0
899,Switzerland,1.5,4.0,0.08,0.04,53.441381554520554,1989.0,47.50000096789231,875.0,26.0,20.0,56.0,2944.0,26.0,AWW,47.50000096789231,HARISS,985.0,1015.0,2924.0
900,Switzerland,1.5,4.0,0.08,0.04,29.936728368293316,21.0,64.50000096734213,1770.0,36.0,25.0,51.0,191.0,29.936728368293316,ICU,29.936728368293316,ICU,960.0,1064.0,3036.0
901,Switzerland,1.5,4.0,0.08,0.04,46.65196177254281,1392.0,47.50000036095525,1602.0,40.0,515.0,6.0,0.0,40.0,AWW,6.0,AWW,989.0,1019.0,2999.0
902,Switzerland,1.5,4.0,0.08,0.04,77.00771602217412,8041.0,64.50000040558591,1394.0,39.0,27.0,40.0,33.0,39.0,AWW,40.0,AWW,946.0,1059.0,2977.0
903,Switzerland,1.5,4.0,0.08,0.04,67.8106183060825,5167.0,61.50000078008253,1966.0,22.0,0.0,47.0,214.0,22.0,AWW,47.0,AWW,939.0,1078.0,3008.0
904,Switzerland,1.5,4.0,0.08,0.04,24.323898216307153,2.0,47.50000053582732,48.0,40.0,12.0,45.0,32.0,24.323898216307153,ICU,24.323898216307153,ICU,992.0,1090.0,3065.0
905,Switzerland,1.5,4.0,0.08,0.04,61.34715198944922,827.0,47.500000298822684,155.0,28.0,0.0,47.0,150.0,28.0,AWW,47.0,AWW,939.0,1067.0,3017.0
906,Switzerland,1.5,4.0,0.08,0.04,56.28329051905148,436.0,29.500000930475142,6.0,45.0,54.0,51.0,183.0,29.500000930475142,HARISS,29.500000930475142,HARISS,992.0,1029.0,2993.0
907,Switzerland,1.5,4.0,0.08,0.04,93.81615399944303,29455.0,71.50000065191206,2581.0,37.0,23.0,60.0,452.0,37.0,AWW,60.0,AWW,918.0,1081.0,3001.0
908,Switzerland,1.5,4.0,0.08,0.04,66.46289672239355,1385.0,61.50000026178991,648.0,28.0,0.0,48.0,73.0,28.0,AWW,48.0,AWW,927.0,1054.0,2990.0
909,Switzerland,1.5,4.0,0.08,0.04,49.22923306641839,423.0,61.500000873846744,2446.0,38.0,64.0,56.0,1101.0,38.0,AWW,49.22923306641839,ICU,972.0,1043.0,2953.0
910,Switzerland,1.5,4.0,0.08,0.04,43.16848028106005,1717.0,40.500000908587744,1167.0,47.0,2997.0,53.0,6977.0,40.500000908587744,HARISS,40.500000908587744,HARISS,966.0,1080.0,2998.0
911,Switzerland,1.5,4.0,0.08,0.04,49.85824747953416,941.0,47.50000017788978,645.0,39.0,162.0,40.0,193.0,39.0,AWW,40.0,AWW,956.0,1019.0,2875.0
912,Switzerland,1.5,4.0,0.08,0.04,56.840776156826685,1335.0,36.50000081950469,46.0,35.0,36.0,61.0,2496.0,35.0,AWW,36.50000081950469,HARISS,946.0,1085.0,3010.0
913,Switzerland,1.5,4.0,0.08,0.04,37.17926639632372,54.0,57.500000009675844,618.0,43.0,94.0,44.0,107.0,37.17926639632372,ICU,37.17926639632372,ICU,920.0,1111.0,3022.0
914,Switzerland,1.5,4.0,0.08,0.04,33.36162219460266,42.0,68.5000005178685,1115.0,38.0,47.0,49.0,89.0,33.36162219460266,ICU,33.36162219460266,ICU,970.0,1044.0,2972.0
915,Switzerland,1.5,4.0,0.08,0.04,16.150755940526622,0.0,54.500000980818214,356.0,45.0,41.0,53.0,275.0,16.150755940526622,ICU,16.150755940526622,ICU,999.0,1055.0,3041.0
916,Switzerland,1.5,4.0,0.08,0.04,48.075060057766656,161.0,61.5000006088652,997.0,37.0,16.0,55.0,370.0,37.0,AWW,48.075060057766656,ICU,983.0,1020.0,3102.0
917,Switzerland,1.5,4.0,0.08,0.04,64.26158398398456,2580.0,61.5000005642865,1710.0,43.0,73.0,46.0,120.0,43.0,AWW,46.0,AWW,969.0,1045.0,2982.0
918,Switzerland,1.5,4.0,0.08,0.04,59.48255523967664,1660.0,57.500000893325215,1257.0,44.0,138.0,50.0,380.0,44.0,AWW,50.0,AWW,943.0,1053.0,3015.0
919,Switzerland,1.5,4.0,0.08,0.04,66.21465688035934,3633.0,57.50000037027211,958.0,32.0,18.0,55.0,634.0,32.0,AWW,55.0,AWW,981.0,1087.0,3018.0
920,Switzerland,1.5,4.0,0.08,0.04,57.20641809065806,1766.0,54.50000047727957,1191.0,37.0,101.0,56.0,1466.0,37.0,AWW,54.50000047727957,HARISS,965.0,1124.0,3039.0
921,Switzerland,1.5,4.0,0.08,0.04,76.14277439145835,6882.0,68.50000047188581,2138.0,51.0,88.0,55.0,202.0,51.0,AWW,55.0,AWW,984.0,1049.0,3138.0
922,Switzerland,1.5,4.0,0.08,0.04,58.90145432619811,1976.0,54.50000094099513,982.0,21.0,2.0,56.0,1222.0,21.0,AWW,54.50000094099513,HARISS,964.0,1010.0,2960.0
923,Switzerland,1.5,4.0,0.08,0.04,22.84662401665172,7.0,57.500000272740415,537.0,38.0,29.0,4.0,0.0,22.84662401665172,ICU,4.0,AWW,952.0,1046.0,2944.0
924,Switzerland,1.5,4.0,0.08,0.04,68.46982495666778,7545.0,50.5000008240524,477.0,42.0,121.0,47.0,267.0,42.0,AWW,47.0,AWW,973.0,999.0,2933.0
925,Switzerland,1.5,4.0,0.08,0.04,74.80380038360403,12929.0,50.50000003182073,294.0,34.0,2.0,53.0,443.0,34.0,AWW,50.50000003182073,HARISS,983.0,1083.0,3052.0
926,Switzerland,1.5,4.0,0.08,0.04,64.32788226542502,1492.0,54.500000932080155,326.0,42.0,29.0,52.0,212.0,42.0,AWW,52.0,AWW,965.0,999.0,3011.0
927,Switzerland,1.5,4.0,0.08,0.04,61.82732153027299,2553.0,47.50000036990421,258.0,16.0,0.0,50.0,409.0,16.0,AWW,47.50000036990421,HARISS,996.0,1109.0,3013.0
928,Switzerland,1.5,4.0,0.08,0.04,74.87126643305776,8011.0,54.50000070662599,270.0,13.0,0.0,45.0,55.0,13.0,AWW,45.0,AWW,997.0,1070.0,3073.0
929,Switzerland,1.5,4.0,0.08,0.04,49.2291531705747,321.0,40.50000099818688,124.0,43.0,156.0,56.0,624.0,40.50000099818688,HARISS,40.50000099818688,HARISS,970.0,1044.0,2999.0
930,Switzerland,1.5,4.0,0.08,0.04,36.737483148918294,733.0,22.500000684771905,78.0,40.0,1242.0,53.0,8925.0,22.500000684771905,HARISS,22.500000684771905,HARISS,931.0,1051.0,2948.0
931,Switzerland,1.5,4.0,0.08,0.04,30.512415653980486,10.0,57.50000059806665,1364.0,51.0,480.0,26.0,4.0,30.512415653980486,ICU,26.0,AWW,928.0,1070.0,3053.0
932,Switzerland,1.5,4.0,0.08,0.04,70.98180609809617,2259.0,68.5000009367243,1573.0,18.0,1.0,27.0,6.0,18.0,AWW,27.0,AWW,953.0,1071.0,3057.0
933,Switzerland,1.5,4.0,0.08,0.04,73.21569840611508,8944.0,54.50000001977402,564.0,14.0,0.0,52.0,380.0,14.0,AWW,52.0,AWW,950.0,1044.0,3013.0
934,Switzerland,1.5,4.0,0.08,0.04,86.71416265489898,13555.0,68.50000053966967,1114.0,31.0,2.0,34.0,5.0,31.0,AWW,34.0,AWW,935.0,1064.0,3013.0
935,Switzerland,1.5,4.0,0.08,0.04,7.293763028406232,10.0,61.50000087001074,1877.0,30.0,16.0,50.0,272.0,7.293763028406232,ICU,7.293763028406232,ICU,997.0,1004.0,3040.0
936,Switzerland,1.5,4.0,0.08,0.04,56.68521498850681,3246.0,43.500000696357034,459.0,35.0,119.0,58.0,4000.0,35.0,AWW,43.500000696357034,HARISS,969.0,1009.0,2999.0
937,Switzerland,1.5,4.0,0.08,0.04,67.03245218877372,5772.0,57.50000070261924,1349.0,42.0,101.0,43.0,122.0,42.0,AWW,43.0,AWW,982.0,1005.0,3032.0
938,Switzerland,1.5,4.0,0.08,0.04,63.36224776029564,677.0,61.500000058717625,525.0,20.0,0.0,43.0,43.0,20.0,AWW,43.0,AWW,926.0,1049.0,3085.0
939,Switzerland,1.5,4.0,0.08,0.04,69.29997969767088,7545.0,54.50000029698229,931.0,41.0,93.0,47.0,325.0,41.0,AWW,47.0,AWW,935.0,1066.0,2983.0
940,Switzerland,1.5,4.0,0.08,0.04,70.87465371247073,12085.0,61.500000258366775,2759.0,44.0,178.0,55.0,995.0,44.0,AWW,55.0,AWW,951.0,1093.0,3034.0
941,Switzerland,1.5,4.0,0.08,0.04,74.27614856684481,11012.0,57.50000061586066,774.0,34.0,0.0,51.0,262.0,34.0,AWW,51.0,AWW,940.0,980.0,2905.0
942,Switzerland,1.5,4.0,0.08,0.04,71.6344577564496,8782.0,54.50000036425364,762.0,47.0,231.0,53.0,595.0,47.0,AWW,53.0,AWW,985.0,1035.0,2946.0
943,Switzerland,1.5,4.0,0.08,0.04,39.33178735041591,29.0,54.5000003330519,178.0,37.0,11.0,38.0,18.0,37.0,AWW,38.0,AWW,956.0,1057.0,3037.0
944,Switzerland,1.5,4.0,0.08,0.04,50.42909607897574,520.0,47.50000089410903,319.0,43.0,147.0,59.0,1990.0,43.0,AWW,47.50000089410903,HARISS,1007.0,1011.0,3005.0
945,Switzerland,1.5,4.0,0.08,0.04,31.779246036669107,366.0,36.50000078110999,729.0,36.0,677.0,49.0,4799.0,31.779246036669107,ICU,31.779246036669107,ICU,1018.0,1022.0,3054.0
946,Switzerland,1.5,4.0,0.08,0.04,84.96777379367533,24231.0,64.50000092573698,1119.0,37.0,9.0,63.0,883.0,37.0,AWW,63.0,AWW,975.0,1056.0,3012.0
947,Switzerland,1.5,4.0,0.08,0.04,29.12250073306755,17.0,64.5000005431945,1195.0,36.0,37.0,60.0,534.0,29.12250073306755,ICU,29.12250073306755,ICU,1000.0,1085.0,3044.0
948,Switzerland,1.5,4.0,0.08,0.04,44.257213088886886,157.0,50.50000017016788,412.0,36.0,21.0,52.0,516.0,36.0,AWW,44.257213088886886,ICU,975.0,1063.0,3039.0
949,Switzerland,1.5,4.0,0.08,0.04,45.275604456632855,239.0,50.50000038229503,541.0,29.0,23.0,56.0,1216.0,29.0,AWW,45.275604456632855,ICU,945.0,1108.0,2896.0
950,Switzerland,1.5,4.0,0.08,0.04,71.27303084982402,8321.0,50.50000035585775,342.0,44.0,130.0,45.0,150.0,44.0,AWW,45.0,AWW,1011.0,1063.0,3021.0
951,Switzerland,1.5,4.0,0.08,0.04,67.72789664417556,2222.0,40.500000493241,80.0,26.0,12.0,38.0,56.0,26.0,AWW,38.0,AWW,958.0,1042.0,3044.0
952,Switzerland,1.5,4.0,0.08,0.04,67.98010666315217,1687.0,68.50000020695359,1816.0,25.0,1.0,37.0,9.0,25.0,AWW,37.0,AWW,951.0,1017.0,2961.0
953,Switzerland,1.5,4.0,0.08,0.04,71.70508920172901,6801.0,50.500000343103984,278.0,37.0,83.0,59.0,921.0,37.0,AWW,50.500000343103984,HARISS,959.0,1091.0,3055.0
954,Switzerland,1.5,4.0,0.08,0.04,32.636624070417135,121.0,40.50000018344732,412.0,24.0,33.0,24.0,33.0,24.0,AWW,24.0,AWW,996.0,1012.0,3041.0
955,Switzerland,1.5,4.0,0.08,0.04,54.47198468209557,290.0,61.50000000048259,890.0,51.0,148.0,52.0,178.0,51.0,AWW,52.0,AWW,950.0,1100.0,3090.0
956,Switzerland,1.5,4.0,0.08,0.04,46.98174368856111,195.0,54.50000067805441,576.0,36.0,42.0,43.0,104.0,36.0,AWW,43.0,AWW,999.0,983.0,2972.0
957,Switzerland,1.5,4.0,0.08,0.04,73.28392512413205,16012.0,64.5000005226039,4324.0,20.0,9.0,55.0,1013.0,20.0,AWW,55.0,AWW,960.0,1108.0,3034.0
958,Switzerland,1.5,4.0,0.08,0.04,68.14836466804917,2314.0,68.50000064839989,2450.0,29.0,0.0,54.0,208.0,29.0,AWW,54.0,AWW,954.0,1072.0,2914.0
959,Switzerland,1.5,4.0,0.08,0.04,62.197802501761615,1070.0,47.50000092594295,89.0,41.0,25.0,51.0,166.0,41.0,AWW,47.50000092594295,HARISS,966.0,1081.0,2988.0
960,Switzerland,1.5,4.0,0.08,0.04,76.28047743148147,13736.0,57.50000062250426,777.0,42.0,53.0,53.0,387.0,42.0,AWW,53.0,AWW,957.0,1074.0,2992.0
961,Switzerland,1.5,4.0,0.08,0.04,48.30907304389441,907.0,47.500000880037135,784.0,17.0,8.0,47.0,736.0,17.0,AWW,47.0,AWW,997.0,1081.0,3037.0
962,Switzerland,1.5,4.0,0.08,0.04,65.24095014481074,4199.0,57.500000040931205,1499.0,39.0,91.0,36.0,64.0,39.0,AWW,36.0,AWW,992.0,1040.0,3018.0
963,Switzerland,1.5,4.0,0.08,0.04,44.96188548735532,382.0,47.5000005610827,549.0,33.0,60.0,34.0,63.0,33.0,AWW,34.0,AWW,941.0,1039.0,3036.0
964,Switzerland,1.5,4.0,0.08,0.04,70.61432326381461,2399.0,54.50000028737077,187.0,27.0,20.0,54.0,172.0,27.0,AWW,54.0,AWW,938.0,1006.0,2949.0
965,Switzerland,1.5,4.0,0.08,0.04,53.17156976966918,1354.0,47.500000342945874,496.0,22.0,5.0,53.0,1306.0,22.0,AWW,47.500000342945874,HARISS,1022.0,1011.0,2974.0
966,Switzerland,1.5,4.0,0.08,0.04,69.98835160343174,7727.0,64.5000001676609,3266.0,34.0,14.0,56.0,817.0,34.0,AWW,56.0,AWW,940.0,1084.0,3051.0
967,Switzerland,1.5,4.0,0.08,0.04,76.24960764250059,5191.0,57.50000004631643,346.0,41.0,10.0,42.0,14.0,41.0,AWW,42.0,AWW,1012.0,1041.0,3026.0
968,Switzerland,1.5,4.0,0.08,0.04,67.3922322698647,15890.0,33.50000072668178,120.0,31.0,81.0,65.0,11014.0,31.0,AWW,33.50000072668178,HARISS,984.0,1034.0,2971.0
969,Switzerland,1.5,4.0,0.08,0.04,49.47110399492581,915.0,57.50000010646167,3135.0,29.0,42.0,55.0,2110.0,29.0,AWW,49.47110399492581,ICU,980.0,1024.0,3005.0
970,Switzerland,1.5,4.0,0.08,0.04,57.55748958301542,1144.0,57.500000922720524,1131.0,41.0,67.0,59.0,1433.0,41.0,AWW,57.500000922720524,HARISS,960.0,1021.0,3005.0
971,Switzerland,1.5,4.0,0.08,0.04,37.71954627491156,106.0,50.500000837851445,477.0,40.0,129.0,14.0,0.0,37.71954627491156,ICU,14.0,AWW,1016.0,1086.0,2987.0
972,Switzerland,1.5,4.0,0.08,0.04,66.91874095367753,3297.0,64.50000089826523,2371.0,9.0,0.0,38.0,43.0,9.0,AWW,38.0,AWW,964.0,1031.0,2894.0
973,Switzerland,1.5,4.0,0.08,0.04,39.14220827677167,476.0,36.50000070686591,323.0,46.0,1354.0,20.0,24.0,36.50000070686591,HARISS,20.0,AWW,933.0,1056.0,2909.0
974,Switzerland,1.5,4.0,0.08,0.04,60.54053333625761,1100.0,47.50000006038149,127.0,37.0,22.0,56.0,519.0,37.0,AWW,47.50000006038149,HARISS,948.0,1065.0,2947.0
975,Switzerland,1.5,4.0,0.08,0.04,61.543149249015094,2129.0,47.50000057126229,228.0,32.0,10.0,35.0,22.0,32.0,AWW,35.0,AWW,962.0,1019.0,2869.0
976,Switzerland,1.5,4.0,0.08,0.04,39.36283620764442,470.0,36.500000331976054,303.0,37.0,333.0,53.0,4056.0,36.500000331976054,HARISS,36.500000331976054,HARISS,985.0,1061.0,3007.0
977,Switzerland,1.5,4.0,0.08,0.04,52.31446206642388,605.0,50.500000098761504,422.0,33.0,21.0,64.0,3475.0,33.0,AWW,50.500000098761504,HARISS,987.0,1067.0,3078.0
978,Switzerland,1.5,4.0,0.08,0.04,82.48541890679924,47454.0,57.50000042335054,956.0,34.0,18.0,55.0,589.0,34.0,AWW,55.0,AWW,912.0,1018.0,3023.0
979,Switzerland,1.5,4.0,0.08,0.04,44.905814877167856,311.0,47.50000070366409,511.0,36.0,55.0,47.0,465.0,36.0,AWW,44.905814877167856,ICU,1034.0,1063.0,2987.0
980,Switzerland,1.5,4.0,0.08,0.04,50.400793605303264,621.0,36.500000908190856,64.0,22.0,2.0,37.0,67.0,22.0,AWW,36.500000908190856,HARISS,938.0,1015.0,2968.0
981,Switzerland,1.5,4.0,0.08,0.04,49.18834008465113,169.0,61.50000025947654,1009.0,32.0,7.0,59.0,699.0,32.0,AWW,49.18834008465113,ICU,1019.0,1059.0,2916.0
982,Switzerland,1.5,4.0,0.08,0.04,41.4622103938492,1734.0,22.50000007317349,71.0,42.0,1883.0,56.0,15712.0,22.50000007317349,HARISS,22.50000007317349,HARISS,1015.0,1064.0,2974.0
983,Switzerland,1.5,4.0,0.08,0.04,70.67633758472644,6958.0,61.5000001388117,1697.0,17.0,5.0,58.0,1005.0,17.0,AWW,58.0,AWW,987.0,1041.0,3012.0
984,Switzerland,1.5,4.0,0.08,0.04,66.55133772650333,813.0,61.500000135262205,339.0,49.0,39.0,63.0,433.0,49.0,AWW,61.500000135262205,HARISS,949.0,1045.0,2931.0
985,Switzerland,1.5,4.0,0.08,0.04,81.07567291145845,12648.0,54.50000017269314,266.0,41.0,36.0,56.0,323.0,41.0,AWW,54.50000017269314,HARISS,983.0,1063.0,3064.0
986,Switzerland,1.5,4.0,0.08,0.04,53.81006951680668,1532.0,36.50000073822831,114.0,32.0,58.0,33.0,69.0,32.0,AWW,33.0,AWW,973.0,1024.0,3086.0
987,Switzerland,1.5,4.0,0.08,0.04,46.108966718315706,1535.0,43.500000628951994,996.0,19.0,14.0,39.0,483.0,19.0,AWW,39.0,AWW,973.0,1056.0,2929.0
988,Switzerland,1.5,4.0,0.08,0.04,55.92769054372377,933.0,57.50000053886957,1189.0,29.0,16.0,58.0,1289.0,29.0,AWW,55.92769054372377,ICU,974.0,1046.0,2969.0
989,Switzerland,1.5,4.0,0.08,0.04,63.38992867798224,1951.0,29.50000058928338,13.0,45.0,110.0,51.0,311.0,29.50000058928338,HARISS,29.50000058928338,HARISS,966.0,1017.0,3012.0
990,Switzerland,1.5,4.0,0.08,0.04,45.418302354872345,820.0,43.5000006875085,589.0,49.0,1353.0,62.0,9519.0,43.5000006875085,HARISS,43.5000006875085,HARISS,1001.0,1078.0,2984.0
991,Switzerland,1.5,4.0,0.08,0.04,42.60663543751002,505.0,43.500000310113734,600.0,32.0,87.0,38.0,239.0,32.0,AWW,38.0,AWW,999.0,1040.0,3061.0
992,Switzerland,1.5,4.0,0.08,0.04,45.137961369652054,280.0,43.50000039139236,213.0,43.0,198.0,57.0,1940.0,43.0,AWW,43.50000039139236,HARISS,951.0,1043.0,2993.0
993,Switzerland,1.5,4.0,0.08,0.04,55.73660754125615,515.0,40.50000033985822,68.0,34.0,21.0,54.0,373.0,34.0,AWW,40.50000033985822,HARISS,982.0,1034.0,2912.0
994,Switzerland,1.5,4.0,0.08,0.04,48.37798700138068,288.0,47.50000017192283,250.0,35.0,48.0,42.0,110.0,35.0,AWW,42.0,AWW,959.0,1034.0,2972.0
995,Switzerland,1.5,4.0,0.08,0.04,27.29399865875041,371.0,29.50000035826926,507.0,40.0,1999.0,52.0,10977.0,27.29399865875041,ICU,27.29399865875041,ICU,936.0,1059.0,2934.0
996,Switzerland,1.5,4.0,0.08,0.04,84.96689755399242,33191.0,61.50000007773784,1064.0,41.0,62.0,50.0,200.0,41.0,AWW,50.0,AWW,967.0,1040.0,3010.0
997,Switzerland,1.5,4.0,0.08,0.04,60.596671828839696,3169.0,47.50000008218041,443.0,35.0,47.0,46.0,341.0,35.0,AWW,46.0,AWW,955.0,1054.0,3021.0
998,Switzerland,1.5,4.0,0.08,0.04,59.58756301984689,3915.0,40.50000027971505,214.0,20.0,5.0,47.0,537.0,20.0,AWW,40.50000027971505,HARISS,918.0,1104.0,2946.0
999,Switzerland,1.5,4.0,0.08,0.04,49.76106952733358,2106.0,36.500000007172815,320.0,10.0,2.0,50.0,2166.0,10.0,AWW,36.500000007172815,HARISS,971.0,1023.0,3015.0
1000,Switzerland,1.5,4.0,0.08,0.04,85.90141895321116,35199.0,57.500000400710164,470.0,41.0,16.0,58.0,504.0,41.0,AWW,57.500000400710164,HARISS,972.0,1065.0,2935.0
