sample_id,country,R0,gen_time,p_det,false_positive_rate,icu_detection_time,icu_local_cases,hariss_detection_time,hariss_local_cases,aww_detection_time,aww_local_cases,earliest_detection_time,earliest_surveillance_type,total_latent,total_infectious,total_detectable
1,Switzerland,1.5,6.0,0.08,0.04,82.81075802449932,1541.0,75.5000001568089,671.0,82.0,1412.0,75.5000001568089,HARISS,101.0,58.0,172.0
2,Switzerland,1.5,6.0,0.08,0.04,94.10123263743782,3233.0,29.50000004807411,14.0,85.0,2307.0,29.50000004807411,HARISS,106.0,58.0,191.0
3,Switzerland,1.5,6.0,0.08,0.04,66.24416439843205,801.0,57.50000077459555,302.0,70.0,1179.0,57.50000077459555,HARISS,131.0,65.0,200.0
4,Switzerland,1.5,6.0,0.08,0.04,67.42983642672864,157.0,Inf,NaN,82.0,692.0,67.42983642672864,ICU,83.0,60.0,178.0
5,Switzerland,1.5,6.0,0.08,0.04,84.18299668344008,1127.0,82.50000009421643,954.0,81.0,812.0,81.0,AWW,109.0,59.0,182.0
6,Switzerland,1.5,6.0,0.08,0.04,16.845888928115407,3.0,61.500000809890274,739.0,71.0,2037.0,16.845888928115407,ICU,95.0,45.0,168.0
7,Switzerland,1.5,6.0,0.08,0.04,60.5896460610894,269.0,54.50000080284562,124.0,58.0,177.0,54.50000080284562,HARISS,94.0,66.0,198.0
8,Switzerland,1.5,6.0,0.08,0.04,83.67849811532724,600.0,75.50000070632753,247.0,87.0,892.0,75.50000070632753,HARISS,97.0,50.0,153.0
9,Switzerland,1.5,6.0,0.08,0.04,91.9252180383242,858.0,82.50000042493473,541.0,83.0,574.0,82.50000042493473,HARISS,97.0,75.0,195.0
10,Switzerland,1.5,6.0,0.08,0.04,90.72677180414591,1681.0,78.5000002712848,685.0,66.0,151.0,66.0,AWW,94.0,73.0,186.0
11,Switzerland,1.5,6.0,0.08,0.04,68.7674152349942,1664.0,47.50000038127886,246.0,71.0,2072.0,47.50000038127886,HARISS,88.0,56.0,198.0
12,Switzerland,1.5,6.0,0.08,0.04,82.98714762838341,871.0,Inf,NaN,79.0,534.0,79.0,AWW,102.0,66.0,188.0
13,Switzerland,1.5,6.0,0.08,0.04,87.33062988630874,2457.0,68.50000056953225,424.0,80.0,1215.0,68.50000056953225,HARISS,95.0,63.0,184.0
14,Switzerland,1.5,6.0,0.08,0.04,66.03122291935395,472.0,36.50000017110479,21.0,57.0,187.0,36.50000017110479,HARISS,91.0,55.0,202.0
15,Switzerland,1.5,6.0,0.08,0.04,22.204846451215296,0.0,71.50000088047672,109.0,75.0,176.0,22.204846451215296,ICU,95.0,57.0,196.0
16,Switzerland,1.5,6.0,0.08,0.04,46.81512618890872,9.0,Inf,NaN,57.0,39.0,46.81512618890872,ICU,96.0,50.0,212.0
17,Switzerland,1.5,6.0,0.08,0.04,41.25654590922279,7.0,85.50000042148315,1664.0,32.0,3.0,32.0,AWW,97.0,76.0,184.0
18,Switzerland,1.5,6.0,0.08,0.04,80.39390714564023,920.0,61.50000006476907,87.0,68.0,228.0,61.50000006476907,HARISS,101.0,60.0,193.0
19,Switzerland,1.5,6.0,0.08,0.04,92.70523205504774,1452.0,68.50000085395715,186.0,65.0,110.0,65.0,AWW,112.0,49.0,191.0
20,Switzerland,1.5,6.0,0.08,0.04,30.609370041270864,4.0,71.5000008866088,397.0,78.0,695.0,30.609370041270864,ICU,94.0,50.0,157.0
21,Switzerland,1.5,6.0,0.08,0.04,57.02320467928515,985.0,61.500000187361536,1508.0,70.0,3504.0,57.02320467928515,ICU,83.0,63.0,176.0
22,Switzerland,1.5,6.0,0.08,0.04,96.66637534030549,769.0,82.50000031967654,427.0,61.0,22.0,61.0,AWW,97.0,65.0,185.0
23,Switzerland,1.5,6.0,0.08,0.04,90.5358500431615,826.0,78.50000018404856,278.0,46.0,2.0,46.0,AWW,89.0,67.0,170.0
24,Switzerland,1.5,6.0,0.08,0.04,83.28969917508704,1749.0,78.50000089823622,1052.0,79.0,1112.0,78.50000089823622,HARISS,104.0,61.0,167.0
25,Switzerland,1.5,6.0,0.08,0.04,94.97310525332047,1045.0,75.50000025165451,294.0,65.0,134.0,65.0,AWW,97.0,55.0,193.0
26,Switzerland,1.5,6.0,0.08,0.04,61.76776840745343,1959.0,43.50000013425491,324.0,74.0,6819.0,43.50000013425491,HARISS,102.0,62.0,176.0
27,Switzerland,1.5,6.0,0.08,0.04,97.86999624099764,2392.0,78.50000028413253,879.0,82.0,1261.0,78.50000028413253,HARISS,81.0,56.0,202.0
28,Switzerland,1.5,6.0,0.08,0.04,66.61793101879408,1801.0,68.50000012848058,2146.0,86.0,12270.0,66.61793101879408,ICU,105.0,66.0,203.0
29,Switzerland,1.5,6.0,0.08,0.04,84.26586533026764,2304.0,75.50000077540766,1035.0,81.0,1670.0,75.50000077540766,HARISS,98.0,57.0,168.0
30,Switzerland,1.5,6.0,0.08,0.04,97.57123771564271,1187.0,75.50000004023322,378.0,79.0,546.0,75.50000004023322,HARISS,100.0,57.0,193.0
31,Switzerland,1.5,6.0,0.08,0.04,66.21248501791698,259.0,82.50000024873871,1309.0,85.0,1646.0,66.21248501791698,ICU,91.0,48.0,186.0
32,Switzerland,1.5,6.0,0.08,0.04,68.08446981028143,487.0,64.50000038077062,325.0,81.0,1854.0,64.50000038077062,HARISS,86.0,70.0,187.0
33,Switzerland,1.5,6.0,0.08,0.04,87.06435668241299,2895.0,57.500000947247514,180.0,72.0,624.0,57.500000947247514,HARISS,98.0,51.0,178.0
34,Switzerland,1.5,6.0,0.08,0.04,93.87810317317408,2387.0,78.5000006475604,827.0,78.0,779.0,78.0,AWW,110.0,49.0,194.0
35,Switzerland,1.5,6.0,0.08,0.04,12.179993347168303,1.0,Inf,NaN,85.0,2432.0,12.179993347168303,ICU,98.0,54.0,186.0
36,Switzerland,1.5,6.0,0.08,0.04,80.8431853040149,627.0,85.50000045063788,1058.0,72.0,264.0,72.0,AWW,89.0,43.0,174.0
37,Switzerland,1.5,6.0,0.08,0.04,93.79622745705987,2281.0,71.50000030099716,454.0,87.0,2094.0,71.50000030099716,HARISS,82.0,52.0,186.0
38,Switzerland,1.5,6.0,0.08,0.04,92.87525700664209,1265.0,Inf,NaN,57.0,29.0,57.0,AWW,94.0,64.0,162.0
39,Switzerland,1.5,6.0,0.08,0.04,59.605992118982996,303.0,54.50000068441592,175.0,76.0,1571.0,54.50000068441592,HARISS,103.0,56.0,181.0
40,Switzerland,1.5,6.0,0.08,0.04,54.0878663859734,165.0,71.50000082083999,1058.0,80.0,2396.0,54.0878663859734,ICU,98.0,54.0,200.0
41,Switzerland,1.5,6.0,0.08,0.04,79.67713108604468,440.0,75.50000007432983,254.0,82.0,613.0,75.50000007432983,HARISS,87.0,63.0,179.0
42,Switzerland,1.5,6.0,0.08,0.04,93.63956646215848,1592.0,71.50000050178254,302.0,57.0,71.0,57.0,AWW,95.0,61.0,184.0
43,Switzerland,1.5,6.0,0.08,0.04,57.11744866266837,325.0,54.500000170697646,269.0,80.0,3628.0,54.500000170697646,HARISS,108.0,47.0,190.0
44,Switzerland,1.5,6.0,0.08,0.04,85.7185997661273,1316.0,82.5000003360417,932.0,86.0,1343.0,82.5000003360417,HARISS,93.0,50.0,167.0
45,Switzerland,1.5,6.0,0.08,0.04,96.0005006628094,1868.0,85.50000028860421,1409.0,83.0,1132.0,83.0,AWW,106.0,68.0,196.0
46,Switzerland,1.5,6.0,0.08,0.04,80.69241411267038,814.0,33.50000057294238,3.0,66.0,200.0,33.50000057294238,HARISS,85.0,62.0,173.0
47,Switzerland,1.5,6.0,0.08,0.04,71.39750412053536,510.0,33.5000006307823,2.0,76.0,806.0,33.5000006307823,HARISS,79.0,52.0,192.0
48,Switzerland,1.5,6.0,0.08,0.04,79.6524770527388,190.0,Inf,NaN,47.0,0.0,47.0,AWW,84.0,57.0,190.0
49,Switzerland,1.5,6.0,0.08,0.04,72.24758187350821,809.0,64.50000077283107,395.0,87.0,3238.0,64.50000077283107,HARISS,100.0,48.0,174.0
50,Switzerland,1.5,6.0,0.08,0.04,25.82285774252367,56.0,54.500000874215566,1355.0,29.0,93.0,25.82285774252367,ICU,98.0,59.0,194.0
51,Switzerland,1.5,6.0,0.08,0.04,87.30118848006549,2872.0,71.50000018725851,526.0,85.0,2166.0,71.50000018725851,HARISS,101.0,62.0,195.0
52,Switzerland,1.5,6.0,0.08,0.04,33.18357780606628,106.0,40.50000029471729,213.0,80.0,13994.0,33.18357780606628,ICU,99.0,51.0,182.0
53,Switzerland,1.5,6.0,0.08,0.04,63.40821623945651,451.0,75.50000083225368,1609.0,50.0,115.0,50.0,AWW,107.0,64.0,187.0
54,Switzerland,1.5,6.0,0.08,0.04,88.74504569169655,2061.0,75.50000095703345,654.0,75.0,625.0,75.0,AWW,113.0,45.0,174.0
55,Switzerland,1.5,6.0,0.08,0.04,87.89599798856675,570.0,82.50000041604304,308.0,9.0,0.0,9.0,AWW,83.0,57.0,179.0
56,Switzerland,1.5,6.0,0.08,0.04,85.3955351281177,1369.0,71.50000065480104,274.0,78.0,595.0,71.50000065480104,HARISS,109.0,55.0,185.0
57,Switzerland,1.5,6.0,0.08,0.04,94.56057051619494,1211.0,75.50000083290372,306.0,84.0,797.0,75.50000083290372,HARISS,81.0,59.0,198.0
58,Switzerland,1.5,6.0,0.08,0.04,57.6683857408125,1229.0,36.500000174163524,116.0,46.0,328.0,36.500000174163524,HARISS,106.0,45.0,190.0
59,Switzerland,1.5,6.0,0.08,0.04,49.68252455211749,318.0,64.5000007814569,1713.0,81.0,9633.0,49.68252455211749,ICU,105.0,49.0,180.0
60,Switzerland,1.5,6.0,0.08,0.04,21.227058128024876,0.0,61.50000044724865,168.0,62.0,181.0,21.227058128024876,ICU,98.0,53.0,177.0
61,Switzerland,1.5,6.0,0.08,0.04,88.87372610307975,2480.0,82.50000061981588,1427.0,75.0,605.0,75.0,AWW,101.0,60.0,179.0
62,Switzerland,1.5,6.0,0.08,0.04,80.87329442852095,7862.0,43.50000046009095,142.0,53.0,440.0,43.50000046009095,HARISS,97.0,63.0,179.0
63,Switzerland,1.5,6.0,0.08,0.04,93.89496970020716,4273.0,71.50000044317372,780.0,56.0,161.0,56.0,AWW,97.0,67.0,186.0
64,Switzerland,1.5,6.0,0.08,0.04,63.132924236369384,183.0,36.500000125514006,5.0,76.0,644.0,36.500000125514006,HARISS,108.0,59.0,177.0
65,Switzerland,1.5,6.0,0.08,0.04,86.54252048239357,1865.0,68.50000039809821,259.0,57.0,82.0,57.0,AWW,108.0,47.0,181.0
66,Switzerland,1.5,6.0,0.08,0.04,74.51797845177245,1578.0,82.50000048293961,3446.0,8.0,0.0,8.0,AWW,86.0,60.0,180.0
67,Switzerland,1.5,6.0,0.08,0.04,95.4109397984355,1311.0,82.50000065156465,766.0,44.0,32.0,44.0,AWW,84.0,61.0,189.0
68,Switzerland,1.5,6.0,0.08,0.04,93.73970779478313,1784.0,78.5000005835434,652.0,34.0,1.0,34.0,AWW,97.0,58.0,171.0
69,Switzerland,1.5,6.0,0.08,0.04,75.4154792648267,405.0,75.50000074729259,409.0,52.0,47.0,52.0,AWW,85.0,48.0,171.0
70,Switzerland,1.5,6.0,0.08,0.04,89.56309682727792,1224.0,61.500000021035284,34.0,53.0,9.0,53.0,AWW,113.0,66.0,186.0
71,Switzerland,1.5,6.0,0.08,0.04,86.09719798884304,1632.0,82.50000018174353,1175.0,58.0,61.0,58.0,AWW,93.0,59.0,178.0
72,Switzerland,1.5,6.0,0.08,0.04,69.03445426351556,949.0,61.50000089243076,434.0,60.0,378.0,60.0,AWW,96.0,52.0,184.0
73,Switzerland,1.5,6.0,0.08,0.04,55.5946218350526,453.0,40.500000011118274,68.0,58.0,570.0,40.500000011118274,HARISS,102.0,63.0,178.0
74,Switzerland,1.5,6.0,0.08,0.04,91.86569589872454,3243.0,61.5000003110957,171.0,68.0,361.0,61.5000003110957,HARISS,95.0,70.0,186.0
75,Switzerland,1.5,6.0,0.08,0.04,51.45736120496324,288.0,54.500000559368466,398.0,62.0,837.0,51.45736120496324,ICU,94.0,46.0,194.0
76,Switzerland,1.5,6.0,0.08,0.04,49.331905715658536,2.0,78.50000068545192,341.0,55.0,6.0,49.331905715658536,ICU,109.0,47.0,181.0
77,Switzerland,1.5,6.0,0.08,0.04,83.30958000323258,1155.0,64.50000083347794,239.0,59.0,127.0,59.0,AWW,91.0,47.0,182.0
78,Switzerland,1.5,6.0,0.08,0.04,83.21298811748552,1145.0,78.50000080155637,707.0,83.0,1108.0,78.50000080155637,HARISS,95.0,57.0,181.0
79,Switzerland,1.5,6.0,0.08,0.04,34.82584686908854,1.0,64.5000003804639,267.0,74.0,733.0,34.82584686908854,ICU,96.0,59.0,172.0
80,Switzerland,1.5,6.0,0.08,0.04,77.15160096923417,856.0,75.50000087782017,724.0,49.0,33.0,49.0,AWW,84.0,52.0,190.0
81,Switzerland,1.5,6.0,0.08,0.04,57.21025878696073,740.0,40.50000042169056,117.0,69.0,2662.0,40.50000042169056,HARISS,94.0,54.0,205.0
82,Switzerland,1.5,6.0,0.08,0.04,71.36807586542551,1540.0,61.50000037076139,573.0,88.0,7250.0,61.50000037076139,HARISS,98.0,53.0,169.0
83,Switzerland,1.5,6.0,0.08,0.04,42.972670310445594,4.0,68.50000024288654,278.0,44.0,6.0,42.972670310445594,ICU,103.0,54.0,163.0
84,Switzerland,1.5,6.0,0.08,0.04,69.44589324756294,933.0,75.50000019717,1649.0,74.0,1451.0,69.44589324756294,ICU,92.0,46.0,176.0
85,Switzerland,1.5,6.0,0.08,0.04,47.25765508393615,73.0,85.50000064082894,2755.0,60.0,198.0,47.25765508393615,ICU,111.0,46.0,184.0
86,Switzerland,1.5,6.0,0.08,0.04,63.770167332531294,974.0,64.500000660249,1047.0,83.0,6265.0,63.770167332531294,ICU,92.0,70.0,198.0
87,Switzerland,1.5,6.0,0.08,0.04,71.3426251318817,482.0,57.500000144739396,96.0,60.0,134.0,57.500000144739396,HARISS,88.0,50.0,167.0
88,Switzerland,1.5,6.0,0.08,0.04,77.312307087011,685.0,82.50000073013362,1174.0,67.0,214.0,67.0,AWW,107.0,58.0,174.0
89,Switzerland,1.5,6.0,0.08,0.04,58.701906218007686,24.0,85.50000055155594,635.0,17.0,0.0,17.0,AWW,98.0,58.0,204.0
90,Switzerland,1.5,6.0,0.08,0.04,89.7278217774,1757.0,71.50000028848733,295.0,43.0,5.0,43.0,AWW,97.0,55.0,181.0
91,Switzerland,1.5,6.0,0.08,0.04,77.70281564672104,1472.0,85.50000048798343,3191.0,61.0,256.0,61.0,AWW,86.0,63.0,191.0
92,Switzerland,1.5,6.0,0.08,0.04,53.47888206102999,223.0,68.50000025729214,850.0,62.0,474.0,53.47888206102999,ICU,85.0,59.0,173.0
93,Switzerland,1.5,6.0,0.08,0.04,82.73184228567044,1466.0,40.50000033603016,18.0,38.0,12.0,38.0,AWW,105.0,55.0,180.0
94,Switzerland,1.5,6.0,0.08,0.04,77.45916162126471,1181.0,71.50000085464754,661.0,56.0,119.0,56.0,AWW,101.0,64.0,198.0
95,Switzerland,1.5,6.0,0.08,0.04,71.56818325883243,976.0,64.50000089249389,420.0,79.0,2387.0,64.50000089249389,HARISS,98.0,49.0,181.0
96,Switzerland,1.5,6.0,0.08,0.04,37.49061444986096,27.0,68.50000041683205,279.0,77.0,574.0,37.49061444986096,ICU,104.0,49.0,183.0
97,Switzerland,1.5,6.0,0.08,0.04,95.23622445211917,1724.0,82.50000000979935,977.0,81.0,845.0,81.0,AWW,92.0,54.0,173.0
98,Switzerland,1.5,6.0,0.08,0.04,72.54087462542788,281.0,Inf,NaN,58.0,56.0,58.0,AWW,89.0,50.0,156.0
99,Switzerland,1.5,6.0,0.08,0.04,62.69263823496414,79.0,61.500000407213946,69.0,52.0,31.0,52.0,AWW,81.0,60.0,171.0
100,Switzerland,1.5,6.0,0.08,0.04,87.50751815212548,1121.0,Inf,NaN,66.0,92.0,66.0,AWW,102.0,69.0,160.0
101,Switzerland,1.5,6.0,0.08,0.04,52.704236527053794,220.0,68.50000073417777,971.0,72.0,1397.0,52.704236527053794,ICU,121.0,50.0,190.0
102,Switzerland,1.5,6.0,0.08,0.04,93.44113915247408,2569.0,Inf,NaN,49.0,21.0,49.0,AWW,109.0,55.0,176.0
103,Switzerland,1.5,6.0,0.08,0.04,93.50756109180315,3443.0,36.500000052305246,7.0,77.0,985.0,36.500000052305246,HARISS,116.0,53.0,180.0
104,Switzerland,1.5,6.0,0.08,0.04,34.014400890344646,97.0,47.50000094329897,465.0,64.0,2466.0,34.014400890344646,ICU,94.0,56.0,188.0
105,Switzerland,1.5,6.0,0.08,0.04,86.48187134187144,1848.0,47.500000427366615,38.0,73.0,454.0,47.500000427366615,HARISS,105.0,59.0,188.0
106,Switzerland,1.5,6.0,0.08,0.04,74.98004356301136,536.0,82.50000055728664,1312.0,74.0,469.0,74.0,AWW,105.0,64.0,177.0
107,Switzerland,1.5,6.0,0.08,0.04,93.02769374727542,3003.0,61.5000004033476,286.0,40.0,24.0,40.0,AWW,102.0,39.0,195.0
108,Switzerland,1.5,6.0,0.08,0.04,89.94935854894969,2437.0,71.50000007226494,534.0,73.0,578.0,71.50000007226494,HARISS,79.0,49.0,207.0
109,Switzerland,1.5,6.0,0.08,0.04,57.539322655006664,130.0,75.50000089708236,1335.0,48.0,47.0,48.0,AWW,109.0,54.0,204.0
110,Switzerland,1.5,6.0,0.08,0.04,54.074148963978644,49.0,82.50000036786487,433.0,74.0,165.0,54.074148963978644,ICU,84.0,56.0,171.0
111,Switzerland,1.5,6.0,0.08,0.04,59.79873765319662,309.0,68.50000046441042,747.0,68.0,699.0,59.79873765319662,ICU,97.0,49.0,168.0
112,Switzerland,1.5,6.0,0.08,0.04,89.27332642818764,2506.0,78.5000007468178,1058.0,66.0,306.0,66.0,AWW,87.0,58.0,198.0
113,Switzerland,1.5,6.0,0.08,0.04,88.41571682306365,2564.0,68.50000075500806,231.0,61.0,90.0,61.0,AWW,104.0,59.0,202.0
114,Switzerland,1.5,6.0,0.08,0.04,56.35502360619357,74.0,57.50000021358838,77.0,76.0,786.0,56.35502360619357,ICU,82.0,60.0,191.0
115,Switzerland,1.5,6.0,0.08,0.04,92.99348455660497,3495.0,75.5000006257913,910.0,69.0,497.0,69.0,AWW,105.0,53.0,186.0
116,Switzerland,1.5,6.0,0.08,0.04,26.29070081534286,27.0,85.50000019136084,1295.0,57.0,89.0,26.29070081534286,ICU,90.0,62.0,198.0
117,Switzerland,1.5,6.0,0.08,0.04,74.70582381468633,161.0,Inf,NaN,84.0,429.0,74.70582381468633,ICU,80.0,65.0,190.0
118,Switzerland,1.5,6.0,0.08,0.04,83.23538940600673,1665.0,57.50000083277025,228.0,64.0,336.0,57.50000083277025,HARISS,106.0,55.0,162.0
119,Switzerland,1.5,6.0,0.08,0.04,82.36973861411626,1162.0,82.50000061332491,1180.0,6.0,0.0,6.0,AWW,99.0,61.0,174.0
120,Switzerland,1.5,6.0,0.08,0.04,75.83666709465078,3928.0,61.5000001753415,848.0,77.0,4313.0,61.5000001753415,HARISS,106.0,55.0,175.0
121,Switzerland,1.5,6.0,0.08,0.04,60.659389784340526,503.0,47.500000171405794,120.0,67.0,1004.0,47.500000171405794,HARISS,89.0,56.0,193.0
122,Switzerland,1.5,6.0,0.08,0.04,65.5415227262416,312.0,71.5000002383988,556.0,76.0,822.0,65.5415227262416,ICU,101.0,50.0,181.0
123,Switzerland,1.5,6.0,0.08,0.04,48.23757691932531,273.0,57.50000028762109,772.0,78.0,5905.0,48.23757691932531,ICU,94.0,58.0,185.0
124,Switzerland,1.5,6.0,0.08,0.04,68.66199230292456,623.0,57.50000008988679,162.0,54.0,122.0,54.0,AWW,83.0,56.0,161.0
125,Switzerland,1.5,6.0,0.08,0.04,8.61225165262249,0.0,57.50000007011794,168.0,40.0,28.0,8.61225165262249,ICU,96.0,66.0,184.0
126,Switzerland,1.5,6.0,0.08,0.04,47.89709480242425,32.0,78.50000036224259,784.0,67.0,206.0,47.89709480242425,ICU,104.0,44.0,187.0
127,Switzerland,1.5,6.0,0.08,0.04,92.4783575559836,5423.0,50.50000015652691,86.0,68.0,627.0,50.50000015652691,HARISS,109.0,57.0,184.0
128,Switzerland,1.5,6.0,0.08,0.04,74.99791333811345,394.0,78.50000046731468,563.0,84.0,1054.0,74.99791333811345,ICU,109.0,52.0,177.0
129,Switzerland,1.5,6.0,0.08,0.04,75.80425051114798,406.0,Inf,NaN,12.0,0.0,12.0,AWW,84.0,58.0,201.0
130,Switzerland,1.5,6.0,0.08,0.04,66.20673296393218,2112.0,36.50000049566388,100.0,82.0,9813.0,36.50000049566388,HARISS,127.0,57.0,169.0
131,Switzerland,1.5,6.0,0.08,0.04,67.28255177953848,108.0,61.5000004354812,60.0,78.0,371.0,61.5000004354812,HARISS,112.0,55.0,176.0
132,Switzerland,1.5,6.0,0.08,0.04,78.9432753509195,351.0,85.50000035109278,768.0,82.0,478.0,78.9432753509195,ICU,102.0,59.0,175.0
133,Switzerland,1.5,6.0,0.08,0.04,73.00376236693509,790.0,78.50000096636244,1389.0,40.0,41.0,40.0,AWW,110.0,63.0,187.0
134,Switzerland,1.5,6.0,0.08,0.04,87.09175828749301,1264.0,61.500000606136375,80.0,79.0,517.0,61.500000606136375,HARISS,101.0,48.0,183.0
135,Switzerland,1.5,6.0,0.08,0.04,96.37744288106305,2233.0,61.50000044447237,107.0,38.0,1.0,38.0,AWW,97.0,57.0,173.0
136,Switzerland,1.5,6.0,0.08,0.04,70.24330666031042,560.0,54.50000072051772,128.0,62.0,250.0,54.50000072051772,HARISS,106.0,57.0,199.0
137,Switzerland,1.5,6.0,0.08,0.04,82.6093706796886,4481.0,61.50000050137112,476.0,70.0,1198.0,61.50000050137112,HARISS,96.0,54.0,180.0
138,Switzerland,1.5,6.0,0.08,0.04,60.59313259915646,487.0,57.500000253781074,362.0,87.0,7305.0,57.500000253781074,HARISS,105.0,63.0,166.0
139,Switzerland,1.5,6.0,0.08,0.04,66.42824184530835,1417.0,43.500000314197166,144.0,10.0,6.0,10.0,AWW,98.0,48.0,186.0
140,Switzerland,1.5,6.0,0.08,0.04,56.29836145998393,203.0,64.50000088354555,474.0,31.0,7.0,31.0,AWW,99.0,66.0,211.0
141,Switzerland,1.5,6.0,0.08,0.04,81.77315707871746,2553.0,64.50000049435754,449.0,15.0,0.0,15.0,AWW,100.0,71.0,173.0
142,Switzerland,1.5,6.0,0.08,0.04,89.2381403084948,1846.0,68.50000029359035,218.0,73.0,366.0,68.50000029359035,HARISS,98.0,60.0,170.0
143,Switzerland,1.5,6.0,0.08,0.04,86.65341672036091,5582.0,61.50000001248429,429.0,83.0,3927.0,61.50000001248429,HARISS,106.0,42.0,163.0
144,Switzerland,1.5,6.0,0.08,0.04,54.1382531174089,900.0,50.50000087382566,584.0,80.0,11847.0,50.50000087382566,HARISS,99.0,64.0,187.0
145,Switzerland,1.5,6.0,0.08,0.04,57.15594905356682,415.0,50.50000054076916,191.0,69.0,1348.0,50.50000054076916,HARISS,85.0,53.0,170.0
146,Switzerland,1.5,6.0,0.08,0.04,57.34838655636486,781.0,64.50000003133114,1690.0,54.0,569.0,54.0,AWW,116.0,59.0,173.0
147,Switzerland,1.5,6.0,0.08,0.04,57.89553254723629,229.0,75.50000009440285,1238.0,64.0,417.0,57.89553254723629,ICU,78.0,58.0,203.0
148,Switzerland,1.5,6.0,0.08,0.04,81.37349514371225,520.0,75.50000051185575,261.0,71.0,160.0,71.0,AWW,102.0,46.0,195.0
149,Switzerland,1.5,6.0,0.08,0.04,94.72140192655914,4851.0,50.5000001786782,81.0,80.0,2232.0,50.5000001786782,HARISS,97.0,45.0,194.0
150,Switzerland,1.5,6.0,0.08,0.04,53.30996718491611,37.0,50.500000333418825,27.0,74.0,306.0,50.500000333418825,HARISS,100.0,69.0,215.0
151,Switzerland,1.5,6.0,0.08,0.04,54.34753668391025,694.0,43.50000063324863,238.0,6.0,0.0,6.0,AWW,98.0,63.0,170.0
152,Switzerland,1.5,6.0,0.08,0.04,88.64665774989946,4902.0,68.50000095824204,698.0,65.0,498.0,65.0,AWW,108.0,53.0,166.0
153,Switzerland,1.5,6.0,0.08,0.04,87.17380986060608,2162.0,54.50000074230127,63.0,63.0,167.0,54.50000074230127,HARISS,101.0,59.0,185.0
154,Switzerland,1.5,6.0,0.08,0.04,86.91840179684158,3316.0,78.50000056259476,1376.0,83.0,2224.0,78.50000056259476,HARISS,114.0,61.0,162.0
155,Switzerland,1.5,6.0,0.08,0.04,30.222694756266428,5.0,54.500000653625214,48.0,60.0,94.0,30.222694756266428,ICU,116.0,64.0,172.0
156,Switzerland,1.5,6.0,0.08,0.04,89.49396818953194,1960.0,82.50000061627647,1165.0,30.0,10.0,30.0,AWW,90.0,69.0,206.0
157,Switzerland,1.5,6.0,0.08,0.04,88.96488804124844,2684.0,71.50000018787748,480.0,68.0,346.0,68.0,AWW,89.0,56.0,168.0
158,Switzerland,1.5,6.0,0.08,0.04,58.73410146147153,159.0,78.50000094479321,1253.0,86.0,2721.0,58.73410146147153,ICU,100.0,52.0,165.0
159,Switzerland,1.5,6.0,0.08,0.04,72.20275461236228,773.0,68.50000077638727,523.0,75.0,1074.0,68.50000077638727,HARISS,102.0,53.0,187.0
160,Switzerland,1.5,6.0,0.08,0.04,74.32495692389813,817.0,57.50000040032509,100.0,65.0,292.0,57.50000040032509,HARISS,79.0,69.0,177.0
161,Switzerland,1.5,6.0,0.08,0.04,87.30774888609822,1602.0,64.50000039637281,146.0,79.0,653.0,64.50000039637281,HARISS,91.0,49.0,196.0
162,Switzerland,1.5,6.0,0.08,0.04,77.67655901508165,1749.0,75.5000003229757,1391.0,82.0,2729.0,75.5000003229757,HARISS,92.0,49.0,187.0
163,Switzerland,1.5,6.0,0.08,0.04,77.43976026416136,392.0,71.50000034878113,211.0,72.0,219.0,71.50000034878113,HARISS,92.0,60.0,189.0
164,Switzerland,1.5,6.0,0.08,0.04,84.58177473198633,2347.0,78.50000064994408,1229.0,61.0,197.0,61.0,AWW,91.0,55.0,184.0
165,Switzerland,1.5,6.0,0.08,0.04,48.96108129805715,74.0,68.50000053327499,821.0,67.0,737.0,48.96108129805715,ICU,85.0,59.0,198.0
166,Switzerland,1.5,6.0,0.08,0.04,73.07949573091003,180.0,82.50000059097411,611.0,23.0,0.0,23.0,AWW,79.0,59.0,182.0
167,Switzerland,1.5,6.0,0.08,0.04,92.25344776889486,1360.0,Inf,NaN,Inf,NaN,92.25344776889486,ICU,91.0,46.0,179.0
168,Switzerland,1.5,6.0,0.08,0.04,65.72422986625756,398.0,26.50000054350761,12.0,78.0,1582.0,26.50000054350761,HARISS,97.0,69.0,184.0
169,Switzerland,1.5,6.0,0.08,0.04,90.58563672111782,3849.0,50.50000009167083,55.0,70.0,547.0,50.50000009167083,HARISS,110.0,57.0,182.0
170,Switzerland,1.5,6.0,0.08,0.04,64.70248524346488,384.0,75.50000037344886,1266.0,6.0,0.0,6.0,AWW,92.0,62.0,178.0
171,Switzerland,1.5,6.0,0.08,0.04,83.62885859707379,762.0,40.50000003938013,10.0,79.0,466.0,40.50000003938013,HARISS,88.0,60.0,210.0
172,Switzerland,1.5,6.0,0.08,0.04,23.927242498486947,4.0,85.5000004891204,649.0,73.0,176.0,23.927242498486947,ICU,86.0,64.0,180.0
173,Switzerland,1.5,6.0,0.08,0.04,8.866356420826072,3.0,85.50000006196161,954.0,79.0,500.0,8.866356420826072,ICU,98.0,54.0,192.0
174,Switzerland,1.5,6.0,0.08,0.04,90.1183567452291,3588.0,78.50000061999832,1319.0,74.0,810.0,74.0,AWW,86.0,48.0,178.0
175,Switzerland,1.5,6.0,0.08,0.04,78.12109895532797,1443.0,64.50000028229142,370.0,66.0,442.0,64.50000028229142,HARISS,82.0,52.0,179.0
176,Switzerland,1.5,6.0,0.08,0.04,60.65378920589495,647.0,61.50000070153931,727.0,74.0,2559.0,60.65378920589495,ICU,89.0,59.0,171.0
177,Switzerland,1.5,6.0,0.08,0.04,25.249375628463206,0.0,61.50000091093626,276.0,Inf,NaN,25.249375628463206,ICU,82.0,51.0,186.0
178,Switzerland,1.5,6.0,0.08,0.04,86.04029833563858,2331.0,68.50000001712942,284.0,77.0,857.0,68.50000001712942,HARISS,84.0,55.0,162.0
179,Switzerland,1.5,6.0,0.08,0.04,75.2284552580708,2719.0,64.500000974652,911.0,66.0,1033.0,64.500000974652,HARISS,96.0,61.0,205.0
180,Switzerland,1.5,6.0,0.08,0.04,79.41991930203133,3741.0,50.500000762504456,177.0,66.0,946.0,50.500000762504456,HARISS,117.0,48.0,163.0
181,Switzerland,1.5,6.0,0.08,0.04,76.56341279681014,495.0,78.50000068244006,656.0,83.0,1035.0,76.56341279681014,ICU,107.0,65.0,166.0
182,Switzerland,1.5,6.0,0.08,0.04,58.334370639604934,251.0,75.50000074996436,1360.0,46.0,85.0,46.0,AWW,98.0,62.0,169.0
183,Switzerland,1.5,6.0,0.08,0.04,86.910507550019,1228.0,82.50000061294024,794.0,74.0,293.0,74.0,AWW,100.0,58.0,193.0
184,Switzerland,1.5,6.0,0.08,0.04,69.4601474365926,1413.0,64.50000056404241,798.0,84.0,6228.0,64.50000056404241,HARISS,95.0,44.0,153.0
185,Switzerland,1.5,6.0,0.08,0.04,73.65327247422849,727.0,68.50000026087176,408.0,27.0,2.0,27.0,AWW,106.0,73.0,170.0
186,Switzerland,1.5,6.0,0.08,0.04,81.07834496250261,2128.0,29.500000788586675,1.0,78.0,1509.0,29.500000788586675,HARISS,109.0,48.0,192.0
187,Switzerland,1.5,6.0,0.08,0.04,93.62268354498568,3088.0,68.500000574653,361.0,84.0,2067.0,68.500000574653,HARISS,99.0,57.0,177.0
188,Switzerland,1.5,6.0,0.08,0.04,18.16738310589433,1.0,Inf,NaN,52.0,9.0,18.16738310589433,ICU,86.0,56.0,189.0
189,Switzerland,1.5,6.0,0.08,0.04,62.698048364324606,69.0,85.50000099413768,658.0,70.0,140.0,62.698048364324606,ICU,105.0,46.0,173.0
190,Switzerland,1.5,6.0,0.08,0.04,79.52793164364142,2054.0,68.50000072764185,587.0,48.0,58.0,48.0,AWW,112.0,58.0,176.0
191,Switzerland,1.5,6.0,0.08,0.04,89.4290625013904,1080.0,71.50000045835634,200.0,69.0,142.0,69.0,AWW,98.0,60.0,178.0
192,Switzerland,1.5,6.0,0.08,0.04,74.76971022143583,1472.0,68.50000094756228,812.0,65.0,603.0,65.0,AWW,102.0,35.0,164.0
193,Switzerland,1.5,6.0,0.08,0.04,94.71494020301677,1081.0,64.50000006870636,156.0,73.0,239.0,64.50000006870636,HARISS,79.0,58.0,186.0
194,Switzerland,1.5,6.0,0.08,0.04,68.92120649614182,564.0,71.50000099247224,783.0,75.0,1080.0,68.92120649614182,ICU,111.0,55.0,188.0
195,Switzerland,1.5,6.0,0.08,0.04,87.60789048908097,2483.0,50.50000055208962,131.0,63.0,234.0,50.50000055208962,HARISS,116.0,56.0,180.0
196,Switzerland,1.5,6.0,0.08,0.04,78.93267645470326,1664.0,68.50000064492001,609.0,63.0,369.0,63.0,AWW,106.0,59.0,191.0
197,Switzerland,1.5,6.0,0.08,0.04,22.92068786638712,58.0,71.50000057764487,481.0,27.0,59.0,22.92068786638712,ICU,80.0,61.0,196.0
198,Switzerland,1.5,6.0,0.08,0.04,76.31178117335057,263.0,Inf,NaN,71.0,130.0,71.0,AWW,90.0,49.0,189.0
199,Switzerland,1.5,6.0,0.08,0.04,94.52342766123512,2495.0,85.50000023712667,1904.0,84.0,1660.0,84.0,AWW,101.0,58.0,211.0
200,Switzerland,1.5,6.0,0.08,0.04,79.0040394057689,1366.0,64.50000003447452,262.0,83.0,1966.0,64.50000003447452,HARISS,73.0,62.0,172.0
201,Switzerland,1.5,6.0,0.08,0.04,57.315853624654586,564.0,29.500000847199786,29.0,34.0,43.0,29.500000847199786,HARISS,91.0,65.0,193.0
202,Switzerland,1.5,6.0,0.08,0.04,64.2127859758036,516.0,64.50000043751345,529.0,73.0,1149.0,64.2127859758036,ICU,98.0,61.0,191.0
203,Switzerland,1.5,6.0,0.08,0.04,49.0754024309199,507.0,61.50000054492889,1899.0,77.0,9543.0,49.0754024309199,ICU,111.0,70.0,178.0
204,Switzerland,1.5,6.0,0.08,0.04,68.40391207703044,490.0,64.50000062155213,292.0,82.0,1682.0,64.50000062155213,HARISS,92.0,48.0,188.0
205,Switzerland,1.5,6.0,0.08,0.04,45.71008228011426,295.0,47.50000012454638,393.0,88.0,28150.0,45.71008228011426,ICU,80.0,64.0,200.0
206,Switzerland,1.5,6.0,0.08,0.04,89.73300309027681,1591.0,71.50000094889549,400.0,63.0,155.0,63.0,AWW,90.0,50.0,182.0
207,Switzerland,1.5,6.0,0.08,0.04,90.988621177959,3553.0,82.50000016782474,2035.0,75.0,978.0,75.0,AWW,113.0,64.0,209.0
208,Switzerland,1.5,6.0,0.08,0.04,69.04399954661609,644.0,68.50000081033158,605.0,51.0,106.0,51.0,AWW,102.0,57.0,186.0
209,Switzerland,1.5,6.0,0.08,0.04,64.29291917685734,1024.0,61.500000930658985,763.0,85.0,7570.0,61.500000930658985,HARISS,115.0,60.0,163.0
210,Switzerland,1.5,6.0,0.08,0.04,72.4457165780361,1193.0,82.50000095241319,3122.0,80.0,2476.0,72.4457165780361,ICU,118.0,57.0,186.0
211,Switzerland,1.5,6.0,0.08,0.04,84.21123445438369,1035.0,75.50000076310187,415.0,87.0,1326.0,75.50000076310187,HARISS,70.0,58.0,179.0
212,Switzerland,1.5,6.0,0.08,0.04,90.32282632882341,2830.0,82.50000094036852,1606.0,77.0,888.0,77.0,AWW,95.0,51.0,167.0
213,Switzerland,1.5,6.0,0.08,0.04,74.96404473680246,1174.0,22.500000182927977,20.0,30.0,31.0,22.500000182927977,HARISS,95.0,64.0,189.0
214,Switzerland,1.5,6.0,0.08,0.04,27.240863310568933,0.0,68.50000052847714,250.0,74.0,393.0,27.240863310568933,ICU,86.0,61.0,223.0
215,Switzerland,1.5,6.0,0.08,0.04,70.11261581499255,1666.0,26.500000444754388,29.0,38.0,85.0,26.500000444754388,HARISS,103.0,62.0,214.0
216,Switzerland,1.5,6.0,0.08,0.04,89.82987298139675,1726.0,64.50000003234805,195.0,67.0,238.0,64.50000003234805,HARISS,77.0,57.0,189.0
217,Switzerland,1.5,6.0,0.08,0.04,70.09110037933124,445.0,15.500000886011254,0.0,83.0,1829.0,15.500000886011254,HARISS,90.0,55.0,196.0
218,Switzerland,1.5,6.0,0.08,0.04,41.013210392677045,81.0,40.50000040765394,74.0,66.0,900.0,40.50000040765394,HARISS,104.0,69.0,177.0
219,Switzerland,1.5,6.0,0.08,0.04,81.70209508896798,2200.0,75.50000081687762,1174.0,51.0,87.0,51.0,AWW,101.0,62.0,197.0
220,Switzerland,1.5,6.0,0.08,0.04,60.6527558109157,340.0,47.50000026425025,56.0,52.0,115.0,47.50000026425025,HARISS,102.0,65.0,187.0
221,Switzerland,1.5,6.0,0.08,0.04,35.607458444675224,4.0,78.50000072125654,940.0,58.0,102.0,35.607458444675224,ICU,110.0,59.0,185.0
222,Switzerland,1.5,6.0,0.08,0.04,54.405399785467175,846.0,33.50000002576846,91.0,74.0,5595.0,33.50000002576846,HARISS,85.0,53.0,175.0
223,Switzerland,1.5,6.0,0.08,0.04,91.63821149472376,1654.0,54.50000089524494,34.0,74.0,323.0,54.50000089524494,HARISS,106.0,53.0,200.0
224,Switzerland,1.5,6.0,0.08,0.04,98.31748303037398,2127.0,68.50000009386507,356.0,71.0,446.0,68.50000009386507,HARISS,95.0,65.0,206.0
225,Switzerland,1.5,6.0,0.08,0.04,62.91347518112505,1233.0,36.50000081531362,78.0,75.0,3775.0,36.50000081531362,HARISS,103.0,56.0,214.0
226,Switzerland,1.5,6.0,0.08,0.04,63.1576208144613,2027.0,61.500000761563605,1752.0,75.0,7028.0,61.500000761563605,HARISS,85.0,69.0,199.0
227,Switzerland,1.5,6.0,0.08,0.04,95.75875901998363,1253.0,85.50000020240294,954.0,76.0,430.0,76.0,AWW,105.0,62.0,169.0
228,Switzerland,1.5,6.0,0.08,0.04,45.86728722897863,31.0,82.50000073807253,792.0,59.0,81.0,45.86728722897863,ICU,87.0,45.0,198.0
229,Switzerland,1.5,6.0,0.08,0.04,58.42971879561741,159.0,75.50000036648433,882.0,57.0,143.0,57.0,AWW,95.0,56.0,202.0
230,Switzerland,1.5,6.0,0.08,0.04,83.25190581826944,813.0,82.50000060636272,747.0,90.0,1327.0,82.50000060636272,HARISS,91.0,52.0,154.0
231,Switzerland,1.5,6.0,0.08,0.04,67.45564663984526,292.0,57.500000783698084,113.0,46.0,31.0,46.0,AWW,107.0,48.0,190.0
232,Switzerland,1.5,6.0,0.08,0.04,77.22963290893813,1775.0,71.50000020238257,1007.0,65.0,469.0,65.0,AWW,88.0,47.0,175.0
233,Switzerland,1.5,6.0,0.08,0.04,91.17662122510032,1791.0,68.50000097785781,246.0,72.0,353.0,68.50000097785781,HARISS,110.0,56.0,194.0
234,Switzerland,1.5,6.0,0.08,0.04,85.35171933377137,2945.0,82.50000088970096,2164.0,62.0,260.0,62.0,AWW,101.0,72.0,189.0
235,Switzerland,1.5,6.0,0.08,0.04,79.40806301057488,543.0,82.50000055537123,762.0,70.0,154.0,70.0,AWW,93.0,46.0,172.0
236,Switzerland,1.5,6.0,0.08,0.04,86.70277614843735,602.0,85.50000023457805,540.0,64.0,45.0,64.0,AWW,71.0,49.0,198.0
237,Switzerland,1.5,6.0,0.08,0.04,50.4279492370833,153.0,64.50000040578348,767.0,Inf,NaN,50.4279492370833,ICU,94.0,72.0,171.0
238,Switzerland,1.5,6.0,0.08,0.04,45.36284199440122,186.0,57.500000160349956,376.0,41.0,109.0,41.0,AWW,93.0,67.0,218.0
239,Switzerland,1.5,6.0,0.08,0.04,62.833278893367925,1449.0,57.50000021517129,812.0,81.0,8292.0,57.50000021517129,HARISS,106.0,56.0,189.0
240,Switzerland,1.5,6.0,0.08,0.04,89.75704725479504,1655.0,61.50000094991069,55.0,49.0,10.0,49.0,AWW,102.0,58.0,235.0
241,Switzerland,1.5,6.0,0.08,0.04,95.99481005146741,2531.0,54.50000025942598,63.0,Inf,NaN,54.50000025942598,HARISS,109.0,62.0,182.0
242,Switzerland,1.5,6.0,0.08,0.04,60.813426870411035,930.0,61.50000063913914,980.0,74.0,2989.0,60.813426870411035,ICU,109.0,67.0,175.0
243,Switzerland,1.5,6.0,0.08,0.04,82.41614287193936,735.0,82.50000089811931,739.0,84.0,845.0,82.41614287193936,ICU,94.0,49.0,201.0
244,Switzerland,1.5,6.0,0.08,0.04,89.62396120360056,3551.0,64.50000075139509,354.0,73.0,823.0,64.50000075139509,HARISS,87.0,58.0,174.0
245,Switzerland,1.5,6.0,0.08,0.04,63.21274792140239,471.0,68.50000002647165,800.0,76.0,1621.0,63.21274792140239,ICU,89.0,68.0,192.0
246,Switzerland,1.5,6.0,0.08,0.04,82.06368625329348,2730.0,50.500000100763266,72.0,57.0,158.0,50.500000100763266,HARISS,99.0,60.0,180.0
247,Switzerland,1.5,6.0,0.08,0.04,40.62333511420022,90.0,71.50000055881092,2446.0,61.0,867.0,40.62333511420022,ICU,100.0,54.0,183.0
248,Switzerland,1.5,6.0,0.08,0.04,27.03293776411064,1.0,68.5000003382409,190.0,76.0,462.0,27.03293776411064,ICU,112.0,73.0,176.0
249,Switzerland,1.5,6.0,0.08,0.04,87.61069095293635,1209.0,71.5000007620377,270.0,71.0,252.0,71.0,AWW,100.0,34.0,198.0
250,Switzerland,1.5,6.0,0.08,0.04,67.95841472625625,1250.0,43.500000000889344,82.0,81.0,4584.0,43.500000000889344,HARISS,102.0,56.0,168.0
251,Switzerland,1.5,6.0,0.08,0.04,85.8376188104698,1921.0,64.50000005279347,220.0,90.0,2462.0,64.50000005279347,HARISS,105.0,50.0,179.0
252,Switzerland,1.5,6.0,0.08,0.04,84.01807211333976,2101.0,71.50000020830177,584.0,68.0,404.0,68.0,AWW,103.0,56.0,165.0
253,Switzerland,1.5,6.0,0.08,0.04,76.55716666119518,736.0,64.50000018191233,227.0,70.0,438.0,64.50000018191233,HARISS,95.0,55.0,203.0
254,Switzerland,1.5,6.0,0.08,0.04,84.90330531388332,1362.0,75.50000093626682,492.0,63.0,128.0,63.0,AWW,96.0,47.0,205.0
255,Switzerland,1.5,6.0,0.08,0.04,93.04334054545262,2955.0,71.50000056401927,486.0,69.0,370.0,69.0,AWW,98.0,58.0,208.0
256,Switzerland,1.5,6.0,0.08,0.04,87.85730125573522,1773.0,47.50000088728753,21.0,58.0,89.0,47.50000088728753,HARISS,95.0,57.0,178.0
257,Switzerland,1.5,6.0,0.08,0.04,68.85655703880892,849.0,68.50000057316045,822.0,70.0,979.0,68.50000057316045,HARISS,123.0,59.0,163.0
258,Switzerland,1.5,6.0,0.08,0.04,77.9033191154862,503.0,Inf,NaN,62.0,64.0,62.0,AWW,99.0,48.0,218.0
259,Switzerland,1.5,6.0,0.08,0.04,49.00970055294587,228.0,29.50000064770625,40.0,79.0,6069.0,29.50000064770625,HARISS,92.0,65.0,195.0
260,Switzerland,1.5,6.0,0.08,0.04,89.26416663431773,2714.0,57.50000056144334,97.0,58.0,100.0,57.50000056144334,HARISS,118.0,64.0,200.0
261,Switzerland,1.5,6.0,0.08,0.04,97.93142856551836,1275.0,78.5000008202377,462.0,65.0,107.0,65.0,AWW,105.0,55.0,205.0
262,Switzerland,1.5,6.0,0.08,0.04,11.5019729685187,15.0,64.50000079680362,213.0,86.0,2108.0,11.5019729685187,ICU,98.0,59.0,182.0
263,Switzerland,1.5,6.0,0.08,0.04,88.69600193825663,863.0,85.50000077934475,746.0,70.0,104.0,70.0,AWW,92.0,53.0,173.0
264,Switzerland,1.5,6.0,0.08,0.04,81.94632332062402,1405.0,40.500000147335115,13.0,73.0,461.0,40.500000147335115,HARISS,94.0,57.0,190.0
265,Switzerland,1.5,6.0,0.08,0.04,63.1851645763374,1911.0,50.50000004841618,501.0,82.0,13248.0,50.50000004841618,HARISS,88.0,45.0,172.0
266,Switzerland,1.5,6.0,0.08,0.04,89.21131240809592,994.0,75.50000095739873,276.0,59.0,51.0,59.0,AWW,94.0,56.0,196.0
267,Switzerland,1.5,6.0,0.08,0.04,90.0457559960512,1578.0,82.50000060693077,891.0,75.0,384.0,75.0,AWW,103.0,57.0,200.0
268,Switzerland,1.5,6.0,0.08,0.04,67.26269190405432,1189.0,71.50000003885471,1784.0,69.0,1362.0,67.26269190405432,ICU,103.0,58.0,189.0
269,Switzerland,1.5,6.0,0.08,0.04,81.44370150551815,952.0,78.50000069551353,676.0,68.0,216.0,68.0,AWW,87.0,66.0,190.0
270,Switzerland,1.5,6.0,0.08,0.04,74.94232784116606,1216.0,71.50000041175359,851.0,75.0,1220.0,71.50000041175359,HARISS,103.0,47.0,158.0
271,Switzerland,1.5,6.0,0.08,0.04,85.21562373887177,4775.0,68.50000048198514,842.0,42.0,42.0,42.0,AWW,102.0,58.0,204.0
272,Switzerland,1.5,6.0,0.08,0.04,91.04842324919649,1376.0,82.50000047876533,750.0,62.0,78.0,62.0,AWW,98.0,52.0,185.0
273,Switzerland,1.5,6.0,0.08,0.04,76.23484142411678,677.0,36.50000020431333,11.0,77.0,715.0,36.50000020431333,HARISS,109.0,57.0,181.0
274,Switzerland,1.5,6.0,0.08,0.04,76.33090144993572,993.0,68.50000067670038,467.0,70.0,542.0,68.50000067670038,HARISS,101.0,56.0,210.0
275,Switzerland,1.5,6.0,0.08,0.04,33.476173766426584,10.0,82.50000096026872,673.0,66.0,94.0,33.476173766426584,ICU,113.0,61.0,179.0
276,Switzerland,1.5,6.0,0.08,0.04,35.988323518029965,113.0,57.50000017123089,1102.0,80.0,11126.0,35.988323518029965,ICU,108.0,50.0,200.0
277,Switzerland,1.5,6.0,0.08,0.04,36.37406515367493,28.0,64.50000056011785,502.0,65.0,519.0,36.37406515367493,ICU,97.0,50.0,182.0
278,Switzerland,1.5,6.0,0.08,0.04,90.22790662120799,2622.0,50.5000001267243,55.0,72.0,539.0,50.5000001267243,HARISS,102.0,50.0,180.0
279,Switzerland,1.5,6.0,0.08,0.04,94.32468388314561,1214.0,Inf,NaN,78.0,390.0,78.0,AWW,86.0,58.0,212.0
280,Switzerland,1.5,6.0,0.08,0.04,69.00947193656424,164.0,85.5000008985548,1144.0,87.0,1329.0,69.00947193656424,ICU,94.0,63.0,172.0
281,Switzerland,1.5,6.0,0.08,0.04,19.781777940567544,4.0,54.50000003343379,123.0,28.0,5.0,19.781777940567544,ICU,98.0,63.0,206.0
282,Switzerland,1.5,6.0,0.08,0.04,49.64919034934656,61.0,82.50000072179357,1094.0,80.0,836.0,49.64919034934656,ICU,99.0,56.0,180.0
283,Switzerland,1.5,6.0,0.08,0.04,68.6272147947596,368.0,75.50000049455883,636.0,64.0,203.0,64.0,AWW,97.0,58.0,192.0
284,Switzerland,1.5,6.0,0.08,0.04,32.06529868015046,58.0,33.50000015381081,66.0,73.0,4997.0,32.06529868015046,ICU,105.0,56.0,172.0
285,Switzerland,1.5,6.0,0.08,0.04,44.31851308510387,148.0,47.50000034967254,246.0,55.0,536.0,44.31851308510387,ICU,105.0,51.0,169.0
286,Switzerland,1.5,6.0,0.08,0.04,88.19841655912201,1283.0,Inf,NaN,60.0,33.0,60.0,AWW,88.0,48.0,187.0
287,Switzerland,1.5,6.0,0.08,0.04,89.27307581965134,2353.0,85.50000036281547,1795.0,83.0,1410.0,83.0,AWW,88.0,59.0,193.0
288,Switzerland,1.5,6.0,0.08,0.04,53.28965535570145,409.0,29.5000001761716,39.0,71.0,1789.0,29.5000001761716,HARISS,104.0,57.0,172.0
289,Switzerland,1.5,6.0,0.08,0.04,73.47998462665271,661.0,78.5000004637702,1080.0,66.0,338.0,66.0,AWW,108.0,49.0,187.0
290,Switzerland,1.5,6.0,0.08,0.04,90.24763493285494,2022.0,68.50000049453689,283.0,86.0,1644.0,68.50000049453689,HARISS,97.0,65.0,182.0
291,Switzerland,1.5,6.0,0.08,0.04,45.57581369916797,9.0,Inf,NaN,80.0,802.0,45.57581369916797,ICU,96.0,55.0,182.0
292,Switzerland,1.5,6.0,0.08,0.04,45.54037685639019,378.0,50.50000060048961,637.0,69.0,4104.0,45.54037685639019,ICU,111.0,49.0,179.0
293,Switzerland,1.5,6.0,0.08,0.04,64.92760764493941,311.0,64.5000007725046,301.0,71.0,633.0,64.5000007725046,HARISS,97.0,51.0,199.0
294,Switzerland,1.5,6.0,0.08,0.04,38.76812784698979,35.0,47.50000033882888,44.0,73.0,473.0,38.76812784698979,ICU,107.0,54.0,165.0
295,Switzerland,1.5,6.0,0.08,0.04,78.68243036286115,7289.0,50.50000044428387,673.0,4.0,0.0,4.0,AWW,115.0,58.0,204.0
296,Switzerland,1.5,6.0,0.08,0.04,71.67185956974728,2008.0,61.5000001005189,767.0,68.0,1397.0,61.5000001005189,HARISS,96.0,60.0,170.0
297,Switzerland,1.5,6.0,0.08,0.04,72.6895822202917,357.0,Inf,NaN,65.0,159.0,65.0,AWW,103.0,43.0,178.0
298,Switzerland,1.5,6.0,0.08,0.04,76.77505245159155,1687.0,68.50000083547404,692.0,64.0,418.0,64.0,AWW,103.0,61.0,171.0
299,Switzerland,1.5,6.0,0.08,0.04,90.82043070250924,3609.0,61.50000074356561,262.0,68.0,504.0,61.50000074356561,HARISS,98.0,61.0,184.0
300,Switzerland,1.5,6.0,0.08,0.04,82.01437385063524,3841.0,57.50000087402342,342.0,80.0,3232.0,57.50000087402342,HARISS,104.0,59.0,178.0
301,Switzerland,1.5,6.0,0.08,0.04,86.82159031687301,1560.0,Inf,NaN,68.0,209.0,68.0,AWW,96.0,57.0,155.0
302,Switzerland,1.5,6.0,0.08,0.04,73.4852099499744,1329.0,64.50000000733392,485.0,47.0,87.0,47.0,AWW,104.0,62.0,196.0
303,Switzerland,1.5,6.0,0.08,0.04,49.85397392623129,242.0,36.500000844416334,88.0,39.0,96.0,36.500000844416334,HARISS,89.0,58.0,194.0
304,Switzerland,1.5,6.0,0.08,0.04,82.82576299604725,3082.0,57.50000059528083,349.0,68.0,824.0,57.50000059528083,HARISS,117.0,56.0,181.0
305,Switzerland,1.5,6.0,0.08,0.04,61.97891142934749,838.0,61.50000029217459,802.0,63.0,926.0,61.50000029217459,HARISS,108.0,52.0,187.0
306,Switzerland,1.5,6.0,0.08,0.04,68.86650379896673,1908.0,64.50000022003104,1294.0,45.0,165.0,45.0,AWW,95.0,52.0,170.0
307,Switzerland,1.5,6.0,0.08,0.04,69.66249528185416,2688.0,54.500000711189486,550.0,67.0,2006.0,54.500000711189486,HARISS,107.0,63.0,209.0
308,Switzerland,1.5,6.0,0.08,0.04,93.25365366576172,6264.0,61.500000095382916,448.0,65.0,632.0,61.500000095382916,HARISS,105.0,51.0,168.0
309,Switzerland,1.5,6.0,0.08,0.04,84.29110532581458,746.0,61.50000051923174,31.0,9.0,0.0,9.0,AWW,103.0,61.0,181.0
310,Switzerland,1.5,6.0,0.08,0.04,75.64001258861445,652.0,36.50000071887338,42.0,49.0,72.0,36.50000071887338,HARISS,101.0,51.0,171.0
311,Switzerland,1.5,6.0,0.08,0.04,73.2001712501315,322.0,75.50000084445064,426.0,79.0,613.0,73.2001712501315,ICU,100.0,65.0,186.0
312,Switzerland,1.5,6.0,0.08,0.04,58.864617672984416,781.0,64.5000006484407,1447.0,64.0,1386.0,58.864617672984416,ICU,102.0,46.0,194.0
313,Switzerland,1.5,6.0,0.08,0.04,95.28129831990053,3440.0,71.50000094632331,738.0,82.0,1959.0,71.50000094632331,HARISS,77.0,60.0,179.0
314,Switzerland,1.5,6.0,0.08,0.04,85.8256077972873,3125.0,61.50000049420819,194.0,57.0,113.0,57.0,AWW,99.0,69.0,197.0
315,Switzerland,1.5,6.0,0.08,0.04,76.85412180475302,234.0,Inf,NaN,70.0,98.0,70.0,AWW,88.0,61.0,159.0
316,Switzerland,1.5,6.0,0.08,0.04,62.03775332248358,266.0,40.50000050798641,48.0,84.0,1868.0,40.50000050798641,HARISS,99.0,62.0,197.0
317,Switzerland,1.5,6.0,0.08,0.04,63.485083560091724,282.0,57.50000005081078,153.0,82.0,1817.0,57.50000005081078,HARISS,103.0,56.0,179.0
318,Switzerland,1.5,6.0,0.08,0.04,85.56297096016124,1167.0,75.50000003047839,384.0,31.0,2.0,31.0,AWW,101.0,66.0,185.0
319,Switzerland,1.5,6.0,0.08,0.04,86.58591202325425,2396.0,47.50000049129712,34.0,32.0,11.0,32.0,AWW,114.0,44.0,185.0
320,Switzerland,1.5,6.0,0.08,0.04,73.20532271654493,2683.0,47.500000005307704,240.0,83.0,6943.0,47.500000005307704,HARISS,98.0,68.0,164.0
321,Switzerland,1.5,6.0,0.08,0.04,61.405736742987244,39.0,68.50000012091358,73.0,89.0,769.0,61.405736742987244,ICU,95.0,52.0,168.0
322,Switzerland,1.5,6.0,0.08,0.04,85.88640702457701,1120.0,85.50000065214424,1070.0,75.0,309.0,75.0,AWW,111.0,63.0,167.0
323,Switzerland,1.5,6.0,0.08,0.04,84.93001834219993,753.0,64.50000006298218,244.0,76.0,395.0,64.50000006298218,HARISS,87.0,64.0,186.0
324,Switzerland,1.5,6.0,0.08,0.04,92.58535896008414,3462.0,57.50000093739533,159.0,47.0,61.0,47.0,AWW,88.0,54.0,183.0
325,Switzerland,1.5,6.0,0.08,0.04,86.14548437675144,1071.0,82.50000062883142,717.0,63.0,86.0,63.0,AWW,121.0,58.0,173.0
326,Switzerland,1.5,6.0,0.08,0.04,60.7498907244323,1590.0,54.500000420082884,900.0,64.0,2192.0,54.500000420082884,HARISS,91.0,61.0,177.0
327,Switzerland,1.5,6.0,0.08,0.04,90.24484509159885,3279.0,50.500000605927525,49.0,5.0,0.0,5.0,AWW,88.0,47.0,201.0
328,Switzerland,1.5,6.0,0.08,0.04,62.15283143327342,206.0,82.5000004599168,1652.0,64.0,254.0,62.15283143327342,ICU,87.0,53.0,192.0
329,Switzerland,1.5,6.0,0.08,0.04,73.92317800605365,3135.0,47.50000049780782,154.0,75.0,3460.0,47.50000049780782,HARISS,110.0,56.0,189.0
330,Switzerland,1.5,6.0,0.08,0.04,32.85986106332476,1.0,Inf,NaN,80.0,214.0,32.85986106332476,ICU,89.0,68.0,190.0
331,Switzerland,1.5,6.0,0.08,0.04,79.06337021211526,899.0,57.50000085588998,82.0,71.0,390.0,57.50000085588998,HARISS,98.0,47.0,165.0
332,Switzerland,1.5,6.0,0.08,0.04,62.18331434113672,307.0,47.500000846502644,94.0,75.0,997.0,47.500000846502644,HARISS,99.0,68.0,172.0
333,Switzerland,1.5,6.0,0.08,0.04,60.40889807557249,57.0,75.50000016789804,424.0,76.0,456.0,60.40889807557249,ICU,87.0,61.0,181.0
334,Switzerland,1.5,6.0,0.08,0.04,95.10983754335243,1690.0,85.5000002029775,1335.0,Inf,NaN,85.5000002029775,HARISS,105.0,51.0,164.0
335,Switzerland,1.5,6.0,0.08,0.04,80.27915046459295,1219.0,68.50000080162538,369.0,68.0,351.0,68.0,AWW,97.0,74.0,184.0
336,Switzerland,1.5,6.0,0.08,0.04,72.1225233529838,2410.0,22.500000843811264,10.0,70.0,1934.0,22.500000843811264,HARISS,95.0,49.0,164.0
337,Switzerland,1.5,6.0,0.08,0.04,61.42423463638148,447.0,68.50000077911,960.0,51.0,147.0,51.0,AWW,98.0,55.0,185.0
338,Switzerland,1.5,6.0,0.08,0.04,62.542803405712384,304.0,71.50000092192141,752.0,74.0,980.0,62.542803405712384,ICU,105.0,44.0,196.0
339,Switzerland,1.5,6.0,0.08,0.04,93.63514507695055,2430.0,43.50000027497209,30.0,75.0,606.0,43.50000027497209,HARISS,91.0,59.0,184.0
340,Switzerland,1.5,6.0,0.08,0.04,83.50323572712526,1153.0,85.50000013584977,1395.0,86.0,1471.0,83.50323572712526,ICU,100.0,60.0,196.0
341,Switzerland,1.5,6.0,0.08,0.04,46.22828615063744,17.0,68.50000078558202,282.0,6.0,0.0,6.0,AWW,105.0,55.0,187.0
342,Switzerland,1.5,6.0,0.08,0.04,82.49980726439142,1804.0,57.5000000680915,111.0,19.0,0.0,19.0,AWW,105.0,66.0,168.0
343,Switzerland,1.5,6.0,0.08,0.04,96.85427555917927,1507.0,64.50000071909206,110.0,77.0,456.0,64.50000071909206,HARISS,83.0,64.0,175.0
344,Switzerland,1.5,6.0,0.08,0.04,67.4546467760784,587.0,75.50000000096438,1331.0,58.0,210.0,58.0,AWW,89.0,66.0,170.0
345,Switzerland,1.5,6.0,0.08,0.04,74.11065726749236,492.0,71.50000021339781,375.0,82.0,1115.0,71.50000021339781,HARISS,90.0,59.0,177.0
346,Switzerland,1.5,6.0,0.08,0.04,73.44983652933624,612.0,85.5000008616959,2129.0,10.0,0.0,10.0,AWW,118.0,57.0,166.0
347,Switzerland,1.5,6.0,0.08,0.04,55.8792917341049,364.0,71.5000004484938,1758.0,40.0,82.0,40.0,AWW,91.0,51.0,193.0
348,Switzerland,1.5,6.0,0.08,0.04,62.26181129637556,666.0,57.50000001421951,401.0,71.0,1830.0,57.50000001421951,HARISS,95.0,57.0,174.0
349,Switzerland,1.5,6.0,0.08,0.04,83.25057645178329,1786.0,82.50000064288604,1628.0,80.0,1264.0,80.0,AWW,96.0,58.0,178.0
350,Switzerland,1.5,6.0,0.08,0.04,83.43738686130976,2850.0,68.50000039120523,566.0,73.0,930.0,68.50000039120523,HARISS,95.0,51.0,181.0
351,Switzerland,1.5,6.0,0.08,0.04,83.19170900122691,1937.0,78.50000004277884,1172.0,62.0,217.0,62.0,AWW,93.0,45.0,165.0
352,Switzerland,1.5,6.0,0.08,0.04,92.35308212244456,1976.0,71.50000053097759,292.0,77.0,570.0,71.50000053097759,HARISS,95.0,56.0,198.0
353,Switzerland,1.5,6.0,0.08,0.04,68.52756526695694,1505.0,61.500000634448696,741.0,74.0,2541.0,61.500000634448696,HARISS,103.0,56.0,188.0
354,Switzerland,1.5,6.0,0.08,0.04,57.73269903467925,594.0,43.500000332887986,164.0,76.0,3632.0,43.500000332887986,HARISS,87.0,65.0,196.0
355,Switzerland,1.5,6.0,0.08,0.04,45.16413195214089,42.0,64.50000096455047,418.0,80.0,2308.0,45.16413195214089,ICU,97.0,57.0,188.0
356,Switzerland,1.5,6.0,0.08,0.04,82.36841265982807,928.0,57.50000002288847,83.0,82.0,895.0,57.50000002288847,HARISS,93.0,54.0,176.0
357,Switzerland,1.5,6.0,0.08,0.04,54.66174202029117,1145.0,43.50000003231468,361.0,57.0,1488.0,43.50000003231468,HARISS,106.0,50.0,190.0
358,Switzerland,1.5,6.0,0.08,0.04,95.39246538217037,1575.0,82.50000088237877,870.0,74.0,347.0,74.0,AWW,107.0,54.0,206.0
359,Switzerland,1.5,6.0,0.08,0.04,73.32681169054177,635.0,68.5000005216445,359.0,27.0,0.0,27.0,AWW,90.0,61.0,170.0
360,Switzerland,1.5,6.0,0.08,0.04,95.05995858142558,3302.0,71.50000038233999,651.0,75.0,937.0,71.50000038233999,HARISS,97.0,67.0,193.0
361,Switzerland,1.5,6.0,0.08,0.04,79.24714201304252,1051.0,78.50000010242728,966.0,79.0,1021.0,78.50000010242728,HARISS,106.0,65.0,175.0
362,Switzerland,1.5,6.0,0.08,0.04,48.53424381452834,26.0,78.50000073679847,330.0,78.0,311.0,48.53424381452834,ICU,90.0,64.0,189.0
363,Switzerland,1.5,6.0,0.08,0.04,80.53466183333265,2569.0,75.50000087747574,1586.0,61.0,426.0,61.0,AWW,89.0,71.0,212.0
364,Switzerland,1.5,6.0,0.08,0.04,65.61230065234608,163.0,68.50000006263039,203.0,28.0,0.0,28.0,AWW,114.0,68.0,184.0
365,Switzerland,1.5,6.0,0.08,0.04,82.19046462722397,1227.0,71.50000009431734,411.0,16.0,0.0,16.0,AWW,91.0,56.0,198.0
366,Switzerland,1.5,6.0,0.08,0.04,77.01032032820537,1816.0,61.500000011912434,405.0,68.0,771.0,61.500000011912434,HARISS,89.0,69.0,189.0
367,Switzerland,1.5,6.0,0.08,0.04,87.87567260674216,2540.0,40.50000018824973,22.0,64.0,222.0,40.50000018824973,HARISS,104.0,61.0,176.0
368,Switzerland,1.5,6.0,0.08,0.04,61.83803499075012,787.0,47.500000688968306,131.0,66.0,1375.0,47.500000688968306,HARISS,95.0,60.0,194.0
369,Switzerland,1.5,6.0,0.08,0.04,72.14860863589956,713.0,61.50000028582404,194.0,84.0,2416.0,61.50000028582404,HARISS,87.0,64.0,164.0
370,Switzerland,1.5,6.0,0.08,0.04,57.507376544564856,52.0,75.50000083013036,408.0,89.0,1612.0,57.507376544564856,ICU,102.0,70.0,206.0
371,Switzerland,1.5,6.0,0.08,0.04,83.08195132205199,715.0,57.50000024158323,35.0,82.0,655.0,57.50000024158323,HARISS,106.0,66.0,180.0
372,Switzerland,1.5,6.0,0.08,0.04,62.33163470498161,643.0,54.500000485078814,278.0,74.0,2286.0,54.500000485078814,HARISS,98.0,57.0,180.0
373,Switzerland,1.5,6.0,0.08,0.04,92.1351888670939,1289.0,61.500000853795996,97.0,71.0,263.0,61.500000853795996,HARISS,85.0,53.0,185.0
374,Switzerland,1.5,6.0,0.08,0.04,94.22522592742435,1559.0,Inf,NaN,49.0,14.0,49.0,AWW,89.0,64.0,201.0
375,Switzerland,1.5,6.0,0.08,0.04,48.48553824191842,148.0,61.50000056297857,565.0,Inf,NaN,48.48553824191842,ICU,96.0,75.0,167.0
376,Switzerland,1.5,6.0,0.08,0.04,91.5818180023136,2092.0,82.50000037629238,1118.0,83.0,1203.0,82.50000037629238,HARISS,90.0,57.0,191.0
377,Switzerland,1.5,6.0,0.08,0.04,68.31968943341128,941.0,68.50000021516833,958.0,75.0,1884.0,68.31968943341128,ICU,104.0,56.0,203.0
378,Switzerland,1.5,6.0,0.08,0.04,59.15801957879445,400.0,64.50000020198128,700.0,73.0,1782.0,59.15801957879445,ICU,112.0,58.0,166.0
379,Switzerland,1.5,6.0,0.08,0.04,96.36003888754237,1253.0,68.50000039625289,122.0,65.0,85.0,65.0,AWW,76.0,55.0,171.0
380,Switzerland,1.5,6.0,0.08,0.04,96.63094352041348,1558.0,71.50000099658689,393.0,37.0,1.0,37.0,AWW,91.0,57.0,181.0
381,Switzerland,1.5,6.0,0.08,0.04,52.08610828648053,1643.0,36.500000240604116,299.0,63.0,4690.0,36.500000240604116,HARISS,91.0,74.0,198.0
382,Switzerland,1.5,6.0,0.08,0.04,72.83745700702316,462.0,82.50000055196412,1382.0,78.0,868.0,72.83745700702316,ICU,85.0,58.0,192.0
383,Switzerland,1.5,6.0,0.08,0.04,88.1619087092775,2450.0,71.50000042675649,504.0,51.0,81.0,51.0,AWW,96.0,67.0,190.0
384,Switzerland,1.5,6.0,0.08,0.04,68.02541508696147,312.0,78.50000063937486,960.0,76.0,766.0,68.02541508696147,ICU,99.0,43.0,168.0
385,Switzerland,1.5,6.0,0.08,0.04,85.49215087703966,3131.0,68.50000082595464,527.0,42.0,42.0,42.0,AWW,91.0,65.0,186.0
386,Switzerland,1.5,6.0,0.08,0.04,89.29583864616,4139.0,75.50000063360417,1138.0,73.0,884.0,73.0,AWW,88.0,60.0,188.0
387,Switzerland,1.5,6.0,0.08,0.04,90.28818156831089,3202.0,71.50000044770907,675.0,59.0,174.0,59.0,AWW,90.0,52.0,180.0
388,Switzerland,1.5,6.0,0.08,0.04,77.51543832847902,818.0,78.50000059976026,909.0,56.0,133.0,56.0,AWW,102.0,65.0,171.0
389,Switzerland,1.5,6.0,0.08,0.04,73.98214365184123,1104.0,33.500000829578255,33.0,60.0,256.0,33.500000829578255,HARISS,110.0,54.0,170.0
390,Switzerland,1.5,6.0,0.08,0.04,89.62998637029973,2670.0,47.50000011205503,39.0,55.0,93.0,47.50000011205503,HARISS,94.0,53.0,198.0
391,Switzerland,1.5,6.0,0.08,0.04,88.37794533152582,1728.0,71.50000059742297,324.0,39.0,4.0,39.0,AWW,92.0,53.0,202.0
392,Switzerland,1.5,6.0,0.08,0.04,86.84466340927926,5328.0,64.50000073824006,516.0,69.0,805.0,64.50000073824006,HARISS,96.0,58.0,204.0
393,Switzerland,1.5,6.0,0.08,0.04,47.29452254972121,20.0,61.50000026590205,197.0,79.0,1050.0,47.29452254972121,ICU,78.0,63.0,169.0
394,Switzerland,1.5,6.0,0.08,0.04,84.02904414546009,3164.0,57.500000388866184,206.0,39.0,14.0,39.0,AWW,94.0,63.0,186.0
395,Switzerland,1.5,6.0,0.08,0.04,64.68942737295345,559.0,64.50000090950046,538.0,76.0,1814.0,64.50000090950046,HARISS,110.0,67.0,185.0
396,Switzerland,1.5,6.0,0.08,0.04,66.71034328638854,677.0,61.50000087142352,391.0,43.0,31.0,43.0,AWW,102.0,70.0,194.0
397,Switzerland,1.5,6.0,0.08,0.04,80.51030821544867,624.0,64.50000052964226,106.0,63.0,87.0,63.0,AWW,89.0,59.0,184.0
398,Switzerland,1.5,6.0,0.08,0.04,67.36088490741223,780.0,64.500000622324,586.0,75.0,1733.0,64.500000622324,HARISS,86.0,56.0,163.0
399,Switzerland,1.5,6.0,0.08,0.04,57.604354747153565,210.0,54.50000001192787,158.0,80.0,804.0,54.50000001192787,HARISS,92.0,73.0,165.0
400,Switzerland,1.5,6.0,0.08,0.04,17.435354759906197,1.0,36.500000217083915,11.0,4.0,0.0,4.0,AWW,118.0,55.0,183.0
401,Switzerland,1.5,6.0,0.08,0.04,83.50631573639029,4739.0,75.50000026866645,2017.0,43.0,37.0,43.0,AWW,99.0,58.0,200.0
402,Switzerland,1.5,6.0,0.08,0.04,94.18761382941857,2155.0,78.50000045675309,810.0,76.0,645.0,76.0,AWW,105.0,56.0,182.0
403,Switzerland,1.5,6.0,0.08,0.04,69.39467012880505,702.0,68.50000086492557,669.0,66.0,538.0,66.0,AWW,92.0,45.0,203.0
404,Switzerland,1.5,6.0,0.08,0.04,70.94357274685358,1632.0,54.50000038011115,309.0,56.0,337.0,54.50000038011115,HARISS,102.0,41.0,184.0
405,Switzerland,1.5,6.0,0.08,0.04,80.21990742678683,2303.0,71.50000024296226,976.0,78.0,1855.0,71.50000024296226,HARISS,112.0,49.0,180.0
406,Switzerland,1.5,6.0,0.08,0.04,62.092364900489066,389.0,54.50000087037245,172.0,80.0,2635.0,54.50000087037245,HARISS,102.0,53.0,185.0
407,Switzerland,1.5,6.0,0.08,0.04,81.94847429215022,1445.0,64.50000009960957,198.0,Inf,NaN,64.50000009960957,HARISS,89.0,50.0,190.0
408,Switzerland,1.5,6.0,0.08,0.04,86.84360204722286,1196.0,75.50000056583264,366.0,84.0,865.0,75.50000056583264,HARISS,87.0,53.0,177.0
409,Switzerland,1.5,6.0,0.08,0.04,87.87919086410811,2933.0,61.50000034506872,232.0,76.0,1032.0,61.50000034506872,HARISS,99.0,76.0,182.0
410,Switzerland,1.5,6.0,0.08,0.04,47.66713719691659,27.0,64.50000089493892,106.0,86.0,1139.0,47.66713719691659,ICU,79.0,66.0,177.0
411,Switzerland,1.5,6.0,0.08,0.04,65.63663227954123,256.0,75.50000016381327,673.0,61.0,147.0,61.0,AWW,93.0,45.0,199.0
412,Switzerland,1.5,6.0,0.08,0.04,39.84906563703726,21.0,64.50000011437686,647.0,38.0,20.0,38.0,AWW,102.0,55.0,201.0
413,Switzerland,1.5,6.0,0.08,0.04,68.05638681435778,675.0,75.5000005367801,1542.0,90.0,5938.0,68.05638681435778,ICU,95.0,69.0,183.0
414,Switzerland,1.5,6.0,0.08,0.04,51.03124818981843,21.0,85.50000002656425,2078.0,54.0,41.0,51.03124818981843,ICU,83.0,62.0,170.0
415,Switzerland,1.5,6.0,0.08,0.04,87.57138723898782,2718.0,64.50000093552116,262.0,87.0,2580.0,64.50000093552116,HARISS,93.0,70.0,179.0
416,Switzerland,1.5,6.0,0.08,0.04,93.28486876197695,3130.0,71.50000026444397,575.0,77.0,1020.0,71.50000026444397,HARISS,99.0,62.0,197.0
417,Switzerland,1.5,6.0,0.08,0.04,78.24354363571788,342.0,64.5000009402339,84.0,65.0,86.0,64.5000009402339,HARISS,111.0,67.0,171.0
418,Switzerland,1.5,6.0,0.08,0.04,93.13572325469576,1999.0,82.50000021842396,1145.0,72.0,362.0,72.0,AWW,96.0,54.0,189.0
419,Switzerland,1.5,6.0,0.08,0.04,37.62753210566742,24.0,64.50000034676617,288.0,70.0,448.0,37.62753210566742,ICU,109.0,52.0,201.0
420,Switzerland,1.5,6.0,0.08,0.04,58.96647599087964,695.0,50.50000075037604,330.0,73.0,2462.0,50.50000075037604,HARISS,99.0,64.0,191.0
421,Switzerland,1.5,6.0,0.08,0.04,95.8892850160565,7183.0,54.50000022969744,181.0,76.0,2219.0,54.50000022969744,HARISS,99.0,48.0,180.0
422,Switzerland,1.5,6.0,0.08,0.04,93.40279676401397,3612.0,68.5000006453829,454.0,90.0,3612.0,68.5000006453829,HARISS,92.0,57.0,200.0
423,Switzerland,1.5,6.0,0.08,0.04,46.64665976486856,980.0,29.500000552208895,212.0,82.0,29002.0,29.500000552208895,HARISS,101.0,58.0,172.0
424,Switzerland,1.5,6.0,0.08,0.04,68.6786511570167,1173.0,61.50000046685144,546.0,82.0,4472.0,61.50000046685144,HARISS,94.0,52.0,195.0
425,Switzerland,1.5,6.0,0.08,0.04,91.07350176607892,2024.0,57.50000007979493,241.0,56.0,221.0,56.0,AWW,88.0,58.0,185.0
426,Switzerland,1.5,6.0,0.08,0.04,58.47335816490624,257.0,47.500000230924826,139.0,84.0,1530.0,47.500000230924826,HARISS,88.0,47.0,189.0
427,Switzerland,1.5,6.0,0.08,0.04,83.84593852194287,1386.0,57.50000014928045,93.0,52.0,52.0,52.0,AWW,78.0,49.0,186.0
428,Switzerland,1.5,6.0,0.08,0.04,78.10493885679385,1312.0,54.50000080694674,125.0,72.0,694.0,54.50000080694674,HARISS,90.0,65.0,176.0
429,Switzerland,1.5,6.0,0.08,0.04,87.45695293817738,1627.0,64.50000060907355,171.0,56.0,83.0,56.0,AWW,99.0,57.0,186.0
430,Switzerland,1.5,6.0,0.08,0.04,75.04755948181896,712.0,75.5000008487945,743.0,76.0,783.0,75.04755948181896,ICU,100.0,60.0,173.0
431,Switzerland,1.5,6.0,0.08,0.04,92.58378810828384,4168.0,64.50000095697291,379.0,70.0,684.0,64.50000095697291,HARISS,93.0,63.0,172.0
432,Switzerland,1.5,6.0,0.08,0.04,51.428112435972544,472.0,8.500000864723546,2.0,6.0,2.0,6.0,AWW,91.0,55.0,176.0
433,Switzerland,1.5,6.0,0.08,0.04,71.98329966096996,1709.0,43.50000095936252,95.0,63.0,676.0,43.50000095936252,HARISS,83.0,56.0,175.0
434,Switzerland,1.5,6.0,0.08,0.04,55.347153605632826,62.0,71.50000028676907,430.0,45.0,17.0,45.0,AWW,97.0,61.0,200.0
435,Switzerland,1.5,6.0,0.08,0.04,59.745417612554256,452.0,71.50000026138824,1660.0,75.0,2490.0,59.745417612554256,ICU,95.0,59.0,174.0
436,Switzerland,1.5,6.0,0.08,0.04,74.59481241364671,2327.0,64.50000095066255,902.0,79.0,3764.0,64.50000095066255,HARISS,103.0,63.0,183.0
437,Switzerland,1.5,6.0,0.08,0.04,41.35296349152633,238.0,36.50000063713831,143.0,87.0,26230.0,36.50000063713831,HARISS,102.0,66.0,185.0
438,Switzerland,1.5,6.0,0.08,0.04,89.98787722793656,830.0,Inf,NaN,65.0,80.0,65.0,AWW,94.0,56.0,202.0
439,Switzerland,1.5,6.0,0.08,0.04,54.218085196630796,403.0,61.50000046871481,842.0,14.0,2.0,14.0,AWW,91.0,64.0,177.0
440,Switzerland,1.5,6.0,0.08,0.04,79.05181547474074,4114.0,54.50000051869361,336.0,75.0,2720.0,54.50000051869361,HARISS,110.0,58.0,203.0
441,Switzerland,1.5,6.0,0.08,0.04,70.3118459633417,694.0,64.50000040464795,392.0,84.0,2527.0,64.50000040464795,HARISS,77.0,56.0,211.0
442,Switzerland,1.5,6.0,0.08,0.04,69.67168145318159,835.0,68.500000102721,744.0,75.0,1508.0,68.500000102721,HARISS,88.0,46.0,183.0
443,Switzerland,1.5,6.0,0.08,0.04,68.65352895261455,471.0,71.50000013036835,597.0,76.0,897.0,68.65352895261455,ICU,93.0,71.0,181.0
444,Switzerland,1.5,6.0,0.08,0.04,26.010929915753014,0.0,64.50000078886612,343.0,65.0,369.0,26.010929915753014,ICU,97.0,68.0,211.0
445,Switzerland,1.5,6.0,0.08,0.04,46.324514619708204,31.0,54.50000007520224,97.0,74.0,814.0,46.324514619708204,ICU,103.0,60.0,216.0
446,Switzerland,1.5,6.0,0.08,0.04,84.32584846197364,1069.0,Inf,NaN,75.0,381.0,75.0,AWW,99.0,57.0,203.0
447,Switzerland,1.5,6.0,0.08,0.04,68.72746068254676,298.0,64.50000063960202,209.0,60.0,130.0,60.0,AWW,102.0,49.0,163.0
448,Switzerland,1.5,6.0,0.08,0.04,56.56298595248151,188.0,61.50000061267864,330.0,75.0,1492.0,56.56298595248151,ICU,96.0,63.0,175.0
449,Switzerland,1.5,6.0,0.08,0.04,37.91067779525006,1.0,71.50000036775545,235.0,40.0,1.0,37.91067779525006,ICU,96.0,50.0,182.0
450,Switzerland,1.5,6.0,0.08,0.04,89.52972726802784,2802.0,85.50000024891004,2122.0,81.0,1382.0,81.0,AWW,97.0,58.0,187.0
451,Switzerland,1.5,6.0,0.08,0.04,63.18016221951549,339.0,68.50000018016436,608.0,81.0,2404.0,63.18016221951549,ICU,93.0,59.0,169.0
452,Switzerland,1.5,6.0,0.08,0.04,81.32032770171149,694.0,61.50000009217825,91.0,63.0,111.0,61.50000009217825,HARISS,82.0,51.0,181.0
453,Switzerland,1.5,6.0,0.08,0.04,43.304214817875746,74.0,36.50000027793494,46.0,75.0,1164.0,36.50000027793494,HARISS,93.0,48.0,188.0
454,Switzerland,1.5,6.0,0.08,0.04,88.16046634350482,2240.0,82.50000057412232,1273.0,59.0,133.0,59.0,AWW,104.0,56.0,195.0
455,Switzerland,1.5,6.0,0.08,0.04,73.39498113493246,378.0,68.50000026166683,224.0,61.0,79.0,61.0,AWW,78.0,61.0,185.0
456,Switzerland,1.5,6.0,0.08,0.04,63.74839146111005,309.0,71.50000059737027,712.0,70.0,616.0,63.74839146111005,ICU,99.0,56.0,184.0
457,Switzerland,1.5,6.0,0.08,0.04,76.87126853653096,4544.0,64.50000088799233,1251.0,69.0,2058.0,64.50000088799233,HARISS,94.0,70.0,171.0
458,Switzerland,1.5,6.0,0.08,0.04,89.80586287116151,3832.0,68.50000043772985,465.0,85.0,2760.0,68.50000043772985,HARISS,122.0,64.0,195.0
459,Switzerland,1.5,6.0,0.08,0.04,94.14733258804753,1828.0,78.5000005330011,633.0,13.0,0.0,13.0,AWW,113.0,66.0,190.0
460,Switzerland,1.5,6.0,0.08,0.04,45.04343998405088,699.0,47.50000017139175,928.0,66.0,6510.0,45.04343998405088,ICU,96.0,52.0,171.0
461,Switzerland,1.5,6.0,0.08,0.04,85.58765964582207,1585.0,82.50000007242804,1199.0,70.0,400.0,70.0,AWW,113.0,57.0,195.0
462,Switzerland,1.5,6.0,0.08,0.04,71.80103215810901,680.0,78.5000000789646,1338.0,81.0,1680.0,71.80103215810901,ICU,106.0,56.0,183.0
463,Switzerland,1.5,6.0,0.08,0.04,68.74518477783461,286.0,68.50000020586648,278.0,75.0,581.0,68.50000020586648,HARISS,86.0,51.0,167.0
464,Switzerland,1.5,6.0,0.08,0.04,78.4867871774217,882.0,78.50000054379223,882.0,76.0,687.0,76.0,AWW,119.0,58.0,209.0
465,Switzerland,1.5,6.0,0.08,0.04,31.511924746495026,93.0,47.50000059579402,609.0,81.0,14669.0,31.511924746495026,ICU,91.0,60.0,174.0
466,Switzerland,1.5,6.0,0.08,0.04,64.50631119422445,1397.0,54.500000492870385,451.0,51.0,315.0,51.0,AWW,104.0,62.0,151.0
467,Switzerland,1.5,6.0,0.08,0.04,92.88989286642531,1034.0,75.50000027454239,207.0,78.0,306.0,75.50000027454239,HARISS,88.0,69.0,195.0
468,Switzerland,1.5,6.0,0.08,0.04,89.90020027100786,3811.0,75.50000074968851,1045.0,15.0,0.0,15.0,AWW,95.0,57.0,196.0
469,Switzerland,1.5,6.0,0.08,0.04,69.72940804754688,2010.0,54.50000077172456,742.0,78.0,4078.0,54.50000077172456,HARISS,102.0,48.0,171.0
470,Switzerland,1.5,6.0,0.08,0.04,38.2923838904445,22.0,82.50000027540362,2288.0,38.0,22.0,38.0,AWW,86.0,57.0,177.0
471,Switzerland,1.5,6.0,0.08,0.04,56.97705545707079,241.0,50.50000073673731,127.0,75.0,1472.0,50.50000073673731,HARISS,91.0,49.0,203.0
472,Switzerland,1.5,6.0,0.08,0.04,97.12047676002936,2277.0,64.50000014634874,149.0,46.0,9.0,46.0,AWW,109.0,65.0,180.0
473,Switzerland,1.5,6.0,0.08,0.04,96.15738793116341,2093.0,29.50000085686648,13.0,69.0,314.0,29.50000085686648,HARISS,87.0,60.0,179.0
474,Switzerland,1.5,6.0,0.08,0.04,73.68714319683217,650.0,57.50000085132468,113.0,86.0,2096.0,57.50000085132468,HARISS,100.0,51.0,180.0
475,Switzerland,1.5,6.0,0.08,0.04,79.32145834627845,978.0,78.50000035758744,876.0,81.0,1155.0,78.50000035758744,HARISS,91.0,56.0,185.0
476,Switzerland,1.5,6.0,0.08,0.04,38.143703551577396,11.0,64.50000084962163,114.0,44.0,11.0,38.143703551577396,ICU,86.0,62.0,184.0
477,Switzerland,1.5,6.0,0.08,0.04,71.13509936483634,1391.0,68.50000067040595,1086.0,75.0,2120.0,68.50000067040595,HARISS,96.0,65.0,166.0
478,Switzerland,1.5,6.0,0.08,0.04,93.76759022427919,2564.0,Inf,NaN,69.0,302.0,69.0,AWW,98.0,59.0,202.0
479,Switzerland,1.5,6.0,0.08,0.04,52.221958360869955,726.0,54.50000045196231,876.0,82.0,12684.0,52.221958360869955,ICU,115.0,84.0,173.0
480,Switzerland,1.5,6.0,0.08,0.04,83.701032995578,1408.0,75.50000054272179,534.0,67.0,202.0,67.0,AWW,102.0,59.0,176.0
481,Switzerland,1.5,6.0,0.08,0.04,48.10932301090124,115.0,68.50000013584578,1142.0,40.0,52.0,40.0,AWW,109.0,64.0,195.0
482,Switzerland,1.5,6.0,0.08,0.04,79.26568607611456,1410.0,71.50000080199449,611.0,73.0,751.0,71.50000080199449,HARISS,112.0,59.0,163.0
483,Switzerland,1.5,6.0,0.08,0.04,85.46159513901738,2260.0,82.50000088690527,1685.0,66.0,254.0,66.0,AWW,102.0,53.0,160.0
484,Switzerland,1.5,6.0,0.08,0.04,64.5365333166267,806.0,61.50000044812037,597.0,77.0,2953.0,61.50000044812037,HARISS,100.0,55.0,177.0
485,Switzerland,1.5,6.0,0.08,0.04,52.92557427996839,266.0,57.50000023262541,453.0,89.0,12373.0,52.92557427996839,ICU,100.0,75.0,186.0
486,Switzerland,1.5,6.0,0.08,0.04,72.45691859323051,975.0,57.500000194005196,166.0,63.0,328.0,57.500000194005196,HARISS,93.0,54.0,192.0
487,Switzerland,1.5,6.0,0.08,0.04,74.16186311145069,1639.0,71.50000086159955,1094.0,72.0,1188.0,71.50000086159955,HARISS,85.0,70.0,199.0
488,Switzerland,1.5,6.0,0.08,0.04,66.83478335246227,228.0,71.50000066539927,395.0,78.0,800.0,66.83478335246227,ICU,79.0,56.0,161.0
489,Switzerland,1.5,6.0,0.08,0.04,64.73444561011956,878.0,29.500000296843837,5.0,72.0,1917.0,29.500000296843837,HARISS,113.0,58.0,176.0
490,Switzerland,1.5,6.0,0.08,0.04,18.235964808951163,136.0,19.500000408076716,158.0,64.0,473.0,18.235964808951163,ICU,105.0,57.0,179.0
491,Switzerland,1.5,6.0,0.08,0.04,92.14810327480747,3797.0,71.50000033892042,682.0,70.0,548.0,70.0,AWW,102.0,53.0,196.0
492,Switzerland,1.5,6.0,0.08,0.04,79.21750132455844,1235.0,36.50000070951618,6.0,75.0,803.0,36.50000070951618,HARISS,108.0,65.0,179.0
493,Switzerland,1.5,6.0,0.08,0.04,72.84017988329992,1090.0,57.50000046647698,247.0,49.0,96.0,49.0,AWW,111.0,58.0,166.0
494,Switzerland,1.5,6.0,0.08,0.04,95.04542791902551,1665.0,71.50000042106336,459.0,80.0,819.0,71.50000042106336,HARISS,95.0,57.0,198.0
495,Switzerland,1.5,6.0,0.08,0.04,6.73025162894727,6.0,85.5000001785166,1480.0,64.0,174.0,6.73025162894727,ICU,78.0,52.0,193.0
496,Switzerland,1.5,6.0,0.08,0.04,61.30693687529039,421.0,75.50000033462686,1479.0,74.0,1294.0,61.30693687529039,ICU,107.0,66.0,186.0
497,Switzerland,1.5,6.0,0.08,0.04,72.78205624599241,1567.0,40.5000007145739,61.0,72.0,1477.0,40.5000007145739,HARISS,105.0,53.0,168.0
498,Switzerland,1.5,6.0,0.08,0.04,76.71584148276754,393.0,68.50000095362196,148.0,75.0,314.0,68.50000095362196,HARISS,93.0,37.0,163.0
499,Switzerland,1.5,6.0,0.08,0.04,90.16191871813653,1664.0,68.50000092123034,208.0,72.0,304.0,68.50000092123034,HARISS,104.0,64.0,201.0
500,Switzerland,1.5,6.0,0.08,0.04,88.39275626169541,2131.0,64.50000019283455,152.0,80.0,856.0,64.50000019283455,HARISS,116.0,68.0,161.0
501,Switzerland,1.5,6.0,0.08,0.04,43.01734586982142,22.0,75.50000042266437,1270.0,66.0,444.0,43.01734586982142,ICU,110.0,44.0,165.0
502,Switzerland,1.5,6.0,0.08,0.04,72.10077444026012,1284.0,68.50000048328769,829.0,74.0,1612.0,68.50000048328769,HARISS,89.0,48.0,158.0
503,Switzerland,1.5,6.0,0.08,0.04,78.13950913311164,2032.0,57.50000040843178,243.0,58.0,256.0,57.50000040843178,HARISS,108.0,47.0,190.0
504,Switzerland,1.5,6.0,0.08,0.04,54.432644135901924,193.0,64.50000058063017,528.0,82.0,2709.0,54.432644135901924,ICU,83.0,52.0,190.0
505,Switzerland,1.5,6.0,0.08,0.04,17.94187310387786,0.0,82.50000092076624,2869.0,62.0,286.0,17.94187310387786,ICU,93.0,62.0,191.0
506,Switzerland,1.5,6.0,0.08,0.04,86.19392979065141,1646.0,50.500000645021665,46.0,22.0,0.0,22.0,AWW,110.0,51.0,203.0
507,Switzerland,1.5,6.0,0.08,0.04,54.776808992582815,220.0,54.5000009659844,219.0,86.0,5511.0,54.5000009659844,HARISS,101.0,70.0,179.0
508,Switzerland,1.5,6.0,0.08,0.04,77.4944731367482,600.0,82.50000063201888,992.0,57.0,73.0,57.0,AWW,89.0,62.0,201.0
509,Switzerland,1.5,6.0,0.08,0.04,64.19161035084043,102.0,82.50000029398794,886.0,64.0,97.0,64.0,AWW,107.0,64.0,193.0
510,Switzerland,1.5,6.0,0.08,0.04,65.34102959879581,718.0,50.50000020583095,170.0,68.0,892.0,50.50000020583095,HARISS,90.0,60.0,201.0
511,Switzerland,1.5,6.0,0.08,0.04,60.903410865423375,1931.0,54.500000278453086,946.0,55.0,1016.0,54.500000278453086,HARISS,94.0,56.0,194.0
512,Switzerland,1.5,6.0,0.08,0.04,87.44000921207713,1699.0,68.50000085141384,270.0,84.0,1181.0,68.50000085141384,HARISS,87.0,64.0,198.0
513,Switzerland,1.5,6.0,0.08,0.04,81.35753220754621,811.0,78.50000044565252,606.0,82.0,855.0,78.50000044565252,HARISS,111.0,52.0,192.0
514,Switzerland,1.5,6.0,0.08,0.04,77.79352174402341,1288.0,57.50000014643783,145.0,84.0,2453.0,57.50000014643783,HARISS,96.0,56.0,187.0
515,Switzerland,1.5,6.0,0.08,0.04,88.13014050637942,825.0,85.50000064802877,626.0,37.0,2.0,37.0,AWW,114.0,59.0,198.0
516,Switzerland,1.5,6.0,0.08,0.04,90.04714937371752,2090.0,82.5000001792863,1135.0,42.0,1.0,42.0,AWW,103.0,65.0,181.0
517,Switzerland,1.5,6.0,0.08,0.04,89.55556900953596,1982.0,78.50000093728488,686.0,64.0,82.0,64.0,AWW,102.0,54.0,186.0
518,Switzerland,1.5,6.0,0.08,0.04,92.19207260292232,1363.0,61.50000039712804,101.0,83.0,771.0,61.50000039712804,HARISS,105.0,66.0,154.0
519,Switzerland,1.5,6.0,0.08,0.04,52.97368081923846,24.0,78.50000028371164,296.0,58.0,31.0,52.97368081923846,ICU,101.0,60.0,200.0
520,Switzerland,1.5,6.0,0.08,0.04,93.84662503637797,1351.0,75.50000027847021,339.0,80.0,557.0,75.50000027847021,HARISS,103.0,63.0,186.0
521,Switzerland,1.5,6.0,0.08,0.04,84.37869746658052,1637.0,78.50000018620044,893.0,90.0,2441.0,78.50000018620044,HARISS,105.0,53.0,188.0
522,Switzerland,1.5,6.0,0.08,0.04,86.80091630969393,4153.0,71.50000048908339,895.0,80.0,2054.0,71.50000048908339,HARISS,99.0,51.0,184.0
523,Switzerland,1.5,6.0,0.08,0.04,59.25498298992814,325.0,50.500000410763846,135.0,62.0,415.0,50.500000410763846,HARISS,87.0,56.0,207.0
524,Switzerland,1.5,6.0,0.08,0.04,84.33860340270151,4813.0,54.50000098970353,265.0,78.0,2650.0,54.50000098970353,HARISS,96.0,42.0,189.0
525,Switzerland,1.5,6.0,0.08,0.04,59.59800327050715,48.0,78.50000056458049,516.0,88.0,1588.0,59.59800327050715,ICU,121.0,49.0,188.0
526,Switzerland,1.5,6.0,0.08,0.04,88.12916402428031,5935.0,68.50000037850386,822.0,67.0,711.0,67.0,AWW,87.0,51.0,187.0
527,Switzerland,1.5,6.0,0.08,0.04,24.219797272963635,1.0,82.5000007415491,788.0,86.0,1131.0,24.219797272963635,ICU,91.0,67.0,181.0
528,Switzerland,1.5,6.0,0.08,0.04,96.16103325419438,3730.0,47.500000655926904,29.0,81.0,1804.0,47.500000655926904,HARISS,92.0,60.0,190.0
529,Switzerland,1.5,6.0,0.08,0.04,50.26665684220673,10.0,82.50000011248352,621.0,43.0,4.0,43.0,AWW,92.0,73.0,179.0
530,Switzerland,1.5,6.0,0.08,0.04,27.760832356754754,3.0,61.50000046540941,199.0,85.0,2311.0,27.760832356754754,ICU,111.0,60.0,175.0
531,Switzerland,1.5,6.0,0.08,0.04,91.75919567683749,2566.0,78.50000068432618,943.0,56.0,76.0,56.0,AWW,115.0,57.0,174.0
532,Switzerland,1.5,6.0,0.08,0.04,51.134067519995085,141.0,40.500000085624286,43.0,84.0,3913.0,40.500000085624286,HARISS,119.0,53.0,183.0
533,Switzerland,1.5,6.0,0.08,0.04,83.83541665308489,1476.0,Inf,NaN,70.0,446.0,70.0,AWW,92.0,37.0,170.0
534,Switzerland,1.5,6.0,0.08,0.04,63.12429411982559,299.0,64.50000008924385,369.0,84.0,2516.0,63.12429411982559,ICU,94.0,54.0,189.0
535,Switzerland,1.5,6.0,0.08,0.04,72.83708494238648,2912.0,40.500000153454494,92.0,63.0,1041.0,40.500000153454494,HARISS,117.0,60.0,200.0
536,Switzerland,1.5,6.0,0.08,0.04,83.517269220513,1395.0,43.500000052103225,20.0,75.0,606.0,43.500000052103225,HARISS,89.0,60.0,186.0
537,Switzerland,1.5,6.0,0.08,0.04,84.2074635135408,1233.0,Inf,NaN,50.0,29.0,50.0,AWW,100.0,63.0,197.0
538,Switzerland,1.5,6.0,0.08,0.04,77.32041463750211,2895.0,57.500000212704784,416.0,51.0,237.0,51.0,AWW,85.0,54.0,192.0
539,Switzerland,1.5,6.0,0.08,0.04,85.9635536954134,2186.0,68.50000030660202,367.0,53.0,79.0,53.0,AWW,87.0,57.0,175.0
540,Switzerland,1.5,6.0,0.08,0.04,90.80126330017616,3718.0,75.50000061000677,1098.0,85.0,2728.0,75.50000061000677,HARISS,98.0,61.0,183.0
541,Switzerland,1.5,6.0,0.08,0.04,80.652458847505,1324.0,68.50000056656985,354.0,76.0,864.0,68.50000056656985,HARISS,100.0,63.0,183.0
542,Switzerland,1.5,6.0,0.08,0.04,84.11481832365926,757.0,75.50000031323415,250.0,80.0,460.0,75.50000031323415,HARISS,89.0,55.0,158.0
543,Switzerland,1.5,6.0,0.08,0.04,67.36592305009268,862.0,57.50000024432943,357.0,78.0,2438.0,57.50000024432943,HARISS,76.0,61.0,181.0
544,Switzerland,1.5,6.0,0.08,0.04,23.434250122492884,5.0,75.50000050849583,1683.0,73.0,1202.0,23.434250122492884,ICU,90.0,57.0,171.0
545,Switzerland,1.5,6.0,0.08,0.04,51.663477946806005,14.0,57.50000081543034,32.0,Inf,NaN,51.663477946806005,ICU,89.0,53.0,192.0
546,Switzerland,1.5,6.0,0.08,0.04,74.89832405236044,365.0,85.50000036877263,1165.0,54.0,13.0,54.0,AWW,118.0,67.0,198.0
547,Switzerland,1.5,6.0,0.08,0.04,90.28938501826688,1394.0,71.50000096020536,256.0,85.0,1040.0,71.50000096020536,HARISS,92.0,63.0,183.0
548,Switzerland,1.5,6.0,0.08,0.04,75.20042607575364,682.0,57.50000057206393,116.0,52.0,63.0,52.0,AWW,98.0,57.0,165.0
549,Switzerland,1.5,6.0,0.08,0.04,15.171655536577195,1.0,75.5000009451019,1081.0,10.0,0.0,10.0,AWW,97.0,48.0,171.0
550,Switzerland,1.5,6.0,0.08,0.04,58.5979974826269,231.0,47.500000461865326,83.0,74.0,1031.0,47.500000461865326,HARISS,86.0,58.0,186.0
551,Switzerland,1.5,6.0,0.08,0.04,55.270003167918105,1076.0,50.500000109520464,647.0,59.0,1494.0,50.500000109520464,HARISS,98.0,48.0,159.0
552,Switzerland,1.5,6.0,0.08,0.04,69.12903512820762,964.0,61.50000036294137,418.0,Inf,NaN,61.50000036294137,HARISS,84.0,62.0,169.0
553,Switzerland,1.5,6.0,0.08,0.04,85.73668759677969,1494.0,54.50000041734975,56.0,69.0,205.0,54.50000041734975,HARISS,100.0,58.0,173.0
554,Switzerland,1.5,6.0,0.08,0.04,87.29957429957581,2227.0,71.50000085190807,438.0,73.0,558.0,71.50000085190807,HARISS,95.0,62.0,192.0
555,Switzerland,1.5,6.0,0.08,0.04,61.77465873381282,887.0,57.5000007768779,566.0,89.0,11732.0,57.5000007768779,HARISS,100.0,64.0,199.0
556,Switzerland,1.5,6.0,0.08,0.04,72.21217492181474,544.0,71.50000085456067,496.0,70.0,419.0,70.0,AWW,94.0,51.0,191.0
557,Switzerland,1.5,6.0,0.08,0.04,37.940294895823484,101.0,61.50000093384257,1518.0,75.0,5693.0,37.940294895823484,ICU,96.0,54.0,172.0
558,Switzerland,1.5,6.0,0.08,0.04,91.29222263269055,907.0,78.5000006757476,325.0,79.0,345.0,78.5000006757476,HARISS,96.0,47.0,168.0
559,Switzerland,1.5,6.0,0.08,0.04,84.79700452707336,456.0,71.50000053968533,90.0,59.0,25.0,59.0,AWW,91.0,51.0,194.0
560,Switzerland,1.5,6.0,0.08,0.04,43.43766189801388,26.0,71.50000014321445,220.0,72.0,237.0,43.43766189801388,ICU,96.0,68.0,176.0
561,Switzerland,1.5,6.0,0.08,0.04,51.414689053989534,9.0,78.50000024248858,751.0,71.0,324.0,51.414689053989534,ICU,99.0,61.0,196.0
562,Switzerland,1.5,6.0,0.08,0.04,72.0196183380807,212.0,85.50000055431616,1063.0,62.0,60.0,62.0,AWW,108.0,48.0,190.0
563,Switzerland,1.5,6.0,0.08,0.04,73.49865694191419,663.0,75.50000076845987,789.0,66.0,310.0,66.0,AWW,102.0,56.0,203.0
564,Switzerland,1.5,6.0,0.08,0.04,79.29624372164143,645.0,78.5000005045453,592.0,73.0,339.0,73.0,AWW,94.0,47.0,177.0
565,Switzerland,1.5,6.0,0.08,0.04,78.43277953069303,574.0,54.50000052857619,69.0,41.0,16.0,41.0,AWW,94.0,72.0,152.0
566,Switzerland,1.5,6.0,0.08,0.04,53.71946604512426,19.0,78.50000081975449,448.0,45.0,9.0,45.0,AWW,89.0,61.0,203.0
567,Switzerland,1.5,6.0,0.08,0.04,86.50350829609364,2174.0,82.50000025002267,1483.0,43.0,22.0,43.0,AWW,103.0,62.0,192.0
568,Switzerland,1.5,6.0,0.08,0.04,75.50592465366572,920.0,50.50000004439993,46.0,78.0,1201.0,50.50000004439993,HARISS,95.0,70.0,184.0
569,Switzerland,1.5,6.0,0.08,0.04,81.68077686951052,1211.0,68.50000008009643,296.0,81.0,1121.0,68.50000008009643,HARISS,111.0,59.0,186.0
570,Switzerland,1.5,6.0,0.08,0.04,72.34294639390023,1313.0,82.50000004945073,3521.0,48.0,106.0,48.0,AWW,110.0,52.0,202.0
571,Switzerland,1.5,6.0,0.08,0.04,85.46124819832193,1441.0,78.50000074533395,689.0,48.0,16.0,48.0,AWW,113.0,72.0,194.0
572,Switzerland,1.5,6.0,0.08,0.04,84.36051592968086,1133.0,64.5000002629394,163.0,64.0,155.0,64.0,AWW,81.0,47.0,204.0
573,Switzerland,1.5,6.0,0.08,0.04,93.50892983438088,623.0,82.50000096891704,334.0,66.0,58.0,66.0,AWW,95.0,60.0,192.0
574,Switzerland,1.5,6.0,0.08,0.04,89.29414405808886,1684.0,85.50000048583098,1318.0,68.0,167.0,68.0,AWW,104.0,55.0,190.0
575,Switzerland,1.5,6.0,0.08,0.04,73.91941167786369,2286.0,61.500000660493974,666.0,89.0,9641.0,61.500000660493974,HARISS,102.0,52.0,190.0
576,Switzerland,1.5,6.0,0.08,0.04,91.73367158584044,2359.0,78.50000003517903,894.0,60.0,133.0,60.0,AWW,102.0,63.0,179.0
577,Switzerland,1.5,6.0,0.08,0.04,87.72719115515471,2174.0,64.50000076379678,254.0,33.0,9.0,33.0,AWW,93.0,56.0,178.0
578,Switzerland,1.5,6.0,0.08,0.04,82.7249209839515,686.0,78.50000068523921,409.0,78.0,381.0,78.0,AWW,100.0,62.0,203.0
579,Switzerland,1.5,6.0,0.08,0.04,92.88416687171852,5381.0,75.5000000509664,1471.0,75.0,1392.0,75.0,AWW,101.0,46.0,158.0
580,Switzerland,1.5,6.0,0.08,0.04,73.53609813266436,2834.0,50.50000061636425,240.0,75.0,3220.0,50.50000061636425,HARISS,97.0,73.0,189.0
581,Switzerland,1.5,6.0,0.08,0.04,74.98718582293512,962.0,57.50000030243984,157.0,78.0,1301.0,57.50000030243984,HARISS,107.0,40.0,175.0
582,Switzerland,1.5,6.0,0.08,0.04,53.472684154012086,208.0,75.50000036208675,1416.0,76.0,1486.0,53.472684154012086,ICU,87.0,46.0,194.0
583,Switzerland,1.5,6.0,0.08,0.04,68.11030026517074,348.0,71.50000021901604,556.0,75.0,855.0,68.11030026517074,ICU,90.0,50.0,174.0
584,Switzerland,1.5,6.0,0.08,0.04,60.97151755623431,269.0,82.50000021647315,2928.0,75.0,1261.0,60.97151755623431,ICU,119.0,49.0,186.0
585,Switzerland,1.5,6.0,0.08,0.04,85.74506701177938,2651.0,71.50000092990513,601.0,74.0,803.0,71.50000092990513,HARISS,109.0,49.0,205.0
586,Switzerland,1.5,6.0,0.08,0.04,63.53712768640427,324.0,71.5000009241505,755.0,53.0,107.0,53.0,AWW,102.0,52.0,189.0
587,Switzerland,1.5,6.0,0.08,0.04,72.3555833384657,2107.0,54.500000822583736,318.0,87.0,8385.0,54.500000822583736,HARISS,107.0,57.0,165.0
588,Switzerland,1.5,6.0,0.08,0.04,81.7882422072585,1966.0,64.50000039328302,316.0,77.0,1183.0,64.50000039328302,HARISS,96.0,54.0,168.0
589,Switzerland,1.5,6.0,0.08,0.04,80.02086090096093,1353.0,82.50000031786716,1710.0,74.0,720.0,74.0,AWW,99.0,55.0,186.0
590,Switzerland,1.5,6.0,0.08,0.04,85.16279338583902,1905.0,50.50000041563561,54.0,74.0,615.0,50.50000041563561,HARISS,102.0,62.0,177.0
591,Switzerland,1.5,6.0,0.08,0.04,65.46150166709715,638.0,54.50000032473633,208.0,88.0,7250.0,54.50000032473633,HARISS,104.0,65.0,186.0
592,Switzerland,1.5,6.0,0.08,0.04,78.54089278493893,1650.0,43.50000056327454,71.0,71.0,783.0,43.50000056327454,HARISS,90.0,52.0,201.0
593,Switzerland,1.5,6.0,0.08,0.04,79.01657479819526,958.0,61.50000023398126,193.0,85.0,1816.0,61.50000023398126,HARISS,89.0,60.0,166.0
594,Switzerland,1.5,6.0,0.08,0.04,38.92880386544995,8.0,78.5000008727608,403.0,80.0,482.0,38.92880386544995,ICU,103.0,51.0,175.0
595,Switzerland,1.5,6.0,0.08,0.04,49.50261709430336,5.0,82.50000086472012,434.0,86.0,650.0,49.50261709430336,ICU,117.0,53.0,177.0
596,Switzerland,1.5,6.0,0.08,0.04,69.37753212406587,165.0,Inf,NaN,83.0,559.0,69.37753212406587,ICU,101.0,65.0,181.0
597,Switzerland,1.5,6.0,0.08,0.04,82.32254622114932,2078.0,64.5000009868232,299.0,74.0,858.0,64.5000009868232,HARISS,93.0,62.0,174.0
598,Switzerland,1.5,6.0,0.08,0.04,37.44484761902189,0.0,78.50000028495216,901.0,74.0,511.0,37.44484761902189,ICU,109.0,45.0,207.0
599,Switzerland,1.5,6.0,0.08,0.04,53.08107879071772,39.0,71.50000052508527,407.0,87.0,1841.0,53.08107879071772,ICU,97.0,63.0,172.0
600,Switzerland,1.5,6.0,0.08,0.04,53.58317359138528,193.0,57.50000024893077,270.0,87.0,4910.0,53.58317359138528,ICU,110.0,58.0,171.0
601,Switzerland,1.5,6.0,0.08,0.04,43.917936605879476,6.0,85.50000030347005,833.0,44.0,6.0,43.917936605879476,ICU,87.0,58.0,169.0
602,Switzerland,1.5,6.0,0.08,0.04,44.189371547792014,307.0,50.50000067349317,604.0,61.0,1769.0,44.189371547792014,ICU,92.0,62.0,193.0
603,Switzerland,1.5,6.0,0.08,0.04,81.14642501276211,1952.0,71.50000057774145,747.0,42.0,30.0,42.0,AWW,121.0,56.0,180.0
604,Switzerland,1.5,6.0,0.08,0.04,69.68583309117899,1112.0,61.50000081805611,497.0,58.0,303.0,58.0,AWW,101.0,54.0,193.0
605,Switzerland,1.5,6.0,0.08,0.04,78.46959546977268,518.0,85.50000038556229,1027.0,70.0,192.0,70.0,AWW,106.0,68.0,171.0
606,Switzerland,1.5,6.0,0.08,0.04,90.0623942459528,1406.0,71.50000034235715,204.0,72.0,219.0,71.50000034235715,HARISS,95.0,56.0,180.0
607,Switzerland,1.5,6.0,0.08,0.04,94.04941803780693,1172.0,82.50000044873437,632.0,55.0,13.0,55.0,AWW,82.0,51.0,188.0
608,Switzerland,1.5,6.0,0.08,0.04,74.39156355302428,1398.0,68.5000004987896,768.0,63.0,443.0,63.0,AWW,85.0,59.0,166.0
609,Switzerland,1.5,6.0,0.08,0.04,63.10951795989015,105.0,71.5000007338374,275.0,18.0,0.0,18.0,AWW,93.0,48.0,191.0
610,Switzerland,1.5,6.0,0.08,0.04,52.238591683954624,49.0,47.500000991270284,30.0,69.0,244.0,47.500000991270284,HARISS,95.0,66.0,188.0
611,Switzerland,1.5,6.0,0.08,0.04,43.795333595479576,551.0,40.50000039146628,365.0,71.0,9329.0,40.50000039146628,HARISS,112.0,60.0,187.0
612,Switzerland,1.5,6.0,0.08,0.04,56.05385997424082,225.0,40.500000479412584,64.0,80.0,3221.0,40.500000479412584,HARISS,110.0,56.0,182.0
613,Switzerland,1.5,6.0,0.08,0.04,93.8137493514606,1743.0,Inf,NaN,84.0,1256.0,84.0,AWW,83.0,55.0,214.0
614,Switzerland,1.5,6.0,0.08,0.04,47.49937978447947,124.0,47.50000009588456,124.0,80.0,3865.0,47.49937978447947,ICU,113.0,51.0,172.0
615,Switzerland,1.5,6.0,0.08,0.04,91.95654483418686,3388.0,75.50000002992364,896.0,72.0,581.0,72.0,AWW,94.0,58.0,187.0
616,Switzerland,1.5,6.0,0.08,0.04,92.28105376128177,1406.0,47.500000831342724,7.0,57.0,13.0,47.500000831342724,HARISS,91.0,53.0,175.0
617,Switzerland,1.5,6.0,0.08,0.04,70.99329026973066,1667.0,54.50000005402056,264.0,75.0,2474.0,54.50000005402056,HARISS,99.0,58.0,177.0
618,Switzerland,1.5,6.0,0.08,0.04,68.5408627745946,2823.0,50.500000574623634,465.0,84.0,13085.0,50.500000574623634,HARISS,96.0,71.0,172.0
619,Switzerland,1.5,6.0,0.08,0.04,24.078804091619578,23.0,82.500000240338,681.0,73.0,277.0,24.078804091619578,ICU,89.0,55.0,222.0
620,Switzerland,1.5,6.0,0.08,0.04,91.08736541444412,1916.0,71.50000090447871,337.0,81.0,906.0,71.50000090447871,HARISS,82.0,48.0,176.0
621,Switzerland,1.5,6.0,0.08,0.04,69.971421970364,1368.0,71.50000090366646,1566.0,74.0,2051.0,69.971421970364,ICU,101.0,54.0,152.0
622,Switzerland,1.5,6.0,0.08,0.04,60.80313072549955,523.0,75.5000009800739,2359.0,82.0,4564.0,60.80313072549955,ICU,100.0,53.0,189.0
623,Switzerland,1.5,6.0,0.08,0.04,78.60999410363726,620.0,78.50000040395486,611.0,16.0,8.0,16.0,AWW,92.0,48.0,167.0
624,Switzerland,1.5,6.0,0.08,0.04,87.07643771559526,1269.0,43.500000619095744,13.0,70.0,174.0,43.500000619095744,HARISS,107.0,78.0,168.0
625,Switzerland,1.5,6.0,0.08,0.04,48.95370956267433,118.0,71.50000055624739,1272.0,36.0,25.0,36.0,AWW,103.0,64.0,181.0
626,Switzerland,1.5,6.0,0.08,0.04,77.8502302057526,950.0,68.50000002859859,357.0,5.0,0.0,5.0,AWW,91.0,62.0,198.0
627,Switzerland,1.5,6.0,0.08,0.04,90.39279948590642,2652.0,57.50000014073591,99.0,54.0,70.0,54.0,AWW,104.0,55.0,174.0
628,Switzerland,1.5,6.0,0.08,0.04,73.32511715117731,967.0,68.50000054464064,534.0,67.0,452.0,67.0,AWW,110.0,63.0,169.0
629,Switzerland,1.5,6.0,0.08,0.04,93.27855085486125,1879.0,82.50000096900229,1120.0,82.0,1061.0,82.0,AWW,107.0,49.0,182.0
630,Switzerland,1.5,6.0,0.08,0.04,39.94924229626076,129.0,54.500000528623445,554.0,65.0,1603.0,39.94924229626076,ICU,105.0,77.0,196.0
631,Switzerland,1.5,6.0,0.08,0.04,83.80204244390907,865.0,Inf,NaN,50.0,2.0,50.0,AWW,86.0,58.0,191.0
632,Switzerland,1.5,6.0,0.08,0.04,85.09302392681938,1033.0,78.50000039384514,508.0,65.0,103.0,65.0,AWW,100.0,62.0,184.0
633,Switzerland,1.5,6.0,0.08,0.04,39.161875268904836,66.0,57.50000013999006,688.0,69.0,2190.0,39.161875268904836,ICU,81.0,65.0,193.0
634,Switzerland,1.5,6.0,0.08,0.04,92.01255869651014,3495.0,75.50000055218864,975.0,79.0,1433.0,75.50000055218864,HARISS,96.0,45.0,194.0
635,Switzerland,1.5,6.0,0.08,0.04,96.27797482483899,2850.0,71.50000030491746,462.0,69.0,351.0,69.0,AWW,104.0,46.0,170.0
636,Switzerland,1.5,6.0,0.08,0.04,95.56108430284759,1147.0,75.50000013870802,295.0,89.0,1147.0,75.50000013870802,HARISS,91.0,68.0,182.0
637,Switzerland,1.5,6.0,0.08,0.04,91.35619612907117,1288.0,61.500000466295866,98.0,59.0,68.0,59.0,AWW,91.0,45.0,176.0
638,Switzerland,1.5,6.0,0.08,0.04,75.83082545564277,560.0,78.50000068786774,749.0,22.0,0.0,22.0,AWW,95.0,60.0,183.0
639,Switzerland,1.5,6.0,0.08,0.04,93.58088420713729,2761.0,78.50000063986519,974.0,82.0,1493.0,78.50000063986519,HARISS,87.0,62.0,178.0
640,Switzerland,1.5,6.0,0.08,0.04,69.68661720257273,2580.0,64.50000015510813,1471.0,4.0,0.0,4.0,AWW,93.0,55.0,204.0
641,Switzerland,1.5,6.0,0.08,0.04,94.09432521009651,3723.0,50.50000067841147,38.0,87.0,3356.0,50.50000067841147,HARISS,110.0,54.0,189.0
642,Switzerland,1.5,6.0,0.08,0.04,58.134994908410846,263.0,68.50000026312377,865.0,84.0,4144.0,58.134994908410846,ICU,115.0,54.0,190.0
643,Switzerland,1.5,6.0,0.08,0.04,91.54350622810146,1816.0,85.50000001555495,1418.0,79.0,766.0,79.0,AWW,97.0,55.0,195.0
644,Switzerland,1.5,6.0,0.08,0.04,66.84009798258516,707.0,43.500000412403345,82.0,75.0,1669.0,43.500000412403345,HARISS,108.0,59.0,154.0
645,Switzerland,1.5,6.0,0.08,0.04,90.41884320169827,2017.0,61.500000289894516,189.0,8.0,0.0,8.0,AWW,91.0,55.0,169.0
646,Switzerland,1.5,6.0,0.08,0.04,84.79321055296298,998.0,82.50000095547709,784.0,86.0,1132.0,82.50000095547709,HARISS,85.0,57.0,176.0
647,Switzerland,1.5,6.0,0.08,0.04,39.816222298890104,17.0,50.50000042545556,52.0,86.0,1987.0,39.816222298890104,ICU,109.0,66.0,176.0
648,Switzerland,1.5,6.0,0.08,0.04,66.52956924936865,784.0,75.50000006517331,2129.0,62.0,497.0,62.0,AWW,122.0,68.0,179.0
649,Switzerland,1.5,6.0,0.08,0.04,79.63790024172702,1034.0,71.50000079829157,409.0,60.0,101.0,60.0,AWW,89.0,68.0,189.0
650,Switzerland,1.5,6.0,0.08,0.04,53.56589444695202,107.0,68.50000001912656,394.0,57.0,207.0,53.56589444695202,ICU,82.0,67.0,187.0
651,Switzerland,1.5,6.0,0.08,0.04,86.38092846862675,2213.0,78.50000090578216,950.0,48.0,44.0,48.0,AWW,103.0,57.0,193.0
652,Switzerland,1.5,6.0,0.08,0.04,88.16444985430381,3771.0,75.500000113773,995.0,26.0,0.0,26.0,AWW,107.0,57.0,180.0
653,Switzerland,1.5,6.0,0.08,0.04,83.43571339358444,2898.0,43.5000008173309,86.0,56.0,230.0,43.5000008173309,HARISS,103.0,56.0,183.0
654,Switzerland,1.5,6.0,0.08,0.04,54.99456915788459,367.0,40.50000084791712,120.0,71.0,1880.0,40.50000084791712,HARISS,97.0,58.0,197.0
655,Switzerland,1.5,6.0,0.08,0.04,76.11751498138779,1092.0,71.50000014302555,694.0,69.0,534.0,69.0,AWW,100.0,44.0,168.0
656,Switzerland,1.5,6.0,0.08,0.04,87.78122704099663,2960.0,78.50000044431921,1109.0,79.0,1180.0,78.50000044431921,HARISS,96.0,56.0,184.0
657,Switzerland,1.5,6.0,0.08,0.04,55.95585255575021,163.0,68.50000059389865,592.0,85.0,3224.0,55.95585255575021,ICU,91.0,43.0,159.0
658,Switzerland,1.5,6.0,0.08,0.04,91.92637881972033,2587.0,68.50000013067394,349.0,45.0,18.0,45.0,AWW,85.0,50.0,196.0
659,Switzerland,1.5,6.0,0.08,0.04,65.328256813777,736.0,75.50000048904141,2184.0,50.0,142.0,50.0,AWW,105.0,69.0,195.0
660,Switzerland,1.5,6.0,0.08,0.04,84.79650189284527,1743.0,75.50000058614782,621.0,76.0,653.0,75.50000058614782,HARISS,101.0,63.0,196.0
661,Switzerland,1.5,6.0,0.08,0.04,86.54482044122916,2304.0,78.50000023249147,966.0,59.0,92.0,59.0,AWW,118.0,62.0,185.0
662,Switzerland,1.5,6.0,0.08,0.04,71.90987279277653,1109.0,68.50000050317038,775.0,74.0,1363.0,68.50000050317038,HARISS,93.0,45.0,161.0
663,Switzerland,1.5,6.0,0.08,0.04,63.56098564438692,1418.0,15.500000750920158,18.0,78.0,5822.0,15.500000750920158,HARISS,95.0,56.0,184.0
664,Switzerland,1.5,6.0,0.08,0.04,74.5339964610192,815.0,50.50000088272656,56.0,42.0,32.0,42.0,AWW,99.0,48.0,186.0
665,Switzerland,1.5,6.0,0.08,0.04,83.06984965511596,2297.0,61.50000042447448,220.0,75.0,1035.0,61.50000042447448,HARISS,96.0,45.0,179.0
666,Switzerland,1.5,6.0,0.08,0.04,85.43560029572288,645.0,54.50000039221152,55.0,51.0,46.0,51.0,AWW,101.0,54.0,183.0
667,Switzerland,1.5,6.0,0.08,0.04,86.91507830300148,4501.0,57.500000074683065,290.0,64.0,541.0,57.500000074683065,HARISS,95.0,67.0,186.0
668,Switzerland,1.5,6.0,0.08,0.04,69.08291094377394,804.0,47.50000079717376,67.0,87.0,5323.0,47.50000079717376,HARISS,90.0,65.0,195.0
669,Switzerland,1.5,6.0,0.08,0.04,88.66328949432864,1020.0,75.50000027034581,256.0,75.0,248.0,75.0,AWW,93.0,58.0,191.0
670,Switzerland,1.5,6.0,0.08,0.04,70.9104663764735,769.0,85.50000020548788,3891.0,86.0,4063.0,70.9104663764735,ICU,105.0,68.0,161.0
671,Switzerland,1.5,6.0,0.08,0.04,63.077201084743095,63.0,85.50000093851823,991.0,27.0,0.0,27.0,AWW,87.0,66.0,164.0
672,Switzerland,1.5,6.0,0.08,0.04,71.60671741832252,751.0,54.50000048977316,128.0,54.0,121.0,54.0,AWW,89.0,37.0,205.0
673,Switzerland,1.5,6.0,0.08,0.04,64.19957506911314,679.0,47.50000051414857,138.0,62.0,556.0,47.50000051414857,HARISS,99.0,66.0,197.0
674,Switzerland,1.5,6.0,0.08,0.04,59.6361402744361,110.0,68.50000014673788,381.0,48.0,23.0,48.0,AWW,88.0,56.0,195.0
675,Switzerland,1.5,6.0,0.08,0.04,96.38876625265208,1376.0,82.50000099197703,684.0,65.0,69.0,65.0,AWW,97.0,58.0,178.0
676,Switzerland,1.5,6.0,0.08,0.04,66.7269957975872,142.0,85.50000040673645,1073.0,77.0,417.0,66.7269957975872,ICU,114.0,39.0,194.0
677,Switzerland,1.5,6.0,0.08,0.04,68.59373562361614,836.0,54.50000085184171,173.0,66.0,577.0,54.50000085184171,HARISS,108.0,54.0,172.0
678,Switzerland,1.5,6.0,0.08,0.04,91.58452108649375,1056.0,78.50000038989556,341.0,86.0,827.0,78.50000038989556,HARISS,97.0,60.0,182.0
679,Switzerland,1.5,6.0,0.08,0.04,85.79577608122462,1422.0,68.50000086257617,215.0,79.0,734.0,68.50000086257617,HARISS,124.0,65.0,192.0
680,Switzerland,1.5,6.0,0.08,0.04,50.608830487967005,299.0,61.50000073547122,992.0,65.0,1424.0,50.608830487967005,ICU,88.0,58.0,182.0
681,Switzerland,1.5,6.0,0.08,0.04,81.86147505212736,2534.0,54.50000078744373,127.0,55.0,139.0,54.50000078744373,HARISS,86.0,64.0,174.0
682,Switzerland,1.5,6.0,0.08,0.04,81.2942437267872,1272.0,78.50000016036475,937.0,81.0,1251.0,78.50000016036475,HARISS,109.0,40.0,179.0
683,Switzerland,1.5,6.0,0.08,0.04,57.168824265361316,1025.0,61.50000056703482,1565.0,80.0,9898.0,57.168824265361316,ICU,105.0,61.0,193.0
684,Switzerland,1.5,6.0,0.08,0.04,91.77219024502332,3223.0,64.50000001557302,285.0,52.0,61.0,52.0,AWW,97.0,59.0,181.0
685,Switzerland,1.5,6.0,0.08,0.04,44.08988591656517,143.0,61.500000838587624,249.0,82.0,785.0,44.08988591656517,ICU,78.0,44.0,175.0
686,Switzerland,1.5,6.0,0.08,0.04,86.41880365015311,8386.0,71.50000074859173,1781.0,69.0,1352.0,69.0,AWW,88.0,60.0,174.0
687,Switzerland,1.5,6.0,0.08,0.04,83.42882022278351,1558.0,71.50000011316038,399.0,66.0,213.0,66.0,AWW,94.0,56.0,197.0
688,Switzerland,1.5,6.0,0.08,0.04,24.061724501244854,48.0,57.50000053324033,954.0,84.0,13920.0,24.061724501244854,ICU,121.0,52.0,175.0
689,Switzerland,1.5,6.0,0.08,0.04,86.39539851154782,799.0,Inf,NaN,81.0,414.0,81.0,AWW,101.0,54.0,166.0
690,Switzerland,1.5,6.0,0.08,0.04,34.30330686742191,4.0,71.50000064976747,251.0,61.0,70.0,34.30330686742191,ICU,93.0,65.0,180.0
691,Switzerland,1.5,6.0,0.08,0.04,76.37838641634781,619.0,75.50000053470592,564.0,41.0,0.0,41.0,AWW,97.0,61.0,185.0
692,Switzerland,1.5,6.0,0.08,0.04,82.62762922243674,992.0,85.50000015906801,1320.0,71.0,237.0,71.0,AWW,100.0,50.0,194.0
693,Switzerland,1.5,6.0,0.08,0.04,90.6111196786773,1113.0,75.50000090619008,353.0,78.0,468.0,75.50000090619008,HARISS,100.0,62.0,188.0
694,Switzerland,1.5,6.0,0.08,0.04,80.29737973732459,1071.0,75.50000068140177,657.0,61.0,140.0,61.0,AWW,95.0,48.0,181.0
695,Switzerland,1.5,6.0,0.08,0.04,82.52667503648541,2487.0,43.50000041600673,17.0,80.0,1915.0,43.50000041600673,HARISS,95.0,47.0,212.0
696,Switzerland,1.5,6.0,0.08,0.04,66.54859537252175,769.0,61.500000789961234,476.0,79.0,2425.0,61.500000789961234,HARISS,83.0,64.0,190.0
697,Switzerland,1.5,6.0,0.08,0.04,65.97203274088632,920.0,64.50000015312052,812.0,60.0,565.0,60.0,AWW,115.0,70.0,188.0
698,Switzerland,1.5,6.0,0.08,0.04,94.3736246915158,1133.0,71.50000066360121,154.0,71.0,150.0,71.0,AWW,107.0,48.0,211.0
699,Switzerland,1.5,6.0,0.08,0.04,49.27459464438529,285.0,47.50000036475012,252.0,63.0,853.0,47.50000036475012,HARISS,104.0,52.0,158.0
700,Switzerland,1.5,6.0,0.08,0.04,91.05733725973485,6334.0,68.50000094212874,933.0,87.0,5739.0,68.50000094212874,HARISS,106.0,45.0,182.0
701,Switzerland,1.5,6.0,0.08,0.04,60.91950956563454,873.0,40.500000664440016,96.0,70.0,2374.0,40.500000664440016,HARISS,106.0,61.0,194.0
702,Switzerland,1.5,6.0,0.08,0.04,4.570480470376841,1.0,61.50000001311468,169.0,81.0,1452.0,4.570480470376841,ICU,100.0,69.0,201.0
703,Switzerland,1.5,6.0,0.08,0.04,78.40789550931677,248.0,Inf,NaN,70.0,80.0,70.0,AWW,99.0,56.0,167.0
704,Switzerland,1.5,6.0,0.08,0.04,94.04676068015365,3643.0,33.500000399850336,12.0,76.0,1126.0,33.500000399850336,HARISS,108.0,61.0,177.0
705,Switzerland,1.5,6.0,0.08,0.04,73.76186298726796,1473.0,54.500000664676975,185.0,48.0,74.0,48.0,AWW,91.0,70.0,199.0
706,Switzerland,1.5,6.0,0.08,0.04,61.23515986636382,181.0,61.50000063769673,185.0,76.0,1048.0,61.23515986636382,ICU,97.0,62.0,191.0
707,Switzerland,1.5,6.0,0.08,0.04,63.65687088086821,83.0,78.50000098067754,399.0,78.0,382.0,63.65687088086821,ICU,86.0,56.0,197.0
708,Switzerland,1.5,6.0,0.08,0.04,82.74917618614559,731.0,64.50000067002868,113.0,76.0,333.0,64.50000067002868,HARISS,94.0,45.0,189.0
709,Switzerland,1.5,6.0,0.08,0.04,32.79456198797767,1.0,78.50000074886599,554.0,76.0,415.0,32.79456198797767,ICU,87.0,56.0,169.0
710,Switzerland,1.5,6.0,0.08,0.04,89.29337689854985,2362.0,85.50000058377282,1822.0,72.0,435.0,72.0,AWW,110.0,57.0,186.0
711,Switzerland,1.5,6.0,0.08,0.04,72.25615038263633,1327.0,71.50000048993687,1234.0,29.0,35.0,29.0,AWW,97.0,59.0,181.0
712,Switzerland,1.5,6.0,0.08,0.04,79.22726076999238,2941.0,22.50000087577654,18.0,57.0,273.0,22.50000087577654,HARISS,104.0,59.0,167.0
713,Switzerland,1.5,6.0,0.08,0.04,84.5036323272396,4356.0,75.50000005278132,1713.0,80.0,2733.0,75.50000005278132,HARISS,105.0,45.0,208.0
714,Switzerland,1.5,6.0,0.08,0.04,94.36350594053766,5224.0,40.50000028250544,49.0,Inf,NaN,40.50000028250544,HARISS,100.0,66.0,179.0
715,Switzerland,1.5,6.0,0.08,0.04,83.55451028156986,1163.0,78.50000027659283,682.0,74.0,467.0,74.0,AWW,115.0,61.0,184.0
716,Switzerland,1.5,6.0,0.08,0.04,71.24582002088137,328.0,71.50000095564205,331.0,61.0,121.0,61.0,AWW,87.0,72.0,176.0
717,Switzerland,1.5,6.0,0.08,0.04,65.0134682656109,294.0,75.50000052799496,893.0,66.0,299.0,65.0134682656109,ICU,106.0,59.0,193.0
718,Switzerland,1.5,6.0,0.08,0.04,78.58418745059184,1604.0,68.50000099702306,543.0,80.0,1811.0,68.50000099702306,HARISS,115.0,53.0,181.0
719,Switzerland,1.5,6.0,0.08,0.04,97.72702843571325,2216.0,47.50000098523,14.0,75.0,547.0,47.50000098523,HARISS,105.0,58.0,181.0
720,Switzerland,1.5,6.0,0.08,0.04,72.5907112632182,467.0,50.50000051956163,49.0,81.0,1136.0,50.50000051956163,HARISS,120.0,46.0,174.0
721,Switzerland,1.5,6.0,0.08,0.04,62.840631928145704,1161.0,47.500000180494894,228.0,59.0,714.0,47.500000180494894,HARISS,108.0,70.0,197.0
722,Switzerland,1.5,6.0,0.08,0.04,78.94140478101079,313.0,75.50000041114741,223.0,75.0,205.0,75.0,AWW,92.0,44.0,204.0
723,Switzerland,1.5,6.0,0.08,0.04,84.94521218558225,1012.0,78.5000009564343,528.0,82.0,750.0,78.5000009564343,HARISS,102.0,64.0,183.0
724,Switzerland,1.5,6.0,0.08,0.04,72.17314764346217,567.0,64.50000067805998,247.0,73.0,597.0,64.50000067805998,HARISS,77.0,56.0,173.0
725,Switzerland,1.5,6.0,0.08,0.04,60.51941898546184,1636.0,36.50000045543927,135.0,70.0,4312.0,36.50000045543927,HARISS,124.0,62.0,175.0
726,Switzerland,1.5,6.0,0.08,0.04,60.4242555387873,249.0,75.50000021924649,1104.0,59.0,218.0,59.0,AWW,100.0,61.0,184.0
727,Switzerland,1.5,6.0,0.08,0.04,15.49308639503575,2.0,75.50000014753824,458.0,51.0,20.0,15.49308639503575,ICU,108.0,44.0,202.0
728,Switzerland,1.5,6.0,0.08,0.04,62.875463455431074,476.0,61.50000007016462,442.0,90.0,4695.0,61.50000007016462,HARISS,80.0,63.0,163.0
729,Switzerland,1.5,6.0,0.08,0.04,64.99747287390426,454.0,71.50000088065781,940.0,54.0,134.0,54.0,AWW,113.0,56.0,184.0
730,Switzerland,1.5,6.0,0.08,0.04,89.09101711527094,4008.0,71.50000012597738,773.0,79.0,1640.0,71.50000012597738,HARISS,86.0,64.0,166.0
731,Switzerland,1.5,6.0,0.08,0.04,50.69663227483301,144.0,57.50000013186778,306.0,46.0,80.0,46.0,AWW,107.0,55.0,183.0
732,Switzerland,1.5,6.0,0.08,0.04,79.06620838813619,1655.0,64.50000091987503,380.0,62.0,314.0,62.0,AWW,102.0,56.0,177.0
733,Switzerland,1.5,6.0,0.08,0.04,90.72542423505777,1730.0,78.50000006975678,635.0,89.0,1730.0,78.50000006975678,HARISS,121.0,47.0,181.0
734,Switzerland,1.5,6.0,0.08,0.04,94.02437157280866,2441.0,78.50000097157705,1003.0,60.0,138.0,60.0,AWW,100.0,63.0,186.0
735,Switzerland,1.5,6.0,0.08,0.04,85.50424290273904,1481.0,57.50000074605984,115.0,58.0,126.0,57.50000074605984,HARISS,86.0,57.0,157.0
736,Switzerland,1.5,6.0,0.08,0.04,43.4417479524234,34.0,75.50000088754109,275.0,85.0,690.0,43.4417479524234,ICU,88.0,57.0,188.0
737,Switzerland,1.5,6.0,0.08,0.04,69.22143394791526,530.0,68.50000064069103,491.0,85.0,2379.0,68.50000064069103,HARISS,82.0,79.0,197.0
738,Switzerland,1.5,6.0,0.08,0.04,19.51293289413135,132.0,64.50000057274744,368.0,78.0,1179.0,19.51293289413135,ICU,110.0,60.0,188.0
739,Switzerland,1.5,6.0,0.08,0.04,89.81755162765714,3108.0,26.500000185199717,12.0,50.0,65.0,26.500000185199717,HARISS,108.0,59.0,184.0
740,Switzerland,1.5,6.0,0.08,0.04,76.80082367532282,2344.0,61.5000008331668,493.0,67.0,943.0,61.5000008331668,HARISS,113.0,67.0,182.0
741,Switzerland,1.5,6.0,0.08,0.04,27.056196757967506,0.0,64.50000088957322,102.0,77.0,492.0,27.056196757967506,ICU,102.0,68.0,175.0
742,Switzerland,1.5,6.0,0.08,0.04,77.20640051668649,1138.0,61.500000711404375,210.0,66.0,353.0,61.500000711404375,HARISS,97.0,54.0,170.0
743,Switzerland,1.5,6.0,0.08,0.04,50.217712535051895,286.0,40.50000045730536,128.0,78.0,4309.0,40.50000045730536,HARISS,91.0,53.0,151.0
744,Switzerland,1.5,6.0,0.08,0.04,74.09906339104553,1033.0,54.50000013942643,159.0,68.0,588.0,54.50000013942643,HARISS,84.0,47.0,199.0
745,Switzerland,1.5,6.0,0.08,0.04,81.9635924628755,1744.0,78.50000068735743,1213.0,56.0,112.0,56.0,AWW,110.0,59.0,192.0
746,Switzerland,1.5,6.0,0.08,0.04,51.287092564065354,209.0,68.50000020527432,1012.0,81.0,3422.0,51.287092564065354,ICU,104.0,56.0,175.0
747,Switzerland,1.5,6.0,0.08,0.04,87.01729477481977,3140.0,75.50000065265768,951.0,78.0,1213.0,75.50000065265768,HARISS,110.0,54.0,195.0
748,Switzerland,1.5,6.0,0.08,0.04,55.28749297093657,1623.0,29.500000129689653,154.0,70.0,6535.0,29.500000129689653,HARISS,84.0,64.0,190.0
749,Switzerland,1.5,6.0,0.08,0.04,63.030235763794714,1737.0,54.50000056365248,905.0,75.0,5282.0,54.50000056365248,HARISS,105.0,64.0,171.0
750,Switzerland,1.5,6.0,0.08,0.04,65.1732345706497,605.0,71.50000081620112,1230.0,77.0,2158.0,65.1732345706497,ICU,81.0,57.0,196.0
751,Switzerland,1.5,6.0,0.08,0.04,34.12334991872433,22.0,78.50000097163199,692.0,68.0,223.0,34.12334991872433,ICU,88.0,62.0,175.0
752,Switzerland,1.5,6.0,0.08,0.04,65.24964933226335,1275.0,64.50000004104031,1138.0,84.0,9111.0,64.50000004104031,HARISS,111.0,55.0,201.0
753,Switzerland,1.5,6.0,0.08,0.04,62.769409970047235,1382.0,61.50000087753519,1194.0,22.0,10.0,22.0,AWW,103.0,72.0,191.0
754,Switzerland,1.5,6.0,0.08,0.04,92.12093288613879,6423.0,68.50000047689059,938.0,84.0,4448.0,68.50000047689059,HARISS,100.0,69.0,178.0
755,Switzerland,1.5,6.0,0.08,0.04,72.70744603324307,354.0,68.50000083944873,229.0,63.0,116.0,63.0,AWW,93.0,52.0,173.0
756,Switzerland,1.5,6.0,0.08,0.04,27.602879991706388,27.0,57.5000007695285,1051.0,86.0,18676.0,27.602879991706388,ICU,113.0,45.0,207.0
757,Switzerland,1.5,6.0,0.08,0.04,86.93364055123749,1590.0,75.50000052897389,426.0,71.0,267.0,71.0,AWW,107.0,60.0,176.0
758,Switzerland,1.5,6.0,0.08,0.04,62.284302758357214,1078.0,33.50000022178548,57.0,65.0,1410.0,33.50000022178548,HARISS,121.0,42.0,174.0
759,Switzerland,1.5,6.0,0.08,0.04,77.60627229225156,961.0,82.50000090029856,1567.0,40.0,21.0,40.0,AWW,85.0,55.0,190.0
760,Switzerland,1.5,6.0,0.08,0.04,54.90987594185783,333.0,40.50000038508158,72.0,70.0,1485.0,40.50000038508158,HARISS,110.0,67.0,170.0
761,Switzerland,1.5,6.0,0.08,0.04,19.262645512228275,146.0,22.500000903031165,196.0,80.0,1698.0,19.262645512228275,ICU,105.0,58.0,186.0
762,Switzerland,1.5,6.0,0.08,0.04,88.74095086607969,3653.0,78.5000009478319,1350.0,61.0,201.0,61.0,AWW,121.0,66.0,194.0
763,Switzerland,1.5,6.0,0.08,0.04,58.987138853404794,344.0,68.50000060301326,908.0,81.0,3306.0,58.987138853404794,ICU,93.0,41.0,182.0
764,Switzerland,1.5,6.0,0.08,0.04,77.65314712691172,390.0,78.50000011342351,422.0,59.0,27.0,59.0,AWW,87.0,65.0,175.0
765,Switzerland,1.5,6.0,0.08,0.04,84.0010722109437,1032.0,68.50000049893467,174.0,87.0,1376.0,68.50000049893467,HARISS,102.0,64.0,179.0
766,Switzerland,1.5,6.0,0.08,0.04,43.876841267199396,103.0,57.5000004357742,478.0,22.0,5.0,22.0,AWW,74.0,53.0,180.0
767,Switzerland,1.5,6.0,0.08,0.04,60.17340934423397,1233.0,61.50000010830668,1344.0,73.0,4218.0,60.17340934423397,ICU,110.0,39.0,174.0
768,Switzerland,1.5,6.0,0.08,0.04,47.39612394841854,233.0,43.50000001084572,173.0,70.0,2533.0,43.50000001084572,HARISS,110.0,52.0,189.0
769,Switzerland,1.5,6.0,0.08,0.04,76.59177278439695,1693.0,54.50000040620406,195.0,Inf,NaN,54.50000040620406,HARISS,115.0,46.0,169.0
770,Switzerland,1.5,6.0,0.08,0.04,91.7308078675381,1837.0,82.50000064392728,993.0,55.0,30.0,55.0,AWW,120.0,67.0,172.0
771,Switzerland,1.5,6.0,0.08,0.04,86.19401953703755,9191.0,50.50000031398781,348.0,81.0,5603.0,50.50000031398781,HARISS,99.0,52.0,190.0
772,Switzerland,1.5,6.0,0.08,0.04,44.350275421704374,49.0,68.50000069839265,274.0,52.0,81.0,44.350275421704374,ICU,92.0,57.0,201.0
773,Switzerland,1.5,6.0,0.08,0.04,65.42799641924094,80.0,68.50000035341947,124.0,65.0,78.0,65.0,AWW,95.0,63.0,172.0
774,Switzerland,1.5,6.0,0.08,0.04,66.185803632914,506.0,78.50000016353721,1435.0,78.0,1375.0,66.185803632914,ICU,105.0,50.0,183.0
775,Switzerland,1.5,6.0,0.08,0.04,60.140474492404856,550.0,50.500000910840726,186.0,8.0,0.0,8.0,AWW,92.0,66.0,181.0
776,Switzerland,1.5,6.0,0.08,0.04,96.0327654811599,1931.0,Inf,NaN,63.0,110.0,63.0,AWW,124.0,45.0,205.0
777,Switzerland,1.5,6.0,0.08,0.04,91.58263621682725,3832.0,82.5000007997276,2118.0,77.0,1180.0,77.0,AWW,109.0,67.0,188.0
778,Switzerland,1.5,6.0,0.08,0.04,55.69931533936708,314.0,61.50000017015532,633.0,59.0,513.0,55.69931533936708,ICU,108.0,76.0,204.0
779,Switzerland,1.5,6.0,0.08,0.04,73.55330641258185,458.0,75.50000049772027,570.0,86.0,1475.0,73.55330641258185,ICU,96.0,54.0,188.0
780,Switzerland,1.5,6.0,0.08,0.04,86.36909039301885,899.0,82.5000002967782,611.0,76.0,297.0,76.0,AWW,87.0,42.0,181.0
781,Switzerland,1.5,6.0,0.08,0.04,75.13705576143825,2090.0,54.50000014508602,258.0,85.0,5806.0,54.50000014508602,HARISS,100.0,51.0,189.0
782,Switzerland,1.5,6.0,0.08,0.04,61.27647496529956,175.0,82.50000089275918,1725.0,66.0,302.0,61.27647496529956,ICU,92.0,56.0,182.0
783,Switzerland,1.5,6.0,0.08,0.04,95.17998570590478,1804.0,82.5000001298545,1055.0,90.0,1804.0,82.5000001298545,HARISS,94.0,57.0,197.0
784,Switzerland,1.5,6.0,0.08,0.04,49.08918405578414,25.0,68.50000015627286,351.0,83.0,1571.0,49.08918405578414,ICU,94.0,52.0,184.0
785,Switzerland,1.5,6.0,0.08,0.04,60.94317949633294,612.0,64.50000010703702,855.0,73.0,1912.0,60.94317949633294,ICU,89.0,36.0,186.0
786,Switzerland,1.5,6.0,0.08,0.04,82.53779716592969,1520.0,71.50000019534697,492.0,58.0,126.0,58.0,AWW,101.0,54.0,178.0
787,Switzerland,1.5,6.0,0.08,0.04,74.36567678926846,199.0,Inf,NaN,87.0,1041.0,74.36567678926846,ICU,105.0,45.0,204.0
788,Switzerland,1.5,6.0,0.08,0.04,34.73337159902514,9.0,78.50000056267359,915.0,30.0,7.0,30.0,AWW,106.0,61.0,186.0
789,Switzerland,1.5,6.0,0.08,0.04,46.31583922388692,25.0,47.50000062651478,28.0,80.0,423.0,46.31583922388692,ICU,104.0,61.0,178.0
790,Switzerland,1.5,6.0,0.08,0.04,96.45631666695188,2234.0,64.5000003841454,165.0,69.0,296.0,64.5000003841454,HARISS,102.0,50.0,190.0
791,Switzerland,1.5,6.0,0.08,0.04,72.17101755531615,467.0,71.50000079363186,440.0,71.0,399.0,71.0,AWW,84.0,58.0,185.0
792,Switzerland,1.5,6.0,0.08,0.04,67.53409969541761,609.0,64.50000039362776,453.0,55.0,126.0,55.0,AWW,84.0,45.0,198.0
793,Switzerland,1.5,6.0,0.08,0.04,94.0140322018465,2136.0,64.50000062119005,170.0,53.0,45.0,53.0,AWW,113.0,45.0,175.0
794,Switzerland,1.5,6.0,0.08,0.04,81.9663724148002,3189.0,71.5000002475655,1069.0,62.0,387.0,62.0,AWW,117.0,66.0,222.0
795,Switzerland,1.5,6.0,0.08,0.04,89.91498193964381,1018.0,68.50000091795496,108.0,73.0,203.0,68.50000091795496,HARISS,93.0,47.0,164.0
796,Switzerland,1.5,6.0,0.08,0.04,64.92033570596124,788.0,57.50000075461324,373.0,74.0,1923.0,57.50000075461324,HARISS,104.0,57.0,178.0
797,Switzerland,1.5,6.0,0.08,0.04,90.63699600296609,971.0,82.50000098708037,539.0,81.0,441.0,81.0,AWW,92.0,51.0,186.0
798,Switzerland,1.5,6.0,0.08,0.04,60.98948732049316,66.0,82.50000037501997,524.0,62.0,68.0,60.98948732049316,ICU,102.0,47.0,166.0
799,Switzerland,1.5,6.0,0.08,0.04,86.31337444613199,1933.0,75.5000008497338,649.0,74.0,569.0,74.0,AWW,94.0,51.0,187.0
800,Switzerland,1.5,6.0,0.08,0.04,77.66768107734894,1158.0,64.50000017473957,295.0,61.0,199.0,61.0,AWW,109.0,67.0,166.0
801,Switzerland,1.5,6.0,0.08,0.04,50.395268599458674,121.0,57.50000066765834,261.0,59.0,305.0,50.395268599458674,ICU,86.0,66.0,184.0
802,Switzerland,1.5,6.0,0.08,0.04,75.7479242620251,579.0,64.50000068429122,170.0,64.0,162.0,64.0,AWW,109.0,57.0,177.0
803,Switzerland,1.5,6.0,0.08,0.04,73.70967867486888,393.0,78.50000047450663,593.0,22.0,3.0,22.0,AWW,98.0,58.0,172.0
804,Switzerland,1.5,6.0,0.08,0.04,55.459291552009645,459.0,33.50000095144796,38.0,72.0,2634.0,33.50000095144796,HARISS,87.0,63.0,182.0
805,Switzerland,1.5,6.0,0.08,0.04,33.47394968081162,12.0,82.50000010911766,1030.0,81.0,882.0,33.47394968081162,ICU,98.0,49.0,189.0
806,Switzerland,1.5,6.0,0.08,0.04,66.70807973588234,54.0,Inf,NaN,85.0,636.0,66.70807973588234,ICU,86.0,41.0,195.0
807,Switzerland,1.5,6.0,0.08,0.04,70.0659695465189,2222.0,68.50000036733351,1901.0,18.0,11.0,18.0,AWW,88.0,61.0,186.0
808,Switzerland,1.5,6.0,0.08,0.04,74.11923249903997,739.0,78.50000052186432,1120.0,84.0,1924.0,74.11923249903997,ICU,96.0,68.0,169.0
809,Switzerland,1.5,6.0,0.08,0.04,39.578894826553714,23.0,36.50000033664323,18.0,69.0,768.0,36.50000033664323,HARISS,101.0,54.0,195.0
810,Switzerland,1.5,6.0,0.08,0.04,76.13391604260319,1285.0,57.50000060680217,164.0,24.0,0.0,24.0,AWW,87.0,69.0,217.0
811,Switzerland,1.5,6.0,0.08,0.04,72.64716594242667,2516.0,54.5000000376956,384.0,74.0,2869.0,54.5000000376956,HARISS,100.0,62.0,179.0
812,Switzerland,1.5,6.0,0.08,0.04,48.38652732143615,332.0,57.50000098834135,946.0,53.0,536.0,48.38652732143615,ICU,86.0,58.0,189.0
813,Switzerland,1.5,6.0,0.08,0.04,83.75835978163282,1431.0,68.50000008527306,269.0,77.0,752.0,68.50000008527306,HARISS,99.0,58.0,174.0
814,Switzerland,1.5,6.0,0.08,0.04,87.26599146011976,3332.0,68.50000095339402,501.0,63.0,292.0,63.0,AWW,117.0,63.0,187.0
815,Switzerland,1.5,6.0,0.08,0.04,71.43096545306766,408.0,43.50000058393782,24.0,74.0,548.0,43.50000058393782,HARISS,94.0,60.0,180.0
816,Switzerland,1.5,6.0,0.08,0.04,85.57057160097801,1646.0,75.50000083309527,576.0,62.0,132.0,62.0,AWW,113.0,51.0,186.0
817,Switzerland,1.5,6.0,0.08,0.04,94.73429334945851,1588.0,57.500000004922015,63.0,75.0,385.0,57.500000004922015,HARISS,102.0,44.0,160.0
818,Switzerland,1.5,6.0,0.08,0.04,41.36437526339957,259.0,50.500000546853734,615.0,65.0,2445.0,41.36437526339957,ICU,104.0,54.0,171.0
819,Switzerland,1.5,6.0,0.08,0.04,70.50628527102609,360.0,64.50000031106313,203.0,59.0,115.0,59.0,AWW,100.0,63.0,157.0
820,Switzerland,1.5,6.0,0.08,0.04,35.56081633893397,144.0,40.50000004327638,236.0,68.0,3427.0,35.56081633893397,ICU,111.0,49.0,163.0
821,Switzerland,1.5,6.0,0.08,0.04,86.63110618161886,1891.0,78.50000098387943,868.0,76.0,714.0,76.0,AWW,97.0,61.0,189.0
822,Switzerland,1.5,6.0,0.08,0.04,56.26522460718838,221.0,71.5000003162985,1153.0,61.0,363.0,56.26522460718838,ICU,91.0,51.0,185.0
823,Switzerland,1.5,6.0,0.08,0.04,37.80122123311678,115.0,57.500000087795094,1002.0,52.0,582.0,37.80122123311678,ICU,101.0,42.0,173.0
824,Switzerland,1.5,6.0,0.08,0.04,76.62247910238577,505.0,82.50000033215031,966.0,81.0,824.0,76.62247910238577,ICU,91.0,49.0,174.0
825,Switzerland,1.5,6.0,0.08,0.04,76.60586114652315,343.0,78.50000083190059,418.0,65.0,95.0,65.0,AWW,94.0,58.0,170.0
826,Switzerland,1.5,6.0,0.08,0.04,62.120744899949564,551.0,50.500000131119336,145.0,77.0,2830.0,50.500000131119336,HARISS,95.0,70.0,214.0
827,Switzerland,1.5,6.0,0.08,0.04,49.46646557489928,454.0,50.50000032481711,536.0,84.0,16354.0,49.46646557489928,ICU,99.0,74.0,202.0
828,Switzerland,1.5,6.0,0.08,0.04,52.20816504928589,532.0,40.5000001657824,368.0,79.0,1826.0,40.5000001657824,HARISS,104.0,51.0,159.0
829,Switzerland,1.5,6.0,0.08,0.04,73.6331231336266,394.0,Inf,NaN,86.0,1254.0,73.6331231336266,ICU,88.0,63.0,201.0
830,Switzerland,1.5,6.0,0.08,0.04,67.54637351687444,187.0,75.50000085069756,396.0,41.0,16.0,41.0,AWW,107.0,46.0,154.0
831,Switzerland,1.5,6.0,0.08,0.04,67.00242620313648,1080.0,54.500000034379894,280.0,62.0,651.0,54.500000034379894,HARISS,97.0,70.0,187.0
832,Switzerland,1.5,6.0,0.08,0.04,95.68198007761215,1661.0,85.50000005008158,1276.0,57.0,35.0,57.0,AWW,84.0,65.0,167.0
833,Switzerland,1.5,6.0,0.08,0.04,85.47491887687787,1470.0,36.50000012392459,2.0,46.0,10.0,36.50000012392459,HARISS,106.0,59.0,164.0
834,Switzerland,1.5,6.0,0.08,0.04,96.11748748883099,995.0,82.50000042765575,590.0,65.0,99.0,65.0,AWW,88.0,55.0,179.0
835,Switzerland,1.5,6.0,0.08,0.04,83.26663492568426,1672.0,78.50000059166403,1042.0,64.0,248.0,64.0,AWW,87.0,67.0,203.0
836,Switzerland,1.5,6.0,0.08,0.04,52.378940002388944,1294.0,26.500000588888437,115.0,76.0,14180.0,26.500000588888437,HARISS,116.0,72.0,194.0
837,Switzerland,1.5,6.0,0.08,0.04,82.10772302611053,6617.0,61.500000641862826,858.0,73.0,2633.0,61.500000641862826,HARISS,94.0,58.0,180.0
838,Switzerland,1.5,6.0,0.08,0.04,61.26489345690783,666.0,29.500000593007197,14.0,80.0,4156.0,29.500000593007197,HARISS,102.0,79.0,160.0
839,Switzerland,1.5,6.0,0.08,0.04,57.692222275822175,110.0,75.50000012228159,884.0,64.0,244.0,57.692222275822175,ICU,110.0,57.0,186.0
840,Switzerland,1.5,6.0,0.08,0.04,81.85123276196843,1545.0,75.50000005331376,773.0,73.0,665.0,73.0,AWW,93.0,65.0,177.0
841,Switzerland,1.5,6.0,0.08,0.04,44.76976458430747,520.0,43.50000020632656,476.0,23.0,32.0,23.0,AWW,93.0,64.0,192.0
842,Switzerland,1.5,6.0,0.08,0.04,60.657800206837415,168.0,71.5000006249767,413.0,55.0,87.0,55.0,AWW,96.0,58.0,161.0
843,Switzerland,1.5,6.0,0.08,0.04,79.54363038599399,571.0,82.50000097656601,846.0,76.0,411.0,76.0,AWW,98.0,71.0,158.0
844,Switzerland,1.5,6.0,0.08,0.04,92.28566783787728,1001.0,75.50000074917028,273.0,67.0,76.0,67.0,AWW,88.0,69.0,198.0
845,Switzerland,1.5,6.0,0.08,0.04,86.80749791909206,2632.0,78.50000001650291,1094.0,73.0,542.0,73.0,AWW,121.0,55.0,164.0
846,Switzerland,1.5,6.0,0.08,0.04,94.66001142287479,3398.0,75.50000076833858,959.0,71.0,600.0,71.0,AWW,85.0,54.0,195.0
847,Switzerland,1.5,6.0,0.08,0.04,93.9280220934024,2048.0,85.50000027257781,1564.0,71.0,358.0,71.0,AWW,99.0,54.0,196.0
848,Switzerland,1.5,6.0,0.08,0.04,65.38335990827827,367.0,61.5000006661356,256.0,77.0,1349.0,61.5000006661356,HARISS,96.0,54.0,176.0
849,Switzerland,1.5,6.0,0.08,0.04,66.58520632228934,845.0,71.50000016786129,1473.0,67.0,887.0,66.58520632228934,ICU,84.0,56.0,200.0
850,Switzerland,1.5,6.0,0.08,0.04,61.2191166246529,1201.0,61.50000046495088,1249.0,67.0,2244.0,61.2191166246529,ICU,96.0,57.0,200.0
851,Switzerland,1.5,6.0,0.08,0.04,65.84173670175389,787.0,50.50000094651931,153.0,77.0,2416.0,50.50000094651931,HARISS,111.0,67.0,198.0
852,Switzerland,1.5,6.0,0.08,0.04,31.53481355657531,5.0,Inf,NaN,69.0,101.0,31.53481355657531,ICU,77.0,70.0,173.0
853,Switzerland,1.5,6.0,0.08,0.04,98.37015787590296,1298.0,15.50000026557632,0.0,78.0,442.0,15.50000026557632,HARISS,92.0,59.0,209.0
854,Switzerland,1.5,6.0,0.08,0.04,89.62840738070794,1699.0,85.50000076084581,1306.0,85.0,1258.0,85.0,AWW,101.0,53.0,184.0
855,Switzerland,1.5,6.0,0.08,0.04,62.00527874994117,619.0,64.50000003636082,754.0,Inf,NaN,62.00527874994117,ICU,95.0,60.0,153.0
856,Switzerland,1.5,6.0,0.08,0.04,96.39244679060022,1263.0,71.50000075728649,218.0,85.0,951.0,71.50000075728649,HARISS,98.0,61.0,190.0
857,Switzerland,1.5,6.0,0.08,0.04,70.46676311303963,1172.0,61.500000157161175,514.0,78.0,2570.0,61.500000157161175,HARISS,75.0,63.0,149.0
858,Switzerland,1.5,6.0,0.08,0.04,75.75603741603338,946.0,82.50000018809656,1945.0,78.0,1251.0,75.75603741603338,ICU,111.0,57.0,198.0
859,Switzerland,1.5,6.0,0.08,0.04,77.40366325461648,1613.0,64.50000044505724,384.0,88.0,4854.0,64.50000044505724,HARISS,103.0,55.0,184.0
860,Switzerland,1.5,6.0,0.08,0.04,60.379757349777805,389.0,22.500000956292933,10.0,55.0,225.0,22.500000956292933,HARISS,103.0,51.0,207.0
861,Switzerland,1.5,6.0,0.08,0.04,34.00549970780594,1.0,78.50000089452757,402.0,87.0,930.0,34.00549970780594,ICU,86.0,59.0,184.0
862,Switzerland,1.5,6.0,0.08,0.04,78.26040289227812,255.0,71.50000050597204,114.0,54.0,9.0,54.0,AWW,82.0,57.0,176.0
863,Switzerland,1.5,6.0,0.08,0.04,86.17515497325819,3748.0,50.50000023363015,129.0,83.0,2789.0,50.50000023363015,HARISS,122.0,46.0,159.0
864,Switzerland,1.5,6.0,0.08,0.04,52.544985624070165,32.0,71.5000006491128,269.0,57.0,56.0,52.544985624070165,ICU,100.0,54.0,181.0
865,Switzerland,1.5,6.0,0.08,0.04,92.21657281369133,3395.0,82.5000008557127,2026.0,52.0,101.0,52.0,AWW,92.0,71.0,192.0
866,Switzerland,1.5,6.0,0.08,0.04,84.40063026989775,1632.0,64.50000086678065,189.0,83.0,1366.0,64.50000086678065,HARISS,98.0,45.0,176.0
867,Switzerland,1.5,6.0,0.08,0.04,88.44222052650998,2544.0,57.5000008803272,75.0,73.0,446.0,57.5000008803272,HARISS,89.0,47.0,164.0
868,Switzerland,1.5,6.0,0.08,0.04,74.62282952080974,407.0,75.50000009629149,466.0,75.0,432.0,74.62282952080974,ICU,107.0,44.0,167.0
869,Switzerland,1.5,6.0,0.08,0.04,67.97528764414645,786.0,61.50000056547012,415.0,71.0,1028.0,61.50000056547012,HARISS,93.0,60.0,181.0
870,Switzerland,1.5,6.0,0.08,0.04,66.61654214337113,837.0,57.50000070115941,337.0,76.0,2270.0,57.50000070115941,HARISS,103.0,56.0,192.0
871,Switzerland,1.5,6.0,0.08,0.04,81.7628205636051,689.0,78.50000015954954,514.0,57.0,35.0,57.0,AWW,87.0,66.0,197.0
872,Switzerland,1.5,6.0,0.08,0.04,82.96165359424916,1856.0,22.500000437769362,3.0,70.0,566.0,22.500000437769362,HARISS,94.0,45.0,193.0
873,Switzerland,1.5,6.0,0.08,0.04,55.34140722755044,246.0,75.50000073883895,2093.0,37.0,58.0,37.0,AWW,101.0,52.0,197.0
874,Switzerland,1.5,6.0,0.08,0.04,80.54546821530438,1988.0,71.50000029048648,724.0,72.0,779.0,71.50000029048648,HARISS,96.0,76.0,205.0
875,Switzerland,1.5,6.0,0.08,0.04,83.85423712455245,764.0,82.5000000329637,661.0,77.0,385.0,77.0,AWW,115.0,58.0,163.0
876,Switzerland,1.5,6.0,0.08,0.04,72.55161359555866,1142.0,61.500000737391105,348.0,89.0,5206.0,61.500000737391105,HARISS,103.0,56.0,186.0
877,Switzerland,1.5,6.0,0.08,0.04,63.320984207418725,246.0,29.500000384320508,7.0,31.0,12.0,29.500000384320508,HARISS,83.0,65.0,203.0
878,Switzerland,1.5,6.0,0.08,0.04,59.40760127457142,617.0,54.5000006101085,364.0,63.0,892.0,54.5000006101085,HARISS,94.0,51.0,170.0
879,Switzerland,1.5,6.0,0.08,0.04,28.358721155217964,54.0,36.50000016473426,97.0,68.0,2726.0,28.358721155217964,ICU,97.0,49.0,164.0
880,Switzerland,1.5,6.0,0.08,0.04,56.95051973497921,4.0,Inf,NaN,58.0,5.0,56.95051973497921,ICU,88.0,47.0,182.0
881,Switzerland,1.5,6.0,0.08,0.04,67.594394474786,726.0,75.50000027933007,1845.0,82.0,3567.0,67.594394474786,ICU,100.0,51.0,186.0
882,Switzerland,1.5,6.0,0.08,0.04,83.00113072063974,3583.0,64.50000066199628,469.0,83.0,3583.0,64.50000066199628,HARISS,117.0,57.0,177.0
883,Switzerland,1.5,6.0,0.08,0.04,35.95667199651143,6.0,71.5000004725872,328.0,78.0,702.0,35.95667199651143,ICU,95.0,62.0,183.0
884,Switzerland,1.5,6.0,0.08,0.04,82.38334787228725,2914.0,57.50000038626918,216.0,57.0,201.0,57.0,AWW,107.0,60.0,185.0
885,Switzerland,1.5,6.0,0.08,0.04,68.11745773590282,1825.0,61.50000011600737,897.0,86.0,11370.0,61.50000011600737,HARISS,114.0,50.0,183.0
886,Switzerland,1.5,6.0,0.08,0.04,82.18674331685934,917.0,75.50000057128182,419.0,81.0,823.0,75.50000057128182,HARISS,87.0,58.0,182.0
887,Switzerland,1.5,6.0,0.08,0.04,86.08257651390646,1992.0,64.50000053757873,174.0,87.0,2184.0,64.50000053757873,HARISS,91.0,58.0,149.0
888,Switzerland,1.5,6.0,0.08,0.04,52.40185919319912,145.0,61.5000007130123,371.0,61.0,332.0,52.40185919319912,ICU,89.0,64.0,193.0
889,Switzerland,1.5,6.0,0.08,0.04,78.06287139284024,2088.0,61.50000066572156,328.0,77.0,1905.0,61.50000066572156,HARISS,104.0,60.0,167.0
890,Switzerland,1.5,6.0,0.08,0.04,94.65622479149415,4933.0,71.50000087895387,886.0,42.0,26.0,42.0,AWW,111.0,43.0,201.0
891,Switzerland,1.5,6.0,0.08,0.04,79.3323232720258,918.0,71.50000029743404,333.0,83.0,1437.0,71.50000029743404,HARISS,95.0,47.0,202.0
892,Switzerland,1.5,6.0,0.08,0.04,64.68291775908234,513.0,50.50000079153197,131.0,68.0,754.0,50.50000079153197,HARISS,90.0,43.0,170.0
893,Switzerland,1.5,6.0,0.08,0.04,83.89481896134087,7774.0,61.500000373565136,644.0,85.0,8779.0,61.500000373565136,HARISS,100.0,70.0,160.0
894,Switzerland,1.5,6.0,0.08,0.04,82.52406418809746,435.0,75.50000042383076,186.0,78.0,267.0,75.50000042383076,HARISS,93.0,52.0,159.0
895,Switzerland,1.5,6.0,0.08,0.04,74.72797058262552,304.0,75.50000014386961,326.0,61.0,59.0,61.0,AWW,97.0,57.0,163.0
896,Switzerland,1.5,6.0,0.08,0.04,80.64488711840433,2228.0,40.50000054535154,19.0,81.0,2303.0,40.50000054535154,HARISS,100.0,50.0,179.0
897,Switzerland,1.5,6.0,0.08,0.04,56.32332654542787,677.0,57.50000076543027,777.0,72.0,3518.0,56.32332654542787,ICU,118.0,60.0,169.0
898,Switzerland,1.5,6.0,0.08,0.04,92.12682268769501,924.0,78.50000094081575,328.0,80.0,414.0,78.50000094081575,HARISS,101.0,59.0,170.0
899,Switzerland,1.5,6.0,0.08,0.04,83.56741425315239,3776.0,47.50000091377347,88.0,47.0,85.0,47.0,AWW,92.0,50.0,197.0
900,Switzerland,1.5,6.0,0.08,0.04,83.23173297048163,3569.0,75.50000043331661,1509.0,81.0,2774.0,75.50000043331661,HARISS,98.0,54.0,170.0
901,Switzerland,1.5,6.0,0.08,0.04,68.86941899079521,652.0,78.50000058814405,2038.0,67.0,535.0,67.0,AWW,110.0,48.0,203.0
902,Switzerland,1.5,6.0,0.08,0.04,81.66842130019167,912.0,85.50000093691438,1409.0,76.0,486.0,76.0,AWW,93.0,73.0,167.0
903,Switzerland,1.5,6.0,0.08,0.04,90.4597667091214,1220.0,82.50000027229294,663.0,74.0,252.0,74.0,AWW,101.0,56.0,200.0
904,Switzerland,1.5,6.0,0.08,0.04,68.48592522212037,217.0,85.50000015828037,1123.0,61.0,117.0,61.0,AWW,109.0,56.0,194.0
905,Switzerland,1.5,6.0,0.08,0.04,75.35689143749366,1108.0,47.5000006546093,39.0,73.0,866.0,47.5000006546093,HARISS,106.0,58.0,176.0
906,Switzerland,1.5,6.0,0.08,0.04,76.21958767072526,1184.0,78.50000042483471,1537.0,51.0,58.0,51.0,AWW,115.0,56.0,180.0
907,Switzerland,1.5,6.0,0.08,0.04,30.808906583099002,60.0,78.500000783539,782.0,67.0,294.0,30.808906583099002,ICU,93.0,55.0,184.0
908,Switzerland,1.5,6.0,0.08,0.04,95.14824386734414,2674.0,71.50000000503113,508.0,60.0,141.0,60.0,AWW,115.0,62.0,184.0
909,Switzerland,1.5,6.0,0.08,0.04,44.7614271002267,39.0,29.500000557688416,5.0,80.0,2477.0,29.500000557688416,HARISS,91.0,56.0,160.0
910,Switzerland,1.5,6.0,0.08,0.04,85.83930978834002,802.0,78.50000091170249,332.0,67.0,65.0,67.0,AWW,92.0,54.0,160.0
911,Switzerland,1.5,6.0,0.08,0.04,63.02010678174378,847.0,75.5000005616024,2871.0,73.0,2207.0,63.02010678174378,ICU,90.0,68.0,185.0
912,Switzerland,1.5,6.0,0.08,0.04,45.440239082028704,54.0,43.50000094601765,54.0,66.0,160.0,43.50000094601765,HARISS,102.0,51.0,191.0
913,Switzerland,1.5,6.0,0.08,0.04,78.05808393982844,1376.0,68.50000033631137,476.0,78.0,1362.0,68.50000033631137,HARISS,89.0,53.0,180.0
914,Switzerland,1.5,6.0,0.08,0.04,68.612253274329,1340.0,71.50000041080507,1820.0,70.0,1558.0,68.612253274329,ICU,92.0,48.0,181.0
915,Switzerland,1.5,6.0,0.08,0.04,66.14973348460501,244.0,68.50000042411598,284.0,69.0,293.0,66.14973348460501,ICU,93.0,68.0,182.0
916,Switzerland,1.5,6.0,0.08,0.04,48.360282413496655,135.0,54.500000633500115,254.0,75.0,1934.0,48.360282413496655,ICU,93.0,50.0,183.0
917,Switzerland,1.5,6.0,0.08,0.04,68.41468998825056,494.0,64.50000000068863,309.0,78.0,1274.0,64.50000000068863,HARISS,86.0,67.0,185.0
918,Switzerland,1.5,6.0,0.08,0.04,82.31584294693728,737.0,Inf,NaN,72.0,279.0,72.0,AWW,103.0,56.0,200.0
919,Switzerland,1.5,6.0,0.08,0.04,95.0892935730014,641.0,75.50000017749491,159.0,67.0,64.0,67.0,AWW,92.0,47.0,174.0
920,Switzerland,1.5,6.0,0.08,0.04,94.81922806027411,2319.0,78.50000097884539,907.0,74.0,576.0,74.0,AWW,98.0,59.0,195.0
921,Switzerland,1.5,6.0,0.08,0.04,93.26003263655728,3710.0,54.500000711913955,78.0,59.0,149.0,54.500000711913955,HARISS,111.0,57.0,198.0
922,Switzerland,1.5,6.0,0.08,0.04,74.60282119476508,704.0,57.50000020540176,201.0,79.0,1038.0,57.50000020540176,HARISS,89.0,42.0,175.0
923,Switzerland,1.5,6.0,0.08,0.04,83.27054405880365,1869.0,57.50000000845012,123.0,Inf,NaN,57.50000000845012,HARISS,83.0,66.0,185.0
924,Switzerland,1.5,6.0,0.08,0.04,90.6591732515818,2102.0,78.50000033927132,825.0,65.0,171.0,65.0,AWW,86.0,58.0,172.0
925,Switzerland,1.5,6.0,0.08,0.04,97.22547070377038,2817.0,61.50000027807961,248.0,34.0,55.0,34.0,AWW,104.0,62.0,190.0
926,Switzerland,1.5,6.0,0.08,0.04,58.72310524464991,169.0,78.50000070718579,1418.0,83.0,2352.0,58.72310524464991,ICU,107.0,50.0,185.0
927,Switzerland,1.5,6.0,0.08,0.04,78.75463898557612,1106.0,47.50000089527888,33.0,69.0,374.0,47.50000089527888,HARISS,94.0,52.0,179.0
928,Switzerland,1.5,6.0,0.08,0.04,68.68797377122941,1238.0,40.50000035061852,64.0,77.0,2864.0,40.50000035061852,HARISS,101.0,78.0,186.0
929,Switzerland,1.5,6.0,0.08,0.04,67.37207246942947,1023.0,64.50000094359343,760.0,82.0,4637.0,64.50000094359343,HARISS,96.0,67.0,180.0
930,Switzerland,1.5,6.0,0.08,0.04,90.32872358015314,2056.0,64.50000052699124,246.0,79.0,886.0,64.50000052699124,HARISS,97.0,47.0,201.0
931,Switzerland,1.5,6.0,0.08,0.04,40.6151254793076,111.0,61.500000172370484,1083.0,79.0,5918.0,40.6151254793076,ICU,103.0,64.0,169.0
932,Switzerland,1.5,6.0,0.08,0.04,60.71213452987625,159.0,82.50000047717866,1207.0,88.0,2130.0,60.71213452987625,ICU,107.0,73.0,187.0
933,Switzerland,1.5,6.0,0.08,0.04,69.39128130131468,1477.0,54.50000074870285,314.0,26.0,6.0,26.0,AWW,98.0,69.0,192.0
934,Switzerland,1.5,6.0,0.08,0.04,25.882463515166634,15.0,29.50000027164852,16.0,79.0,775.0,25.882463515166634,ICU,88.0,46.0,180.0
935,Switzerland,1.5,6.0,0.08,0.04,76.59843627241305,1067.0,75.50000096665995,951.0,64.0,276.0,64.0,AWW,103.0,48.0,178.0
936,Switzerland,1.5,6.0,0.08,0.04,95.80654806655949,1359.0,82.50000040909514,761.0,29.0,0.0,29.0,AWW,97.0,61.0,180.0
937,Switzerland,1.5,6.0,0.08,0.04,72.67278971228171,147.0,Inf,NaN,74.0,167.0,72.67278971228171,ICU,88.0,51.0,178.0
938,Switzerland,1.5,6.0,0.08,0.04,70.50495211261081,930.0,64.50000093711458,529.0,65.0,555.0,64.50000093711458,HARISS,99.0,54.0,176.0
939,Switzerland,1.5,6.0,0.08,0.04,26.56768354650587,5.0,61.50000001862621,427.0,62.0,453.0,26.56768354650587,ICU,89.0,61.0,188.0
940,Switzerland,1.5,6.0,0.08,0.04,54.65416635458837,677.0,47.50000081572568,315.0,89.0,18287.0,47.50000081572568,HARISS,105.0,70.0,180.0
941,Switzerland,1.5,6.0,0.08,0.04,90.39218725022279,1634.0,Inf,NaN,76.0,546.0,76.0,AWW,90.0,63.0,196.0
942,Switzerland,1.5,6.0,0.08,0.04,73.10373328362476,1095.0,68.50000041277224,695.0,58.0,269.0,58.0,AWW,82.0,61.0,173.0
943,Switzerland,1.5,6.0,0.08,0.04,58.9751353409161,269.0,47.50000002129423,71.0,86.0,5582.0,47.50000002129423,HARISS,103.0,61.0,175.0
944,Switzerland,1.5,6.0,0.08,0.04,81.3987705073364,1156.0,82.50000019999568,1328.0,73.0,465.0,73.0,AWW,102.0,45.0,157.0
945,Switzerland,1.5,6.0,0.08,0.04,76.8745789807322,854.0,68.50000013928312,346.0,74.0,645.0,68.50000013928312,HARISS,106.0,61.0,189.0
946,Switzerland,1.5,6.0,0.08,0.04,95.03998271490066,1225.0,68.50000079489699,185.0,78.0,421.0,68.50000079489699,HARISS,106.0,42.0,194.0
947,Switzerland,1.5,6.0,0.08,0.04,32.30462434373343,173.0,22.500000978188904,45.0,81.0,24274.0,22.500000978188904,HARISS,94.0,60.0,165.0
948,Switzerland,1.5,6.0,0.08,0.04,52.96451158845841,65.0,71.50000043487034,444.0,81.0,1301.0,52.96451158845841,ICU,77.0,49.0,182.0
949,Switzerland,1.5,6.0,0.08,0.04,32.002212419901,20.0,54.50000074233136,386.0,49.0,219.0,32.002212419901,ICU,104.0,64.0,199.0
950,Switzerland,1.5,6.0,0.08,0.04,80.6740442354541,1691.0,78.50000042012184,1321.0,81.0,1748.0,78.50000042012184,HARISS,106.0,55.0,174.0
951,Switzerland,1.5,6.0,0.08,0.04,49.10630661647904,297.0,57.500000829401856,730.0,88.0,18184.0,49.10630661647904,ICU,99.0,73.0,164.0
952,Switzerland,1.5,6.0,0.08,0.04,82.5430837843389,546.0,Inf,NaN,70.0,132.0,70.0,AWW,105.0,55.0,159.0
953,Switzerland,1.5,6.0,0.08,0.04,70.26152852544584,927.0,54.50000049713801,217.0,16.0,3.0,16.0,AWW,93.0,50.0,178.0
954,Switzerland,1.5,6.0,0.08,0.04,56.34331968418565,81.0,47.500000659277084,40.0,57.0,86.0,47.500000659277084,HARISS,91.0,49.0,198.0
955,Switzerland,1.5,6.0,0.08,0.04,82.18566763344731,987.0,68.50000084692256,211.0,83.0,1051.0,68.50000084692256,HARISS,104.0,67.0,184.0
956,Switzerland,1.5,6.0,0.08,0.04,64.0544212647358,695.0,61.50000083863904,520.0,44.0,114.0,44.0,AWW,79.0,46.0,186.0
957,Switzerland,1.5,6.0,0.08,0.04,95.74318184873593,1092.0,54.50000034039313,66.0,80.0,451.0,54.50000034039313,HARISS,95.0,60.0,205.0
958,Switzerland,1.5,6.0,0.08,0.04,65.37933629039651,574.0,36.50000081470719,35.0,58.0,240.0,36.50000081470719,HARISS,96.0,49.0,207.0
959,Switzerland,1.5,6.0,0.08,0.04,67.75277006470421,59.0,43.50000063711834,5.0,58.0,13.0,43.50000063711834,HARISS,100.0,58.0,182.0
960,Switzerland,1.5,6.0,0.08,0.04,95.78894347022411,1099.0,85.50000086125917,898.0,79.0,497.0,79.0,AWW,96.0,75.0,168.0
961,Switzerland,1.5,6.0,0.08,0.04,79.47821330817034,2300.0,43.50000021949633,48.0,79.0,2195.0,43.50000021949633,HARISS,95.0,49.0,183.0
962,Switzerland,1.5,6.0,0.08,0.04,93.65051010875307,617.0,82.5000006149951,347.0,65.0,52.0,65.0,AWW,94.0,55.0,183.0
963,Switzerland,1.5,6.0,0.08,0.04,90.35019137758398,2570.0,64.5000008362297,268.0,77.0,891.0,64.5000008362297,HARISS,104.0,45.0,157.0
964,Switzerland,1.5,6.0,0.08,0.04,89.32817488936233,2257.0,64.50000056145372,213.0,73.0,520.0,64.50000056145372,HARISS,105.0,55.0,183.0
965,Switzerland,1.5,6.0,0.08,0.04,82.15691252803624,2846.0,78.50000042245722,1968.0,68.0,707.0,68.0,AWW,90.0,61.0,191.0
966,Switzerland,1.5,6.0,0.08,0.04,74.60963029607422,291.0,75.50000057545735,321.0,56.0,26.0,56.0,AWW,87.0,73.0,170.0
967,Switzerland,1.5,6.0,0.08,0.04,75.93087397922118,489.0,85.50000094598977,1505.0,60.0,84.0,60.0,AWW,103.0,56.0,190.0
968,Switzerland,1.5,6.0,0.08,0.04,91.7783310494135,937.0,68.50000090067932,133.0,82.0,482.0,68.50000090067932,HARISS,95.0,65.0,179.0
969,Switzerland,1.5,6.0,0.08,0.04,88.6348736291583,1931.0,82.50000095538388,1132.0,64.0,142.0,64.0,AWW,94.0,47.0,186.0
970,Switzerland,1.5,6.0,0.08,0.04,54.840917187610984,42.0,61.5000000940108,98.0,79.0,834.0,54.840917187610984,ICU,108.0,55.0,167.0
971,Switzerland,1.5,6.0,0.08,0.04,58.574461187025165,184.0,78.50000044311336,1554.0,79.0,1662.0,58.574461187025165,ICU,88.0,58.0,184.0
972,Switzerland,1.5,6.0,0.08,0.04,90.00827312016463,2318.0,85.50000095211934,1788.0,68.0,241.0,68.0,AWW,80.0,56.0,180.0
973,Switzerland,1.5,6.0,0.08,0.04,90.55374020233826,765.0,64.50000007981289,71.0,70.0,119.0,64.50000007981289,HARISS,86.0,60.0,157.0
974,Switzerland,1.5,6.0,0.08,0.04,82.85705644117483,938.0,75.50000024809782,473.0,76.0,492.0,75.50000024809782,HARISS,103.0,58.0,165.0
975,Switzerland,1.5,6.0,0.08,0.04,77.97147430424505,3691.0,54.50000032080046,423.0,69.0,1693.0,54.50000032080046,HARISS,95.0,53.0,164.0
976,Switzerland,1.5,6.0,0.08,0.04,83.62582106874119,1090.0,43.500000670306264,8.0,77.0,617.0,43.500000670306264,HARISS,82.0,43.0,174.0
977,Switzerland,1.5,6.0,0.08,0.04,67.59575440178658,1069.0,54.50000011523491,309.0,40.0,64.0,40.0,AWW,88.0,50.0,177.0
978,Switzerland,1.5,6.0,0.08,0.04,73.94908421853756,1306.0,68.5000005400269,723.0,37.0,39.0,37.0,AWW,106.0,52.0,171.0
979,Switzerland,1.5,6.0,0.08,0.04,88.86798778120776,3216.0,68.50000096845373,487.0,84.0,2199.0,68.50000096845373,HARISS,102.0,56.0,177.0
980,Switzerland,1.5,6.0,0.08,0.04,65.81428259084117,1557.0,71.5000003949893,2610.0,32.0,58.0,32.0,AWW,100.0,66.0,174.0
981,Switzerland,1.5,6.0,0.08,0.04,80.80925788039048,1928.0,75.50000072726938,1094.0,73.0,884.0,73.0,AWW,81.0,57.0,214.0
982,Switzerland,1.5,6.0,0.08,0.04,54.38990514752225,112.0,68.50000047739633,496.0,42.0,21.0,42.0,AWW,100.0,61.0,182.0
983,Switzerland,1.5,6.0,0.08,0.04,65.00486944430943,494.0,68.50000012166116,676.0,84.0,2204.0,65.00486944430943,ICU,103.0,72.0,167.0
984,Switzerland,1.5,6.0,0.08,0.04,70.84269651723012,800.0,68.5000008256968,624.0,77.0,1509.0,68.5000008256968,HARISS,99.0,61.0,166.0
985,Switzerland,1.5,6.0,0.08,0.04,93.75169640576269,1610.0,64.5000003051925,102.0,75.0,352.0,64.5000003051925,HARISS,103.0,43.0,197.0
986,Switzerland,1.5,6.0,0.08,0.04,59.498684027751366,774.0,61.50000045929914,934.0,53.0,412.0,53.0,AWW,106.0,64.0,159.0
987,Switzerland,1.5,6.0,0.08,0.04,90.90847092500753,847.0,78.5000008011659,285.0,77.0,248.0,77.0,AWW,90.0,55.0,190.0
988,Switzerland,1.5,6.0,0.08,0.04,92.26385267246681,3258.0,85.50000046627834,2563.0,67.0,399.0,67.0,AWW,83.0,60.0,187.0
989,Switzerland,1.5,6.0,0.08,0.04,45.55340771792865,23.0,75.50000048492302,613.0,77.0,767.0,45.55340771792865,ICU,111.0,76.0,199.0
990,Switzerland,1.5,6.0,0.08,0.04,73.55708177122858,966.0,64.5000007518075,409.0,62.0,300.0,62.0,AWW,126.0,68.0,194.0
991,Switzerland,1.5,6.0,0.08,0.04,30.648588263800438,7.0,78.50000081334055,454.0,71.0,195.0,30.648588263800438,ICU,104.0,62.0,191.0
992,Switzerland,1.5,6.0,0.08,0.04,75.66689921918915,683.0,71.5000005655175,417.0,67.0,258.0,67.0,AWW,92.0,77.0,180.0
993,Switzerland,1.5,6.0,0.08,0.04,74.48597915051553,2742.0,61.50000071806971,705.0,67.0,1235.0,61.50000071806971,HARISS,88.0,70.0,169.0
994,Switzerland,1.5,6.0,0.08,0.04,66.116163924134,607.0,68.50000033187774,756.0,53.0,124.0,53.0,AWW,89.0,51.0,193.0
995,Switzerland,1.5,6.0,0.08,0.04,64.76002195979241,428.0,71.50000056040611,850.0,58.0,221.0,58.0,AWW,109.0,43.0,165.0
996,Switzerland,1.5,6.0,0.08,0.04,49.78155214774793,6.0,78.5000009482161,360.0,69.0,106.0,49.78155214774793,ICU,90.0,54.0,175.0
997,Switzerland,1.5,6.0,0.08,0.04,76.95007110859521,2086.0,61.50000056270862,430.0,6.0,1.0,6.0,AWW,101.0,50.0,169.0
998,Switzerland,1.5,6.0,0.08,0.04,86.86683132758613,3292.0,75.50000081764314,977.0,53.0,97.0,53.0,AWW,119.0,60.0,169.0
999,Switzerland,1.5,6.0,0.08,0.04,95.5630170186026,1183.0,Inf,NaN,59.0,38.0,59.0,AWW,111.0,61.0,179.0
1000,Switzerland,1.5,6.0,0.08,0.04,94.89420454393802,2280.0,75.50000073950605,712.0,59.0,102.0,59.0,AWW,91.0,62.0,163.0
