sample_id,country,R0,gen_time,p_det,false_positive_rate,icu_detection_time,icu_local_cases,hariss_detection_time,hariss_local_cases,aww_ctt1_detection_time,aww_ctt1_local_cases,aww_ctt2_detection_time,aww_ctt2_local_cases,earliest_detection_time_ctt1,earliest_surveillance_type_ctt1,earliest_detection_time_ctt2,earliest_surveillance_type_ctt2,total_latent,total_infectious,total_detectable
1,Switzerland,2.0,4.0,0.08,0.04,36.82347648701861,42.0,57.500000843260004,3987.0,26.0,5.0,30.0,13.0,26.0,AWW,30.0,AWW,5071.0,4764.0,10549.0
2,Switzerland,2.0,4.0,0.08,0.04,45.762444419234335,590.0,43.500000056609494,346.0,19.0,0.0,27.0,5.0,19.0,AWW,27.0,AWW,5206.0,4718.0,10655.0
3,Switzerland,2.0,4.0,0.08,0.04,54.2415569852359,3209.0,47.50000039877123,766.0,21.0,2.0,37.0,80.0,21.0,AWW,37.0,AWW,5192.0,4789.0,10695.0
4,Switzerland,2.0,4.0,0.08,0.04,39.88538864162253,682.0,36.500000059426704,318.0,27.0,24.0,27.0,24.0,27.0,AWW,27.0,AWW,5093.0,4860.0,10800.0
5,Switzerland,2.0,4.0,0.08,0.04,43.33878165236993,621.0,43.50000048516864,643.0,27.0,19.0,30.0,36.0,27.0,AWW,30.0,AWW,5181.0,4825.0,10457.0
6,Switzerland,2.0,4.0,0.08,0.04,53.47275509163624,3032.0,40.50000041037641,142.0,21.0,15.0,34.0,48.0,21.0,AWW,34.0,AWW,5012.0,4797.0,10519.0
7,Switzerland,2.0,4.0,0.08,0.04,48.583718012860174,2465.0,47.50000017418954,1904.0,21.0,7.0,36.0,154.0,21.0,AWW,36.0,AWW,5285.0,4629.0,10500.0
8,Switzerland,2.0,4.0,0.08,0.04,59.673618343029766,3052.0,61.50000059130059,4551.0,31.0,6.0,32.0,10.0,31.0,AWW,32.0,AWW,5052.0,4810.0,10741.0
9,Switzerland,2.0,4.0,0.08,0.04,35.71419685619977,476.0,40.50000013371416,1400.0,26.0,35.0,27.0,49.0,26.0,AWW,27.0,AWW,4992.0,4836.0,10788.0
10,Switzerland,2.0,4.0,0.08,0.04,47.95473437137569,1871.0,40.50000059522656,379.0,9.0,0.0,29.0,38.0,9.0,AWW,29.0,AWW,5174.0,4706.0,10715.0
11,Switzerland,2.0,4.0,0.08,0.04,59.77883027749493,952.0,61.50000015198883,1372.0,20.0,6.0,35.0,14.0,20.0,AWW,35.0,AWW,5087.0,4896.0,10627.0
12,Switzerland,2.0,4.0,0.08,0.04,43.72356467404705,1122.0,40.50000021930411,572.0,26.0,35.0,30.0,73.0,26.0,AWW,30.0,AWW,5096.0,4821.0,10725.0
13,Switzerland,2.0,4.0,0.08,0.04,47.83555079467872,4568.0,36.500000948840785,404.0,27.0,78.0,33.0,197.0,27.0,AWW,33.0,AWW,5004.0,4899.0,10776.0
14,Switzerland,2.0,4.0,0.08,0.04,36.16317943869977,116.0,40.50000016105424,185.0,22.0,64.0,33.0,98.0,22.0,AWW,33.0,AWW,5122.0,4778.0,10683.0
15,Switzerland,2.0,4.0,0.08,0.04,52.543353450184014,2148.0,36.50000063170538,67.0,21.0,2.0,24.0,8.0,21.0,AWW,24.0,AWW,5031.0,4746.0,10678.0
16,Switzerland,2.0,4.0,0.08,0.04,52.25573878627001,1850.0,50.50000046847555,1223.0,26.0,5.0,27.0,5.0,26.0,AWW,27.0,AWW,5084.0,4756.0,10728.0
17,Switzerland,2.0,4.0,0.08,0.04,32.5115301781978,64.0,47.50000095869556,1875.0,35.0,112.0,36.0,138.0,32.5115301781978,ICU,32.5115301781978,ICU,5098.0,4720.0,10680.0
18,Switzerland,2.0,4.0,0.08,0.04,49.081771548887446,2218.0,47.500000839511415,1550.0,31.0,47.0,36.0,147.0,31.0,AWW,36.0,AWW,5085.0,4826.0,10672.0
19,Switzerland,2.0,4.0,0.08,0.04,49.44924834860661,2789.0,50.500000184564065,3569.0,15.0,5.0,28.0,34.0,15.0,AWW,28.0,AWW,5181.0,4886.0,10591.0
20,Switzerland,2.0,4.0,0.08,0.04,35.308465506833755,445.0,29.50000042987558,89.0,28.0,73.0,37.0,633.0,28.0,AWW,29.50000042987558,HARISS,5051.0,4870.0,10761.0
21,Switzerland,2.0,4.0,0.08,0.04,35.37225524209863,615.0,47.500000538037455,8068.0,23.0,33.0,35.0,545.0,23.0,AWW,35.0,AWW,4986.0,4772.0,10648.0
22,Switzerland,2.0,4.0,0.08,0.04,58.35438068073825,3064.0,54.50000048646958,1253.0,17.0,0.0,17.0,0.0,17.0,AWW,17.0,AWW,5219.0,4738.0,10558.0
23,Switzerland,2.0,4.0,0.08,0.04,32.31480035556946,2794.0,29.500000812315466,1656.0,28.0,1225.0,38.0,8208.0,28.0,AWW,29.500000812315466,HARISS,5185.0,4853.0,10719.0
24,Switzerland,2.0,4.0,0.08,0.04,38.29688542488304,320.0,40.500000998871464,517.0,22.0,21.0,31.0,80.0,22.0,AWW,31.0,AWW,5149.0,4861.0,10687.0
25,Switzerland,2.0,4.0,0.08,0.04,47.41190955239693,2202.0,29.50000056376885,44.0,22.0,10.0,37.0,230.0,22.0,AWW,29.50000056376885,HARISS,5119.0,4786.0,10717.0
26,Switzerland,2.0,4.0,0.08,0.04,37.0960589658177,4003.0,26.500000394571735,376.0,25.0,290.0,29.0,689.0,25.0,AWW,26.500000394571735,HARISS,5108.0,4849.0,10724.0
27,Switzerland,2.0,4.0,0.08,0.04,49.24096113056011,1836.0,43.500000538608234,544.0,26.0,14.0,35.0,103.0,26.0,AWW,35.0,AWW,5041.0,4710.0,10664.0
28,Switzerland,2.0,4.0,0.08,0.04,19.559039654363602,114.0,33.500000148920776,4364.0,23.0,238.0,38.0,12269.0,19.559039654363602,ICU,19.559039654363602,ICU,4989.0,4791.0,10451.0
29,Switzerland,2.0,4.0,0.08,0.04,40.610894355841815,398.0,40.50000043575908,392.0,26.0,20.0,36.0,149.0,26.0,AWW,36.0,AWW,5134.0,4715.0,10585.0
30,Switzerland,2.0,4.0,0.08,0.04,43.70853237208016,2391.0,33.50000014755483,255.0,32.0,174.0,37.0,565.0,32.0,AWW,33.50000014755483,HARISS,5126.0,4813.0,10559.0
31,Switzerland,2.0,4.0,0.08,0.04,36.78089356630049,336.0,47.50000096979139,4154.0,31.0,92.0,32.0,116.0,31.0,AWW,32.0,AWW,5077.0,4757.0,10580.0
32,Switzerland,2.0,4.0,0.08,0.04,59.82199581766473,2597.0,12.500000363809502,51.0,30.0,101.0,36.0,111.0,12.500000363809502,HARISS,12.500000363809502,HARISS,5057.0,4715.0,10640.0
33,Switzerland,2.0,4.0,0.08,0.04,30.435871968810336,103.0,36.50000090978308,508.0,25.0,39.0,37.0,575.0,25.0,AWW,30.435871968810336,ICU,5125.0,4620.0,10568.0
34,Switzerland,2.0,4.0,0.08,0.04,13.455183290152245,75.0,Inf,NaN,26.0,75.0,22.0,75.0,13.455183290152245,ICU,13.455183290152245,ICU,5174.0,4682.0,10814.0
35,Switzerland,2.0,4.0,0.08,0.04,36.032728214129726,151.0,50.500000116288035,2825.0,28.0,37.0,17.0,5.0,28.0,AWW,17.0,AWW,5213.0,4749.0,10740.0
36,Switzerland,2.0,4.0,0.08,0.04,38.247372629270174,108.0,47.50000046025133,687.0,29.0,26.0,34.0,50.0,29.0,AWW,34.0,AWW,5182.0,4842.0,10605.0
37,Switzerland,2.0,4.0,0.08,0.04,25.659158240520156,122.0,40.50000056161784,3558.0,23.0,66.0,38.0,2130.0,23.0,AWW,25.659158240520156,ICU,5202.0,4755.0,10770.0
38,Switzerland,2.0,4.0,0.08,0.04,47.6977414479131,6767.0,33.5000007107671,286.0,34.0,318.0,38.0,779.0,33.5000007107671,HARISS,33.5000007107671,HARISS,5138.0,4718.0,10484.0
39,Switzerland,2.0,4.0,0.08,0.04,63.33432602415436,695.0,Inf,NaN,24.0,2.0,25.0,2.0,24.0,AWW,25.0,AWW,5062.0,4792.0,10775.0
40,Switzerland,2.0,4.0,0.08,0.04,49.074471791101146,2117.0,43.500000003186265,667.0,24.0,25.0,36.0,180.0,24.0,AWW,36.0,AWW,5121.0,4809.0,10703.0
41,Switzerland,2.0,4.0,0.08,0.04,45.93115432779843,45.0,Inf,NaN,27.0,5.0,32.0,6.0,27.0,AWW,32.0,AWW,5023.0,4848.0,10646.0
42,Switzerland,2.0,4.0,0.08,0.04,46.908717146291025,991.0,50.50000054243132,2135.0,14.0,0.0,17.0,1.0,14.0,AWW,17.0,AWW,5154.0,4746.0,10513.0
43,Switzerland,2.0,4.0,0.08,0.04,32.22145882304052,942.0,33.500000946085635,1189.0,26.0,241.0,27.0,294.0,26.0,AWW,27.0,AWW,5122.0,4711.0,10629.0
44,Switzerland,2.0,4.0,0.08,0.04,45.227557686344625,2731.0,50.500000557531365,8316.0,18.0,6.0,33.0,213.0,18.0,AWW,33.0,AWW,4987.0,4758.0,10592.0
45,Switzerland,2.0,4.0,0.08,0.04,46.6092359203094,1057.0,50.50000093369865,2403.0,24.0,40.0,25.0,40.0,24.0,AWW,25.0,AWW,5143.0,4748.0,10476.0
46,Switzerland,2.0,4.0,0.08,0.04,49.52569349410793,2743.0,47.500000238203874,1662.0,17.0,3.0,20.0,10.0,17.0,AWW,20.0,AWW,5053.0,4713.0,10660.0
47,Switzerland,2.0,4.0,0.08,0.04,24.525612804758403,10.0,54.50000072178943,3296.0,21.0,9.0,22.0,9.0,21.0,AWW,22.0,AWW,4957.0,4899.0,10628.0
48,Switzerland,2.0,4.0,0.08,0.04,40.49424605965494,197.0,54.50000031084583,3738.0,33.0,33.0,34.0,36.0,33.0,AWW,34.0,AWW,5222.0,4628.0,10622.0
49,Switzerland,2.0,4.0,0.08,0.04,56.551707940272564,1104.0,57.50000014413261,1396.0,25.0,38.0,32.0,43.0,25.0,AWW,32.0,AWW,5242.0,4720.0,10519.0
50,Switzerland,2.0,4.0,0.08,0.04,51.97095984446205,1286.0,54.50000073574996,2313.0,27.0,2.0,7.0,0.0,27.0,AWW,7.0,AWW,5085.0,4820.0,10394.0
51,Switzerland,2.0,4.0,0.08,0.04,54.633682404402634,1738.0,19.500000420743792,10.0,31.0,17.0,38.0,39.0,19.500000420743792,HARISS,19.500000420743792,HARISS,5026.0,4781.0,10821.0
52,Switzerland,2.0,4.0,0.08,0.04,32.04112494568218,41.0,43.50000074553274,397.0,25.0,14.0,38.0,149.0,25.0,AWW,32.04112494568218,ICU,5215.0,4710.0,10749.0
53,Switzerland,2.0,4.0,0.08,0.04,60.960074997594646,820.0,Inf,NaN,22.0,6.0,35.0,17.0,22.0,AWW,35.0,AWW,5178.0,4802.0,10877.0
54,Switzerland,2.0,4.0,0.08,0.04,54.72986269039194,1628.0,54.5000009788096,1530.0,31.0,13.0,40.0,54.0,31.0,AWW,40.0,AWW,5155.0,4744.0,10660.0
55,Switzerland,2.0,4.0,0.08,0.04,51.543715281856905,697.0,47.50000037858833,284.0,22.0,3.0,39.0,46.0,22.0,AWW,39.0,AWW,5174.0,4743.0,10546.0
56,Switzerland,2.0,4.0,0.08,0.04,54.54866077426912,7363.0,47.500000463513594,1565.0,33.0,60.0,34.0,72.0,33.0,AWW,34.0,AWW,5033.0,4766.0,10734.0
57,Switzerland,2.0,4.0,0.08,0.04,51.378756733841506,4586.0,40.50000008452628,443.0,17.0,4.0,39.0,319.0,17.0,AWW,39.0,AWW,5117.0,4649.0,10726.0
58,Switzerland,2.0,4.0,0.08,0.04,32.369537874415855,1329.0,22.500000132963063,148.0,23.0,160.0,35.0,2401.0,22.500000132963063,HARISS,22.500000132963063,HARISS,5084.0,4728.0,10606.0
59,Switzerland,2.0,4.0,0.08,0.04,39.890694254527666,770.0,40.500000322275305,885.0,30.0,109.0,31.0,128.0,30.0,AWW,31.0,AWW,5138.0,4694.0,10647.0
60,Switzerland,2.0,4.0,0.08,0.04,47.97549049465371,4535.0,43.500000909957976,1650.0,16.0,1.0,17.0,3.0,16.0,AWW,17.0,AWW,5204.0,4744.0,10527.0
61,Switzerland,2.0,4.0,0.08,0.04,46.75912143857225,1392.0,47.500000008303545,1640.0,26.0,18.0,27.0,20.0,26.0,AWW,27.0,AWW,5138.0,4727.0,10729.0
62,Switzerland,2.0,4.0,0.08,0.04,39.75194853328903,152.0,54.50000067181577,2898.0,27.0,31.0,37.0,105.0,27.0,AWW,37.0,AWW,5103.0,4732.0,10636.0
63,Switzerland,2.0,4.0,0.08,0.04,34.512948988092376,581.0,36.50000089462005,906.0,26.0,84.0,31.0,265.0,26.0,AWW,31.0,AWW,5201.0,4783.0,10596.0
64,Switzerland,2.0,4.0,0.08,0.04,47.0220343403133,4730.0,33.50000086960007,259.0,30.0,120.0,31.0,150.0,30.0,AWW,31.0,AWW,5126.0,4701.0,10666.0
65,Switzerland,2.0,4.0,0.08,0.04,42.9559619862316,623.0,29.500000293796134,34.0,3.0,0.0,4.0,0.0,3.0,AWW,4.0,AWW,5063.0,4692.0,10786.0
66,Switzerland,2.0,4.0,0.08,0.04,57.059010204042174,4026.0,50.500000986294765,976.0,32.0,21.0,33.0,25.0,32.0,AWW,33.0,AWW,5145.0,4822.0,10599.0
67,Switzerland,2.0,4.0,0.08,0.04,33.86894037689023,284.0,40.500000091990856,1054.0,27.0,68.0,36.0,413.0,27.0,AWW,33.86894037689023,ICU,5186.0,4783.0,10583.0
68,Switzerland,2.0,4.0,0.08,0.04,48.372704342974025,2216.0,43.50000026247276,800.0,24.0,15.0,27.0,30.0,24.0,AWW,27.0,AWW,4992.0,4897.0,10635.0
69,Switzerland,2.0,4.0,0.08,0.04,36.763352058919395,1159.0,36.50000093514846,1081.0,20.0,21.0,36.0,969.0,20.0,AWW,36.0,AWW,5131.0,4798.0,10561.0
70,Switzerland,2.0,4.0,0.08,0.04,45.470779341491806,3156.0,40.500000999683955,1059.0,37.0,452.0,38.0,592.0,37.0,AWW,38.0,AWW,5134.0,4728.0,10670.0
71,Switzerland,2.0,4.0,0.08,0.04,34.26048774616094,272.0,29.500000463571723,155.0,23.0,53.0,42.0,607.0,23.0,AWW,29.500000463571723,HARISS,5069.0,4888.0,10728.0
72,Switzerland,2.0,4.0,0.08,0.04,54.1292040099041,1105.0,61.500000683546546,5752.0,36.0,25.0,37.0,31.0,36.0,AWW,37.0,AWW,5154.0,4783.0,10635.0
73,Switzerland,2.0,4.0,0.08,0.04,33.68310105329404,2448.0,26.500000074015276,529.0,32.0,1662.0,33.0,2067.0,26.500000074015276,HARISS,26.500000074015276,HARISS,5027.0,4823.0,10616.0
74,Switzerland,2.0,4.0,0.08,0.04,24.975033693223192,765.0,29.500000971399658,2189.0,17.0,125.0,38.0,14523.0,17.0,AWW,24.975033693223192,ICU,5153.0,4876.0,10632.0
75,Switzerland,2.0,4.0,0.08,0.04,43.77180689217913,1706.0,43.50000064595624,1588.0,19.0,5.0,26.0,26.0,19.0,AWW,26.0,AWW,5197.0,4827.0,10608.0
76,Switzerland,2.0,4.0,0.08,0.04,38.18668717679094,289.0,29.500000933655265,52.0,9.0,0.0,25.0,24.0,9.0,AWW,25.0,AWW,5066.0,4774.0,10700.0
77,Switzerland,2.0,4.0,0.08,0.04,31.754636744656793,990.0,33.50000063152331,1426.0,23.0,35.0,35.0,1882.0,23.0,AWW,31.754636744656793,ICU,5126.0,4811.0,10753.0
78,Switzerland,2.0,4.0,0.08,0.04,40.618026945046104,4750.0,36.500000168764814,1943.0,19.0,39.0,28.0,284.0,19.0,AWW,28.0,AWW,5067.0,4812.0,10607.0
79,Switzerland,2.0,4.0,0.08,0.04,41.58340344383851,235.0,54.50000013447337,3903.0,27.0,14.0,39.0,135.0,27.0,AWW,39.0,AWW,5060.0,4759.0,10587.0
80,Switzerland,2.0,4.0,0.08,0.04,50.76629529746202,743.0,54.50000082160495,1743.0,26.0,12.0,38.0,57.0,26.0,AWW,38.0,AWW,5096.0,4924.0,10589.0
81,Switzerland,2.0,4.0,0.08,0.04,54.75744601165155,1253.0,61.50000006616737,5247.0,28.0,4.0,40.0,49.0,28.0,AWW,40.0,AWW,5051.0,4799.0,10709.0
82,Switzerland,2.0,4.0,0.08,0.04,10.991110511954371,232.0,15.500000363354047,440.0,31.0,6448.0,36.0,18634.0,10.991110511954371,ICU,10.991110511954371,ICU,5100.0,4910.0,10743.0
83,Switzerland,2.0,4.0,0.08,0.04,19.321291667536272,31.0,Inf,NaN,36.0,31.0,37.0,31.0,19.321291667536272,ICU,19.321291667536272,ICU,5101.0,4716.0,10649.0
84,Switzerland,2.0,4.0,0.08,0.04,38.786695052431575,3127.0,33.500000240967374,999.0,22.0,105.0,36.0,1678.0,22.0,AWW,33.500000240967374,HARISS,5121.0,4828.0,10378.0
85,Switzerland,2.0,4.0,0.08,0.04,42.0745927960454,83.0,54.5000009549058,1026.0,36.0,27.0,37.0,29.0,36.0,AWW,37.0,AWW,5089.0,4774.0,10541.0
86,Switzerland,2.0,4.0,0.08,0.04,22.57364655415178,69.0,36.50000006652088,1672.0,21.0,54.0,38.0,2325.0,21.0,AWW,22.57364655415178,ICU,5140.0,4853.0,10656.0
87,Switzerland,2.0,4.0,0.08,0.04,29.561579895723508,281.0,43.500000101324446,5488.0,25.0,111.0,40.0,2593.0,25.0,AWW,29.561579895723508,ICU,5179.0,4706.0,10511.0
88,Switzerland,2.0,4.0,0.08,0.04,38.30532372663175,1958.0,40.500000584953106,2918.0,18.0,12.0,28.0,266.0,18.0,AWW,28.0,AWW,5139.0,4773.0,10607.0
89,Switzerland,2.0,4.0,0.08,0.04,26.68409401384973,69.0,43.500000705114005,2126.0,35.0,348.0,36.0,433.0,26.68409401384973,ICU,26.68409401384973,ICU,5109.0,4858.0,10810.0
90,Switzerland,2.0,4.0,0.08,0.04,36.146186122531596,328.0,43.50000032728717,1056.0,22.0,116.0,41.0,673.0,22.0,AWW,36.146186122531596,ICU,5130.0,4752.0,10673.0
91,Switzerland,2.0,4.0,0.08,0.04,29.926617296288953,739.0,36.500000997970034,3140.0,14.0,16.0,35.0,2321.0,14.0,AWW,29.926617296288953,ICU,5072.0,4757.0,10732.0
92,Switzerland,2.0,4.0,0.08,0.04,46.8772924328755,2233.0,33.5000008087063,112.0,23.0,10.0,24.0,14.0,23.0,AWW,24.0,AWW,5152.0,4607.0,10865.0
93,Switzerland,2.0,4.0,0.08,0.04,46.731254617047085,962.0,26.50000045357129,9.0,14.0,0.0,22.0,2.0,14.0,AWW,22.0,AWW,5197.0,4841.0,10777.0
94,Switzerland,2.0,4.0,0.08,0.04,34.930460686882554,97.0,36.50000011619478,140.0,24.0,7.0,34.0,75.0,24.0,AWW,34.0,AWW,5170.0,4810.0,10590.0
95,Switzerland,2.0,4.0,0.08,0.04,40.33209710608774,2099.0,36.500000409471056,866.0,35.0,635.0,36.0,796.0,35.0,AWW,36.0,AWW,5069.0,4765.0,10708.0
96,Switzerland,2.0,4.0,0.08,0.04,30.558917146151813,316.0,36.50000054511482,1115.0,30.0,284.0,31.0,338.0,30.0,AWW,30.558917146151813,ICU,5087.0,4839.0,10634.0
97,Switzerland,2.0,4.0,0.08,0.04,36.74883118922351,17.0,Inf,NaN,23.0,9.0,37.0,17.0,23.0,AWW,36.74883118922351,ICU,5092.0,4766.0,10497.0
98,Switzerland,2.0,4.0,0.08,0.04,37.47412557959367,1014.0,36.50000060116965,817.0,24.0,42.0,36.0,752.0,24.0,AWW,36.0,AWW,5178.0,4852.0,10660.0
99,Switzerland,2.0,4.0,0.08,0.04,43.28095600206845,3202.0,40.50000019127982,1741.0,19.0,17.0,30.0,177.0,19.0,AWW,30.0,AWW,5228.0,4813.0,10619.0
100,Switzerland,2.0,4.0,0.08,0.04,50.82977688844569,2449.0,43.500000525943804,482.0,27.0,12.0,38.0,150.0,27.0,AWW,38.0,AWW,5035.0,4810.0,10661.0
101,Switzerland,2.0,4.0,0.08,0.04,52.73295997056863,1317.0,50.5000007969388,819.0,27.0,6.0,39.0,76.0,27.0,AWW,39.0,AWW,4903.0,4642.0,10798.0
102,Switzerland,2.0,4.0,0.08,0.04,39.016072817997006,422.0,50.50000078611307,4685.0,23.0,13.0,23.0,13.0,23.0,AWW,23.0,AWW,5138.0,4780.0,10747.0
103,Switzerland,2.0,4.0,0.08,0.04,19.27104511776037,113.0,26.500000684367727,1028.0,26.0,913.0,31.0,2998.0,19.27104511776037,ICU,19.27104511776037,ICU,5145.0,4726.0,10677.0
104,Switzerland,2.0,4.0,0.08,0.04,65.89522860822532,327.0,Inf,NaN,29.0,2.0,33.0,4.0,29.0,AWW,33.0,AWW,5221.0,4741.0,10668.0
105,Switzerland,2.0,4.0,0.08,0.04,40.378597753072384,979.0,40.50000092638241,1006.0,31.0,137.0,39.0,701.0,31.0,AWW,39.0,AWW,5065.0,4841.0,10542.0
106,Switzerland,2.0,4.0,0.08,0.04,54.70195587980217,2377.0,54.50000025592068,2285.0,28.0,22.0,33.0,45.0,28.0,AWW,33.0,AWW,5156.0,4831.0,10540.0
107,Switzerland,2.0,4.0,0.08,0.04,50.22088752975662,6045.0,40.50000023048625,710.0,32.0,121.0,36.0,261.0,32.0,AWW,36.0,AWW,5055.0,4725.0,10809.0
108,Switzerland,2.0,4.0,0.08,0.04,23.912790890858524,9.0,26.50000035145541,23.0,26.0,20.0,27.0,23.0,23.912790890858524,ICU,23.912790890858524,ICU,5151.0,4723.0,10638.0
109,Switzerland,2.0,4.0,0.08,0.04,33.056507684961446,1780.0,29.50000076108745,792.0,26.0,396.0,29.0,714.0,26.0,AWW,29.0,AWW,4993.0,4843.0,10742.0
110,Switzerland,2.0,4.0,0.08,0.04,39.17271879104158,1882.0,43.50000083248753,5071.0,18.0,19.0,27.0,129.0,18.0,AWW,27.0,AWW,5113.0,4708.0,10714.0
111,Switzerland,2.0,4.0,0.08,0.04,46.91541110068716,2195.0,15.500000222715546,1.0,9.0,1.0,27.0,33.0,9.0,AWW,15.500000222715546,HARISS,5055.0,4815.0,10744.0
112,Switzerland,2.0,4.0,0.08,0.04,42.30965631496894,411.0,47.50000035418297,1294.0,28.0,14.0,28.0,14.0,28.0,AWW,28.0,AWW,5169.0,4761.0,10548.0
113,Switzerland,2.0,4.0,0.08,0.04,40.0422744513852,239.0,43.50000093643524,475.0,25.0,14.0,31.0,39.0,25.0,AWW,31.0,AWW,5084.0,4786.0,10724.0
114,Switzerland,2.0,4.0,0.08,0.04,26.556109184968726,46.0,43.500000374937954,1949.0,31.0,126.0,31.0,126.0,26.556109184968726,ICU,26.556109184968726,ICU,5045.0,4800.0,10623.0
115,Switzerland,2.0,4.0,0.08,0.04,21.967115344659803,1068.0,15.500000950786976,231.0,20.0,714.0,35.0,23560.0,15.500000950786976,HARISS,15.500000950786976,HARISS,4983.0,4734.0,10762.0
116,Switzerland,2.0,4.0,0.08,0.04,49.50021309978551,1209.0,43.50000055979746,324.0,25.0,9.0,25.0,9.0,25.0,AWW,25.0,AWW,5128.0,4768.0,10820.0
117,Switzerland,2.0,4.0,0.08,0.04,30.381355982841807,1364.0,29.500000524921184,1064.0,34.0,3167.0,35.0,3890.0,29.500000524921184,HARISS,29.500000524921184,HARISS,5118.0,4815.0,10710.0
118,Switzerland,2.0,4.0,0.08,0.04,56.4981272080833,2985.0,47.50000081279253,461.0,34.0,25.0,39.0,71.0,34.0,AWW,39.0,AWW,4988.0,4775.0,10788.0
119,Switzerland,2.0,4.0,0.08,0.04,38.753417448219444,243.0,47.500000117879814,1582.0,31.0,35.0,32.0,48.0,31.0,AWW,32.0,AWW,5025.0,4786.0,10515.0
120,Switzerland,2.0,4.0,0.08,0.04,26.5081586901314,5611.0,12.500000544977741,213.0,25.0,4065.0,32.0,19574.0,12.500000544977741,HARISS,12.500000544977741,HARISS,5043.0,4737.0,10600.0
121,Switzerland,2.0,4.0,0.08,0.04,36.90990594173004,217.0,47.50000055128145,2025.0,27.0,20.0,30.0,38.0,27.0,AWW,30.0,AWW,5022.0,4793.0,10625.0
122,Switzerland,2.0,4.0,0.08,0.04,34.64311589376233,3534.0,29.500000837245352,1139.0,35.0,3797.0,38.0,7294.0,29.500000837245352,HARISS,29.500000837245352,HARISS,5098.0,4750.0,10437.0
123,Switzerland,2.0,4.0,0.08,0.04,58.657680497688105,4428.0,50.500000576639025,737.0,33.0,23.0,34.0,23.0,33.0,AWW,34.0,AWW,5149.0,4852.0,10405.0
124,Switzerland,2.0,4.0,0.08,0.04,43.62905441822226,3808.0,36.500000918084204,788.0,30.0,185.0,34.0,444.0,30.0,AWW,34.0,AWW,5053.0,4666.0,10698.0
125,Switzerland,2.0,4.0,0.08,0.04,59.02392767971192,1618.0,Inf,NaN,26.0,7.0,35.0,18.0,26.0,AWW,35.0,AWW,5050.0,4700.0,10518.0
126,Switzerland,2.0,4.0,0.08,0.04,34.93353231599491,116.0,33.5000002630726,91.0,21.0,3.0,37.0,210.0,21.0,AWW,33.5000002630726,HARISS,5158.0,4874.0,10623.0
127,Switzerland,2.0,4.0,0.08,0.04,47.43043592764953,2674.0,47.50000076229763,2715.0,27.0,32.0,28.0,40.0,27.0,AWW,28.0,AWW,5127.0,4743.0,10618.0
128,Switzerland,2.0,4.0,0.08,0.04,48.8903969214409,1726.0,36.50000081522086,124.0,22.0,9.0,28.0,27.0,22.0,AWW,28.0,AWW,5083.0,4928.0,10556.0
129,Switzerland,2.0,4.0,0.08,0.04,55.52553877830499,2684.0,43.50000026450256,220.0,24.0,1.0,37.0,68.0,24.0,AWW,37.0,AWW,5132.0,4879.0,10582.0
130,Switzerland,2.0,4.0,0.08,0.04,33.88375342286665,1884.0,26.50000018149703,271.0,6.0,0.0,29.0,537.0,6.0,AWW,26.50000018149703,HARISS,5166.0,4881.0,10789.0
131,Switzerland,2.0,4.0,0.08,0.04,37.848728489813624,451.0,36.500000053012585,334.0,28.0,53.0,43.0,1377.0,28.0,AWW,36.500000053012585,HARISS,5108.0,4803.0,10708.0
132,Switzerland,2.0,4.0,0.08,0.04,33.37144862832765,1083.0,33.50000041093412,1113.0,25.0,82.0,33.0,993.0,25.0,AWW,33.0,AWW,5120.0,4785.0,10641.0
133,Switzerland,2.0,4.0,0.08,0.04,29.363295050299136,378.0,36.5000005636361,780.0,23.0,75.0,29.0,354.0,23.0,AWW,29.0,AWW,5046.0,4802.0,10732.0
134,Switzerland,2.0,4.0,0.08,0.04,17.881926749830164,6.0,Inf,NaN,29.0,6.0,38.0,6.0,17.881926749830164,ICU,17.881926749830164,ICU,5158.0,4910.0,10562.0
135,Switzerland,2.0,4.0,0.08,0.04,22.568463619230513,20.0,36.500000326871074,311.0,33.0,146.0,36.0,284.0,22.568463619230513,ICU,22.568463619230513,ICU,5212.0,4715.0,10719.0
136,Switzerland,2.0,4.0,0.08,0.04,38.485926690774434,151.0,50.500000711138824,2081.0,35.0,80.0,36.0,98.0,35.0,AWW,36.0,AWW,5200.0,4729.0,10866.0
137,Switzerland,2.0,4.0,0.08,0.04,44.41430956095725,2815.0,43.50000092991291,2305.0,24.0,73.0,32.0,218.0,24.0,AWW,32.0,AWW,5229.0,4831.0,10470.0
138,Switzerland,2.0,4.0,0.08,0.04,52.2959864828303,3824.0,43.50000043135028,560.0,22.0,7.0,28.0,20.0,22.0,AWW,28.0,AWW,4998.0,4663.0,10729.0
139,Switzerland,2.0,4.0,0.08,0.04,38.01839369832663,399.0,43.500000461642465,1756.0,26.0,63.0,36.0,231.0,26.0,AWW,36.0,AWW,5084.0,4752.0,10869.0
140,Switzerland,2.0,4.0,0.08,0.04,39.36804091854612,362.0,50.50000030770328,3935.0,33.0,103.0,34.0,121.0,33.0,AWW,34.0,AWW,5102.0,4848.0,10653.0
141,Switzerland,2.0,4.0,0.08,0.04,40.17393156842068,1750.0,47.50000084713644,9091.0,22.0,34.0,32.0,297.0,22.0,AWW,32.0,AWW,5165.0,4735.0,10428.0
142,Switzerland,2.0,4.0,0.08,0.04,34.56265559562644,828.0,36.5000005474713,1208.0,26.0,131.0,26.0,131.0,26.0,AWW,26.0,AWW,5143.0,4795.0,10684.0
143,Switzerland,2.0,4.0,0.08,0.04,48.35488934707528,5839.0,36.50000035454946,424.0,15.0,1.0,19.0,5.0,15.0,AWW,19.0,AWW,5099.0,4685.0,10854.0
144,Switzerland,2.0,4.0,0.08,0.04,43.480947979933575,478.0,43.50000077901373,479.0,22.0,9.0,35.0,82.0,22.0,AWW,35.0,AWW,5191.0,4708.0,10952.0
145,Switzerland,2.0,4.0,0.08,0.04,43.701198439106946,418.0,54.50000052724663,4222.0,20.0,2.0,38.0,130.0,20.0,AWW,38.0,AWW,5218.0,4804.0,10718.0
146,Switzerland,2.0,4.0,0.08,0.04,43.09911422330835,1557.0,33.500000124139085,216.0,29.0,89.0,37.0,430.0,29.0,AWW,33.500000124139085,HARISS,5035.0,4834.0,10544.0
147,Switzerland,2.0,4.0,0.08,0.04,54.84857846854612,6641.0,43.500000069933925,533.0,24.0,8.0,30.0,30.0,24.0,AWW,30.0,AWW,5095.0,4809.0,10714.0
148,Switzerland,2.0,4.0,0.08,0.04,43.46329359896674,426.0,47.500000941341234,993.0,19.0,20.0,38.0,169.0,19.0,AWW,38.0,AWW,5062.0,4660.0,10687.0
149,Switzerland,2.0,4.0,0.08,0.04,34.04410977268182,523.0,40.50000046112113,3038.0,25.0,19.0,26.0,22.0,25.0,AWW,26.0,AWW,5093.0,4881.0,10591.0
150,Switzerland,2.0,4.0,0.08,0.04,47.137378136320066,737.0,36.50000085100967,75.0,23.0,15.0,31.0,35.0,23.0,AWW,31.0,AWW,5192.0,4701.0,10687.0
151,Switzerland,2.0,4.0,0.08,0.04,36.00656089627943,426.0,40.500000018772006,1131.0,25.0,55.0,33.0,248.0,25.0,AWW,33.0,AWW,5106.0,4730.0,10866.0
152,Switzerland,2.0,4.0,0.08,0.04,57.78330032388329,2432.0,50.500000446409835,536.0,12.0,0.0,32.0,22.0,12.0,AWW,32.0,AWW,5150.0,4802.0,10771.0
153,Switzerland,2.0,4.0,0.08,0.04,34.20741518407409,2787.0,22.500000287411122,163.0,25.0,316.0,26.0,403.0,22.500000287411122,HARISS,22.500000287411122,HARISS,5208.0,4770.0,10563.0
154,Switzerland,2.0,4.0,0.08,0.04,26.79897771761507,79.0,50.50000004539967,5841.0,18.0,6.0,18.0,6.0,18.0,AWW,18.0,AWW,5021.0,4750.0,10560.0
155,Switzerland,2.0,4.0,0.08,0.04,41.313264285788925,1492.0,47.50000083907895,5668.0,26.0,50.0,39.0,908.0,26.0,AWW,39.0,AWW,5154.0,4792.0,10845.0
156,Switzerland,2.0,4.0,0.08,0.04,37.34834834335053,1429.0,33.500000585117235,771.0,27.0,282.0,28.0,334.0,27.0,AWW,28.0,AWW,5047.0,4761.0,10633.0
157,Switzerland,2.0,4.0,0.08,0.04,25.78027824499085,69.0,36.500000154836535,894.0,27.0,104.0,30.0,206.0,25.78027824499085,ICU,25.78027824499085,ICU,5113.0,4905.0,10546.0
158,Switzerland,2.0,4.0,0.08,0.04,48.296261023833985,1127.0,50.500000758885776,2043.0,34.0,47.0,37.0,82.0,34.0,AWW,37.0,AWW,5180.0,4742.0,10780.0
159,Switzerland,2.0,4.0,0.08,0.04,24.927257674511406,101.0,40.50000041656417,2522.0,20.0,27.0,32.0,398.0,20.0,AWW,24.927257674511406,ICU,5025.0,4841.0,10544.0
160,Switzerland,2.0,4.0,0.08,0.04,22.40507150217601,51.0,40.500000056955905,707.0,32.0,152.0,33.0,181.0,22.40507150217601,ICU,22.40507150217601,ICU,5210.0,4853.0,10676.0
161,Switzerland,2.0,4.0,0.08,0.04,35.37433225985562,137.0,43.50000062021463,469.0,20.0,23.0,39.0,280.0,20.0,AWW,35.37433225985562,ICU,4980.0,4702.0,10524.0
162,Switzerland,2.0,4.0,0.08,0.04,47.22966182588841,412.0,47.500000131428315,439.0,17.0,2.0,33.0,29.0,17.0,AWW,33.0,AWW,5187.0,4721.0,10833.0
163,Switzerland,2.0,4.0,0.08,0.04,37.18999976475577,282.0,43.50000065297493,1071.0,23.0,13.0,30.0,60.0,23.0,AWW,30.0,AWW,5185.0,4946.0,10450.0
164,Switzerland,2.0,4.0,0.08,0.04,43.420155393104054,989.0,43.50000008051101,1012.0,32.0,76.0,36.0,184.0,32.0,AWW,36.0,AWW,5056.0,4783.0,10701.0
165,Switzerland,2.0,4.0,0.08,0.04,43.57993806536849,1102.0,50.50000005359147,4714.0,18.0,1.0,33.0,108.0,18.0,AWW,33.0,AWW,4973.0,4740.0,10573.0
166,Switzerland,2.0,4.0,0.08,0.04,37.96489043410552,2474.0,33.50000039238593,932.0,31.0,585.0,32.0,724.0,31.0,AWW,32.0,AWW,5219.0,4819.0,10755.0
167,Switzerland,2.0,4.0,0.08,0.04,53.0986273176735,1711.0,57.500000253771596,4398.0,27.0,5.0,35.0,40.0,27.0,AWW,35.0,AWW,5045.0,4859.0,10876.0
168,Switzerland,2.0,4.0,0.08,0.04,21.150329905041353,315.0,22.500000441026426,414.0,23.0,468.0,28.0,1307.0,21.150329905041353,ICU,21.150329905041353,ICU,5249.0,4866.0,10548.0
169,Switzerland,2.0,4.0,0.08,0.04,62.000049073063856,131.0,Inf,NaN,30.0,4.0,30.0,4.0,30.0,AWW,30.0,AWW,4957.0,4698.0,10492.0
170,Switzerland,2.0,4.0,0.08,0.04,52.643027768780904,1913.0,50.50000043232129,1230.0,28.0,19.0,38.0,86.0,28.0,AWW,38.0,AWW,5126.0,4853.0,10697.0
171,Switzerland,2.0,4.0,0.08,0.04,32.597743925055575,764.0,36.50000007298221,1757.0,23.0,91.0,32.0,683.0,23.0,AWW,32.0,AWW,5096.0,4827.0,10760.0
172,Switzerland,2.0,4.0,0.08,0.04,45.342733098729866,657.0,40.5000002842497,253.0,28.0,14.0,34.0,62.0,28.0,AWW,34.0,AWW,5175.0,4787.0,10611.0
173,Switzerland,2.0,4.0,0.08,0.04,62.99477381889941,2020.0,Inf,NaN,29.0,38.0,37.0,42.0,29.0,AWW,37.0,AWW,5232.0,4849.0,10512.0
174,Switzerland,2.0,4.0,0.08,0.04,32.40471235940697,884.0,33.50000069429792,1130.0,31.0,658.0,39.0,4047.0,31.0,AWW,32.40471235940697,ICU,5144.0,4757.0,10664.0
175,Switzerland,2.0,4.0,0.08,0.04,36.22903207242995,1227.0,43.50000033047849,5825.0,27.0,183.0,27.0,183.0,27.0,AWW,27.0,AWW,5087.0,4688.0,10591.0
176,Switzerland,2.0,4.0,0.08,0.04,48.83527331901961,1440.0,40.500000872943744,227.0,21.0,2.0,34.0,57.0,21.0,AWW,34.0,AWW,5094.0,4736.0,10904.0
177,Switzerland,2.0,4.0,0.08,0.04,39.6959829074365,448.0,43.500000990253696,1049.0,24.0,16.0,38.0,318.0,24.0,AWW,38.0,AWW,5021.0,4853.0,10584.0
178,Switzerland,2.0,4.0,0.08,0.04,42.606876586961604,1699.0,33.50000007788636,233.0,29.0,93.0,36.0,402.0,29.0,AWW,33.50000007788636,HARISS,5091.0,4759.0,10606.0
179,Switzerland,2.0,4.0,0.08,0.04,44.41050277327839,1796.0,40.5000004106212,809.0,7.0,0.0,33.0,191.0,7.0,AWW,33.0,AWW,5184.0,4757.0,10769.0
180,Switzerland,2.0,4.0,0.08,0.04,26.975571675079948,86.0,33.500000190865194,307.0,31.0,194.0,36.0,497.0,26.975571675079948,ICU,26.975571675079948,ICU,4987.0,4710.0,10404.0
181,Switzerland,2.0,4.0,0.08,0.04,47.96579524328157,3144.0,47.50000057928216,2881.0,24.0,19.0,35.0,219.0,24.0,AWW,35.0,AWW,5103.0,4929.0,10682.0
182,Switzerland,2.0,4.0,0.08,0.04,18.23511655294553,435.0,15.50000005551082,322.0,20.0,542.0,25.0,1150.0,15.50000005551082,HARISS,15.50000005551082,HARISS,5159.0,4746.0,10635.0
183,Switzerland,2.0,4.0,0.08,0.04,52.71268585201081,1207.0,47.500000456872954,368.0,24.0,3.0,33.0,20.0,24.0,AWW,33.0,AWW,5118.0,4671.0,10642.0
184,Switzerland,2.0,4.0,0.08,0.04,42.95942153498976,833.0,43.50000040831283,910.0,23.0,8.0,39.0,333.0,23.0,AWW,39.0,AWW,5097.0,4910.0,10619.0
185,Switzerland,2.0,4.0,0.08,0.04,53.39657908818386,3341.0,54.500000233884535,4138.0,17.0,0.0,31.0,31.0,17.0,AWW,31.0,AWW,5196.0,4747.0,10649.0
186,Switzerland,2.0,4.0,0.08,0.04,41.04239998577385,451.0,54.50000076604579,6518.0,26.0,34.0,36.0,175.0,26.0,AWW,36.0,AWW,5146.0,4815.0,10595.0
187,Switzerland,2.0,4.0,0.08,0.04,46.98437168844689,2545.0,43.50000076621984,1183.0,6.0,0.0,40.0,600.0,6.0,AWW,40.0,AWW,5060.0,4841.0,10819.0
188,Switzerland,2.0,4.0,0.08,0.04,42.85385769232401,1299.0,40.5000000995928,811.0,30.0,97.0,30.0,97.0,30.0,AWW,30.0,AWW,4951.0,4750.0,10507.0
189,Switzerland,2.0,4.0,0.08,0.04,51.32914947600884,375.0,61.50000098621112,3095.0,20.0,29.0,30.0,35.0,20.0,AWW,30.0,AWW,4997.0,4903.0,10497.0
190,Switzerland,2.0,4.0,0.08,0.04,36.97705736015619,141.0,33.50000078907474,74.0,30.0,38.0,38.0,174.0,30.0,AWW,33.50000078907474,HARISS,5135.0,4801.0,10648.0
191,Switzerland,2.0,4.0,0.08,0.04,52.45359378147561,2043.0,47.50000041225746,690.0,34.0,43.0,35.0,48.0,34.0,AWW,35.0,AWW,5114.0,4825.0,10852.0
192,Switzerland,2.0,4.0,0.08,0.04,35.19480045071177,1703.0,29.50000006225653,460.0,30.0,536.0,31.0,677.0,29.50000006225653,HARISS,29.50000006225653,HARISS,5128.0,4630.0,10716.0
193,Switzerland,2.0,4.0,0.08,0.04,39.84226606118352,411.0,47.50000088418338,2313.0,15.0,0.0,37.0,213.0,15.0,AWW,37.0,AWW,5096.0,4807.0,10679.0
194,Switzerland,2.0,4.0,0.08,0.04,43.363575470929675,517.0,47.50000086797397,1259.0,32.0,43.0,35.0,90.0,32.0,AWW,35.0,AWW,5101.0,4764.0,10789.0
195,Switzerland,2.0,4.0,0.08,0.04,28.639512071460654,482.0,22.500000737565113,120.0,23.0,137.0,26.0,268.0,22.500000737565113,HARISS,22.500000737565113,HARISS,5134.0,4779.0,10856.0
196,Switzerland,2.0,4.0,0.08,0.04,32.391238866209434,62.0,50.50000041927681,2781.0,22.0,13.0,36.0,124.0,22.0,AWW,32.391238866209434,ICU,5239.0,4818.0,10582.0
197,Switzerland,2.0,4.0,0.08,0.04,35.07630048166763,1087.0,29.50000090846479,534.0,20.0,42.0,36.0,1202.0,20.0,AWW,29.50000090846479,HARISS,5104.0,4830.0,10772.0
198,Switzerland,2.0,4.0,0.08,0.04,23.725531024666545,75.0,36.50000072262457,1003.0,36.0,934.0,37.0,1066.0,23.725531024666545,ICU,23.725531024666545,ICU,5066.0,4779.0,10708.0
199,Switzerland,2.0,4.0,0.08,0.04,52.50050443090095,432.0,61.500000910336205,3020.0,28.0,3.0,21.0,0.0,28.0,AWW,21.0,AWW,5151.0,4792.0,10574.0
200,Switzerland,2.0,4.0,0.08,0.04,39.464662088758914,1947.0,29.500000756747074,184.0,33.0,400.0,34.0,518.0,29.500000756747074,HARISS,29.500000756747074,HARISS,5058.0,4701.0,10542.0
201,Switzerland,2.0,4.0,0.08,0.04,60.67441917858309,2167.0,40.50000077915833,107.0,22.0,17.0,37.0,92.0,22.0,AWW,37.0,AWW,5154.0,4791.0,10547.0
202,Switzerland,2.0,4.0,0.08,0.04,59.88778315534973,3940.0,57.50000048655602,2235.0,29.0,12.0,36.0,27.0,29.0,AWW,36.0,AWW,5129.0,4883.0,10492.0
203,Switzerland,2.0,4.0,0.08,0.04,49.88830246394215,3457.0,47.500000188659925,2009.0,22.0,9.0,39.0,276.0,22.0,AWW,39.0,AWW,5019.0,4772.0,10750.0
204,Switzerland,2.0,4.0,0.08,0.04,47.54026881157766,1009.0,50.50000073396821,1871.0,20.0,1.0,33.0,46.0,20.0,AWW,33.0,AWW,5058.0,4751.0,10504.0
205,Switzerland,2.0,4.0,0.08,0.04,42.21542990369944,720.0,43.50000015262928,938.0,19.0,2.0,29.0,45.0,19.0,AWW,29.0,AWW,5109.0,4765.0,10676.0
206,Switzerland,2.0,4.0,0.08,0.04,31.927787575559346,532.0,36.50000082535216,1443.0,31.0,417.0,38.0,2049.0,31.0,AWW,31.927787575559346,ICU,5105.0,4859.0,10638.0
207,Switzerland,2.0,4.0,0.08,0.04,45.0280071152052,102.0,54.50000088701558,887.0,21.0,0.0,22.0,1.0,21.0,AWW,22.0,AWW,5022.0,4786.0,10670.0
208,Switzerland,2.0,4.0,0.08,0.04,38.2274434922519,478.0,36.50000071762098,314.0,27.0,52.0,40.0,665.0,27.0,AWW,36.50000071762098,HARISS,5012.0,4766.0,10576.0
209,Switzerland,2.0,4.0,0.08,0.04,50.08939469190904,1391.0,43.50000074224342,418.0,24.0,42.0,27.0,67.0,24.0,AWW,27.0,AWW,5166.0,4801.0,10772.0
210,Switzerland,2.0,4.0,0.08,0.04,42.53646318554809,1272.0,47.50000005608013,3546.0,25.0,16.0,26.0,24.0,25.0,AWW,26.0,AWW,5071.0,4726.0,10727.0
211,Switzerland,2.0,4.0,0.08,0.04,52.00415030842352,536.0,61.50000007295403,4169.0,28.0,6.0,38.0,33.0,28.0,AWW,38.0,AWW,5051.0,4784.0,10580.0
212,Switzerland,2.0,4.0,0.08,0.04,39.687079355767985,1545.0,36.5000002203101,734.0,32.0,274.0,36.0,660.0,32.0,AWW,36.0,AWW,5051.0,4653.0,10646.0
213,Switzerland,2.0,4.0,0.08,0.04,52.11192685477235,199.0,61.50000022017243,1282.0,5.0,0.0,31.0,9.0,5.0,AWW,31.0,AWW,5198.0,4779.0,10609.0
214,Switzerland,2.0,4.0,0.08,0.04,25.42083697525393,426.0,29.500000107223233,1028.0,29.0,919.0,37.0,4925.0,25.42083697525393,ICU,25.42083697525393,ICU,5138.0,4776.0,10739.0
215,Switzerland,2.0,4.0,0.08,0.04,39.54942389380738,3028.0,26.50000068932508,205.0,34.0,1025.0,35.0,1226.0,26.50000068932508,HARISS,26.50000068932508,HARISS,5106.0,4812.0,10659.0
216,Switzerland,2.0,4.0,0.08,0.04,35.64941226185895,2886.0,33.500000879605125,1431.0,30.0,400.0,36.0,3206.0,30.0,AWW,33.500000879605125,HARISS,5095.0,4817.0,10616.0
217,Switzerland,2.0,4.0,0.08,0.04,29.195326097560283,1277.0,22.50000058248955,322.0,24.0,419.0,38.0,9131.0,22.50000058248955,HARISS,22.50000058248955,HARISS,5114.0,4744.0,10605.0
218,Switzerland,2.0,4.0,0.08,0.04,14.056857770681383,225.0,8.500000111075925,88.0,25.0,806.0,34.0,2373.0,8.500000111075925,HARISS,8.500000111075925,HARISS,5033.0,4537.0,10623.0
219,Switzerland,2.0,4.0,0.08,0.04,37.71370433685031,565.0,43.50000035482691,2069.0,25.0,26.0,25.0,26.0,25.0,AWW,25.0,AWW,5056.0,4774.0,10691.0
220,Switzerland,2.0,4.0,0.08,0.04,56.493160748611814,2783.0,22.50000085963864,7.0,22.0,7.0,32.0,15.0,22.0,AWW,22.50000085963864,HARISS,5144.0,4697.0,10586.0
221,Switzerland,2.0,4.0,0.08,0.04,52.06684847377674,725.0,33.50000042336539,29.0,28.0,12.0,29.0,18.0,28.0,AWW,29.0,AWW,5238.0,4606.0,10782.0
222,Switzerland,2.0,4.0,0.08,0.04,43.99009174113792,2864.0,36.50000050951056,518.0,19.0,7.0,34.0,320.0,19.0,AWW,34.0,AWW,5140.0,4733.0,10756.0
223,Switzerland,2.0,4.0,0.08,0.04,43.01522816239724,669.0,40.500000610280544,398.0,22.0,7.0,34.0,90.0,22.0,AWW,34.0,AWW,5074.0,4759.0,10743.0
224,Switzerland,2.0,4.0,0.08,0.04,31.597974699481494,753.0,22.50000022611581,199.0,24.0,247.0,29.0,495.0,22.50000022611581,HARISS,22.50000022611581,HARISS,5127.0,4849.0,10698.0
225,Switzerland,2.0,4.0,0.08,0.04,30.489357985622757,144.0,36.50000037630973,612.0,24.0,29.0,25.0,40.0,24.0,AWW,25.0,AWW,5082.0,4690.0,10629.0
226,Switzerland,2.0,4.0,0.08,0.04,49.067666382807225,2622.0,43.50000034648277,789.0,26.0,14.0,16.0,0.0,26.0,AWW,16.0,AWW,5056.0,4888.0,10640.0
227,Switzerland,2.0,4.0,0.08,0.04,46.03548592499806,1375.0,40.500000309829716,418.0,30.0,56.0,36.0,166.0,30.0,AWW,36.0,AWW,5100.0,4777.0,10504.0
228,Switzerland,2.0,4.0,0.08,0.04,51.61991821390708,2762.0,54.50000007751751,5312.0,32.0,29.0,33.0,36.0,32.0,AWW,33.0,AWW,5281.0,4744.0,10624.0
229,Switzerland,2.0,4.0,0.08,0.04,29.760626665680324,186.0,33.50000058643464,241.0,20.0,26.0,36.0,290.0,20.0,AWW,29.760626665680324,ICU,5090.0,4817.0,10713.0
230,Switzerland,2.0,4.0,0.08,0.04,18.519234439169225,342.0,26.500000212472216,3511.0,18.0,291.0,24.0,2012.0,18.0,AWW,18.519234439169225,ICU,5331.0,4734.0,10775.0
231,Switzerland,2.0,4.0,0.08,0.04,15.289534735717897,0.0,50.5000002755185,4909.0,26.0,40.0,32.0,96.0,15.289534735717897,ICU,15.289534735717897,ICU,5224.0,4825.0,10503.0
232,Switzerland,2.0,4.0,0.08,0.04,41.59319947949351,1417.0,47.500000629243125,5005.0,24.0,51.0,39.0,811.0,24.0,AWW,39.0,AWW,5134.0,4804.0,10712.0
233,Switzerland,2.0,4.0,0.08,0.04,39.776189550445686,426.0,47.5000003853591,2394.0,31.0,55.0,38.0,263.0,31.0,AWW,38.0,AWW,5026.0,4743.0,10531.0
234,Switzerland,2.0,4.0,0.08,0.04,35.759523898087984,765.0,29.500000615183716,143.0,29.0,129.0,30.0,167.0,29.0,AWW,29.500000615183716,HARISS,5063.0,4868.0,10521.0
235,Switzerland,2.0,4.0,0.08,0.04,53.871394601020306,2139.0,50.50000054009507,997.0,28.0,7.0,32.0,18.0,28.0,AWW,32.0,AWW,5139.0,4667.0,10702.0
236,Switzerland,2.0,4.0,0.08,0.04,5.797546490687307,4.0,Inf,NaN,29.0,4.0,30.0,4.0,5.797546490687307,ICU,5.797546490687307,ICU,5075.0,4770.0,10661.0
237,Switzerland,2.0,4.0,0.08,0.04,46.21558871418637,1726.0,40.500000578117515,496.0,29.0,42.0,36.0,190.0,29.0,AWW,36.0,AWW,5123.0,4793.0,10533.0
238,Switzerland,2.0,4.0,0.08,0.04,27.16116017107798,1081.0,29.500000760016256,1687.0,23.0,333.0,31.0,2230.0,23.0,AWW,27.16116017107798,ICU,5153.0,4844.0,10700.0
239,Switzerland,2.0,4.0,0.08,0.04,51.17955709470428,724.0,61.500000263537615,6573.0,29.0,12.0,35.0,33.0,29.0,AWW,35.0,AWW,5138.0,4799.0,10589.0
240,Switzerland,2.0,4.0,0.08,0.04,44.806980595315466,1372.0,40.50000071144802,537.0,26.0,24.0,30.0,63.0,26.0,AWW,30.0,AWW,5144.0,4841.0,10728.0
241,Switzerland,2.0,4.0,0.08,0.04,57.54680313330598,147.0,Inf,NaN,32.0,6.0,35.0,6.0,32.0,AWW,35.0,AWW,5032.0,4763.0,10603.0
242,Switzerland,2.0,4.0,0.08,0.04,38.190854557581034,738.0,40.50000086097419,1230.0,29.0,83.0,38.0,701.0,29.0,AWW,38.0,AWW,5149.0,4746.0,10779.0
243,Switzerland,2.0,4.0,0.08,0.04,40.98521398463037,824.0,40.50000096412394,718.0,16.0,4.0,31.0,80.0,16.0,AWW,31.0,AWW,5152.0,4769.0,10697.0
244,Switzerland,2.0,4.0,0.08,0.04,44.507663122236146,221.0,54.50000096868192,1573.0,29.0,11.0,36.0,47.0,29.0,AWW,36.0,AWW,5017.0,4748.0,10794.0
245,Switzerland,2.0,4.0,0.08,0.04,43.3927140135786,1278.0,43.50000097436615,1307.0,17.0,0.0,18.0,0.0,17.0,AWW,18.0,AWW,5087.0,4802.0,10574.0
246,Switzerland,2.0,4.0,0.08,0.04,40.065146628754995,250.0,50.500000681933386,2301.0,31.0,30.0,37.0,127.0,31.0,AWW,37.0,AWW,5237.0,4771.0,10605.0
247,Switzerland,2.0,4.0,0.08,0.04,43.895556057166836,729.0,43.50000015166369,677.0,25.0,7.0,26.0,7.0,25.0,AWW,26.0,AWW,5115.0,4836.0,10715.0
248,Switzerland,2.0,4.0,0.08,0.04,49.10593349032161,1791.0,43.50000096276937,530.0,26.0,9.0,35.0,74.0,26.0,AWW,35.0,AWW,5093.0,4698.0,10546.0
249,Switzerland,2.0,4.0,0.08,0.04,40.84376120054436,1367.0,40.50000050245968,1269.0,25.0,30.0,28.0,69.0,25.0,AWW,28.0,AWW,5060.0,4725.0,10775.0
250,Switzerland,2.0,4.0,0.08,0.04,50.329436810350465,3894.0,47.50000094477511,1979.0,15.0,0.0,36.0,129.0,15.0,AWW,36.0,AWW,5000.0,4837.0,10613.0
251,Switzerland,2.0,4.0,0.08,0.04,41.64949087059751,737.0,36.50000002013332,236.0,14.0,3.0,14.0,3.0,14.0,AWW,14.0,AWW,5178.0,4825.0,10718.0
252,Switzerland,2.0,4.0,0.08,0.04,32.699677933152884,863.0,33.5000008229654,1053.0,16.0,4.0,36.0,1860.0,16.0,AWW,32.699677933152884,ICU,5078.0,4800.0,10621.0
253,Switzerland,2.0,4.0,0.08,0.04,39.655367969890236,726.0,33.500000992135746,196.0,22.0,16.0,36.0,325.0,22.0,AWW,33.500000992135746,HARISS,5042.0,4616.0,10593.0
254,Switzerland,2.0,4.0,0.08,0.04,52.35817971540557,524.0,43.500000965742736,81.0,20.0,4.0,31.0,15.0,20.0,AWW,31.0,AWW,5060.0,4808.0,10591.0
255,Switzerland,2.0,4.0,0.08,0.04,37.694389519602076,1666.0,33.500000817275634,683.0,30.0,302.0,33.0,597.0,30.0,AWW,33.0,AWW,5034.0,4758.0,10600.0
256,Switzerland,2.0,4.0,0.08,0.04,39.68809982394489,1132.0,29.500000788102973,128.0,25.0,44.0,38.0,767.0,25.0,AWW,29.500000788102973,HARISS,5137.0,4929.0,10455.0
257,Switzerland,2.0,4.0,0.08,0.04,37.475105460307155,454.0,43.50000076016984,1727.0,13.0,0.0,29.0,65.0,13.0,AWW,29.0,AWW,5087.0,4797.0,10612.0
258,Switzerland,2.0,4.0,0.08,0.04,46.9508393296841,404.0,36.500000765661895,51.0,19.0,0.0,41.0,107.0,19.0,AWW,36.500000765661895,HARISS,5012.0,4733.0,10687.0
259,Switzerland,2.0,4.0,0.08,0.04,39.80436687458396,881.0,40.500000959708814,1031.0,17.0,1.0,31.0,144.0,17.0,AWW,31.0,AWW,5109.0,4876.0,10630.0
260,Switzerland,2.0,4.0,0.08,0.04,34.03152465675393,1143.0,36.500000783040804,1904.0,25.0,119.0,38.0,2425.0,25.0,AWW,34.03152465675393,ICU,5140.0,4683.0,10558.0
261,Switzerland,2.0,4.0,0.08,0.04,32.76311356667858,1489.0,29.50000022559719,615.0,24.0,152.0,37.0,3464.0,24.0,AWW,29.50000022559719,HARISS,5085.0,4844.0,10615.0
262,Switzerland,2.0,4.0,0.08,0.04,51.936002598935,5851.0,40.500000919629834,442.0,31.0,59.0,37.0,194.0,31.0,AWW,37.0,AWW,5130.0,4678.0,10915.0
263,Switzerland,2.0,4.0,0.08,0.04,57.35250166797962,4412.0,47.500000064579446,425.0,25.0,2.0,31.0,7.0,25.0,AWW,31.0,AWW,5317.0,4716.0,10615.0
264,Switzerland,2.0,4.0,0.08,0.04,39.404589875427845,41.0,54.50000074496509,771.0,35.0,16.0,36.0,23.0,35.0,AWW,36.0,AWW,5017.0,4914.0,10750.0
265,Switzerland,2.0,4.0,0.08,0.04,32.686559068315866,275.0,40.50000085033719,1629.0,29.0,115.0,34.0,390.0,29.0,AWW,32.686559068315866,ICU,5034.0,4760.0,10598.0
266,Switzerland,2.0,4.0,0.08,0.04,55.36411878389963,255.0,50.50000014402811,112.0,29.0,8.0,30.0,8.0,29.0,AWW,30.0,AWW,5184.0,4839.0,10671.0
267,Switzerland,2.0,4.0,0.08,0.04,24.91301095931036,192.0,33.500000308525415,1191.0,29.0,445.0,35.0,1702.0,24.91301095931036,ICU,24.91301095931036,ICU,5129.0,4732.0,10716.0
268,Switzerland,2.0,4.0,0.08,0.04,36.47684849870366,757.0,33.50000054719008,409.0,28.0,152.0,33.0,371.0,28.0,AWW,33.0,AWW,5252.0,4878.0,10740.0
269,Switzerland,2.0,4.0,0.08,0.04,23.983617069778255,58.0,26.50000097621923,90.0,31.0,233.0,37.0,864.0,23.983617069778255,ICU,23.983617069778255,ICU,5144.0,4806.0,10741.0
270,Switzerland,2.0,4.0,0.08,0.04,42.596509220571335,1847.0,36.50000032259379,480.0,20.0,21.0,35.0,369.0,20.0,AWW,35.0,AWW,5097.0,4754.0,10721.0
271,Switzerland,2.0,4.0,0.08,0.04,40.477053027384756,318.0,54.5000008678724,5840.0,31.0,39.0,32.0,46.0,31.0,AWW,32.0,AWW,5115.0,4708.0,10481.0
272,Switzerland,2.0,4.0,0.08,0.04,43.3657356874079,1018.0,47.50000034316244,2376.0,14.0,3.0,40.0,486.0,14.0,AWW,40.0,AWW,5160.0,4791.0,10777.0
273,Switzerland,2.0,4.0,0.08,0.04,41.143168629581,711.0,47.50000004814678,2718.0,23.0,12.0,37.0,299.0,23.0,AWW,37.0,AWW,5221.0,4825.0,10908.0
274,Switzerland,2.0,4.0,0.08,0.04,42.67817365631037,1701.0,40.50000087339082,1081.0,30.0,123.0,33.0,214.0,30.0,AWW,33.0,AWW,4955.0,4805.0,10810.0
275,Switzerland,2.0,4.0,0.08,0.04,53.48697810518821,4939.0,43.50000083907293,549.0,29.0,34.0,39.0,225.0,29.0,AWW,39.0,AWW,5139.0,4812.0,10764.0
276,Switzerland,2.0,4.0,0.08,0.04,33.843157686709034,380.0,33.50000045177437,371.0,10.0,0.0,39.0,691.0,10.0,AWW,33.50000045177437,HARISS,5062.0,4830.0,10541.0
277,Switzerland,2.0,4.0,0.08,0.04,44.1804688376684,1007.0,33.500000068965534,99.0,23.0,18.0,24.0,21.0,23.0,AWW,24.0,AWW,5139.0,4870.0,10757.0
278,Switzerland,2.0,4.0,0.08,0.04,36.3203501379339,400.0,43.5000009398837,2305.0,22.0,11.0,23.0,16.0,22.0,AWW,23.0,AWW,5124.0,4784.0,10524.0
279,Switzerland,2.0,4.0,0.08,0.04,37.523560230772546,61.0,22.500000600168004,1.0,18.0,0.0,29.0,6.0,18.0,AWW,22.500000600168004,HARISS,5178.0,4876.0,10650.0
280,Switzerland,2.0,4.0,0.08,0.04,47.68519656334093,1197.0,47.500000104327796,1169.0,30.0,21.0,33.0,40.0,30.0,AWW,33.0,AWW,5167.0,4919.0,10565.0
281,Switzerland,2.0,4.0,0.08,0.04,53.523753823655966,4165.0,47.500000575256465,1119.0,25.0,6.0,35.0,69.0,25.0,AWW,35.0,AWW,5305.0,4821.0,10713.0
282,Switzerland,2.0,4.0,0.08,0.04,48.426271939832745,445.0,50.500000339911956,687.0,26.0,8.0,36.0,42.0,26.0,AWW,36.0,AWW,5142.0,4895.0,10709.0
283,Switzerland,2.0,4.0,0.08,0.04,24.6612729868972,1007.0,26.500000958981907,1541.0,27.0,1728.0,34.0,6067.0,24.6612729868972,ICU,24.6612729868972,ICU,5068.0,4744.0,10692.0
284,Switzerland,2.0,4.0,0.08,0.04,39.589130624572036,643.0,43.500000115333734,1557.0,18.0,2.0,27.0,34.0,18.0,AWW,27.0,AWW,5105.0,4776.0,10646.0
285,Switzerland,2.0,4.0,0.08,0.04,22.951554052902168,313.0,26.500000734681667,569.0,19.0,66.0,36.0,2940.0,19.0,AWW,22.951554052902168,ICU,5060.0,4822.0,10585.0
286,Switzerland,2.0,4.0,0.08,0.04,28.021457656425863,80.0,43.50000044092193,2182.0,26.0,52.0,27.0,60.0,26.0,AWW,27.0,AWW,5110.0,4835.0,10680.0
287,Switzerland,2.0,4.0,0.08,0.04,55.20538319018095,4312.0,54.50000010490368,3678.0,28.0,13.0,36.0,66.0,28.0,AWW,36.0,AWW,5101.0,4697.0,10629.0
288,Switzerland,2.0,4.0,0.08,0.04,33.649847179134795,611.0,33.50000063913016,588.0,31.0,320.0,31.0,320.0,31.0,AWW,31.0,AWW,5144.0,4674.0,10930.0
289,Switzerland,2.0,4.0,0.08,0.04,43.00081323437307,284.0,54.500000698072064,3216.0,22.0,16.0,37.0,89.0,22.0,AWW,37.0,AWW,5115.0,4697.0,10709.0
290,Switzerland,2.0,4.0,0.08,0.04,42.01760176145168,1815.0,40.500000331738946,1342.0,25.0,29.0,32.0,188.0,25.0,AWW,32.0,AWW,5128.0,4817.0,10812.0
291,Switzerland,2.0,4.0,0.08,0.04,37.034801532076976,157.0,43.50000074121621,650.0,19.0,1.0,35.0,108.0,19.0,AWW,35.0,AWW,5166.0,4850.0,10596.0
292,Switzerland,2.0,4.0,0.08,0.04,26.0699054182159,1424.0,8.500000820970293,17.0,28.0,2094.0,31.0,4074.0,8.500000820970293,HARISS,8.500000820970293,HARISS,5144.0,4757.0,10542.0
293,Switzerland,2.0,4.0,0.08,0.04,23.375111552923737,396.0,12.500000501293432,24.0,23.0,374.0,36.0,6764.0,12.500000501293432,HARISS,12.500000501293432,HARISS,5152.0,4724.0,10748.0
294,Switzerland,2.0,4.0,0.08,0.04,45.922235069871874,2337.0,40.50000051244222,723.0,6.0,0.0,19.0,6.0,6.0,AWW,19.0,AWW,5240.0,4770.0,10794.0
295,Switzerland,2.0,4.0,0.08,0.04,48.4313593260976,1816.0,50.500000553710024,2819.0,25.0,23.0,25.0,23.0,25.0,AWW,25.0,AWW,5063.0,4622.0,10570.0
296,Switzerland,2.0,4.0,0.08,0.04,47.06634818766505,442.0,54.500000592912095,2106.0,26.0,8.0,27.0,9.0,26.0,AWW,27.0,AWW,5126.0,4751.0,10726.0
297,Switzerland,2.0,4.0,0.08,0.04,45.94990590401434,5493.0,36.500000740701665,679.0,33.0,328.0,34.0,407.0,33.0,AWW,34.0,AWW,5136.0,4891.0,10745.0
298,Switzerland,2.0,4.0,0.08,0.04,30.422608984513733,574.0,36.50000045234721,2062.0,24.0,122.0,31.0,656.0,24.0,AWW,30.422608984513733,ICU,5104.0,4646.0,10666.0
299,Switzerland,2.0,4.0,0.08,0.04,26.058821472628583,48.0,47.50000024223801,3181.0,29.0,74.0,33.0,150.0,26.058821472628583,ICU,26.058821472628583,ICU,5162.0,4737.0,10694.0
300,Switzerland,2.0,4.0,0.08,0.04,39.50022418562178,509.0,36.50000003299549,267.0,23.0,34.0,34.0,171.0,23.0,AWW,34.0,AWW,5074.0,4781.0,10893.0
301,Switzerland,2.0,4.0,0.08,0.04,47.99312806326813,2001.0,50.50000000663931,3270.0,27.0,22.0,28.0,31.0,27.0,AWW,28.0,AWW,5101.0,4618.0,10691.0
302,Switzerland,2.0,4.0,0.08,0.04,22.717400153691443,2.0,Inf,NaN,15.0,0.0,38.0,4.0,15.0,AWW,22.717400153691443,ICU,5093.0,4775.0,10521.0
303,Switzerland,2.0,4.0,0.08,0.04,38.30344885867023,151.0,43.50000069210844,440.0,30.0,46.0,35.0,80.0,30.0,AWW,35.0,AWW,5175.0,4851.0,10905.0
304,Switzerland,2.0,4.0,0.08,0.04,50.28814119290311,1234.0,50.50000097943843,1292.0,17.0,1.0,8.0,0.0,17.0,AWW,8.0,AWW,5101.0,4833.0,10837.0
305,Switzerland,2.0,4.0,0.08,0.04,30.55741044236459,541.0,40.500000568420155,4904.0,24.0,127.0,33.0,944.0,24.0,AWW,30.55741044236459,ICU,5012.0,4840.0,10708.0
306,Switzerland,2.0,4.0,0.08,0.04,54.843321579999326,4137.0,50.50000014122364,1612.0,28.0,5.0,37.0,63.0,28.0,AWW,37.0,AWW,5023.0,4654.0,10695.0
307,Switzerland,2.0,4.0,0.08,0.04,40.58944523413883,407.0,40.50000089549023,396.0,29.0,58.0,39.0,316.0,29.0,AWW,39.0,AWW,5121.0,4872.0,10508.0
308,Switzerland,2.0,4.0,0.08,0.04,39.5467395969142,1413.0,43.500000788624135,3358.0,32.0,257.0,37.0,777.0,32.0,AWW,37.0,AWW,5040.0,4858.0,10586.0
309,Switzerland,2.0,4.0,0.08,0.04,44.668261589053905,2369.0,50.50000036499409,8944.0,21.0,14.0,40.0,775.0,21.0,AWW,40.0,AWW,5178.0,4686.0,10528.0
310,Switzerland,2.0,4.0,0.08,0.04,41.61603189825016,2551.0,40.50000094379951,1949.0,14.0,0.0,36.0,625.0,14.0,AWW,36.0,AWW,5127.0,4689.0,10632.0
311,Switzerland,2.0,4.0,0.08,0.04,17.295353603244983,7.0,33.500000393793414,198.0,19.0,9.0,36.0,347.0,17.295353603244983,ICU,17.295353603244983,ICU,5154.0,4793.0,10530.0
312,Switzerland,2.0,4.0,0.08,0.04,36.46315144003652,69.0,57.500000957780294,3473.0,19.0,4.0,19.0,4.0,19.0,AWW,19.0,AWW,5070.0,4764.0,10659.0
313,Switzerland,2.0,4.0,0.08,0.04,47.25647920351181,2517.0,47.50000025851636,2627.0,34.0,166.0,35.0,199.0,34.0,AWW,35.0,AWW,5166.0,4727.0,10578.0
314,Switzerland,2.0,4.0,0.08,0.04,56.84594275561328,2394.0,61.50000076539307,6700.0,28.0,9.0,29.0,10.0,28.0,AWW,29.0,AWW,5147.0,4826.0,10717.0
315,Switzerland,2.0,4.0,0.08,0.04,29.79021962737081,40.0,47.50000085150464,1856.0,10.0,1.0,39.0,286.0,10.0,AWW,29.79021962737081,ICU,5109.0,4756.0,10684.0
316,Switzerland,2.0,4.0,0.08,0.04,42.89620376919085,817.0,43.50000070846101,936.0,34.0,115.0,37.0,231.0,34.0,AWW,37.0,AWW,5066.0,4822.0,10754.0
317,Switzerland,2.0,4.0,0.08,0.04,32.9206635711659,1149.0,36.50000087852343,2668.0,16.0,14.0,17.0,24.0,16.0,AWW,17.0,AWW,5133.0,4737.0,10654.0
318,Switzerland,2.0,4.0,0.08,0.04,32.04655547856849,397.0,29.500000052273524,280.0,21.0,53.0,35.0,773.0,21.0,AWW,29.500000052273524,HARISS,5156.0,4882.0,10551.0
319,Switzerland,2.0,4.0,0.08,0.04,49.29484931957416,3062.0,36.50000061407909,169.0,27.0,19.0,35.0,114.0,27.0,AWW,35.0,AWW,5208.0,4800.0,10662.0
320,Switzerland,2.0,4.0,0.08,0.04,43.67574446359886,919.0,50.50000005581639,4114.0,26.0,15.0,36.0,162.0,26.0,AWW,36.0,AWW,5088.0,4873.0,10698.0
321,Switzerland,2.0,4.0,0.08,0.04,39.76162922352108,457.0,47.50000076068845,2503.0,31.0,76.0,38.0,310.0,31.0,AWW,38.0,AWW,5271.0,4763.0,10863.0
322,Switzerland,2.0,4.0,0.08,0.04,11.815305180140685,142.0,22.500000650948586,1291.0,26.0,2693.0,36.0,22545.0,11.815305180140685,ICU,11.815305180140685,ICU,5081.0,4845.0,10642.0
323,Switzerland,2.0,4.0,0.08,0.04,59.895077736853345,5100.0,54.50000045207622,1637.0,18.0,0.0,30.0,10.0,18.0,AWW,30.0,AWW,5177.0,4797.0,10614.0
324,Switzerland,2.0,4.0,0.08,0.04,21.053010970983674,39.0,Inf,NaN,12.0,0.0,13.0,0.0,12.0,AWW,13.0,AWW,5122.0,4809.0,10632.0
325,Switzerland,2.0,4.0,0.08,0.04,19.585369303405106,13.0,Inf,NaN,25.0,13.0,25.0,13.0,19.585369303405106,ICU,19.585369303405106,ICU,5120.0,4768.0,10661.0
326,Switzerland,2.0,4.0,0.08,0.04,40.3219382326295,233.0,29.500000560483997,52.0,29.0,50.0,37.0,131.0,29.0,AWW,29.500000560483997,HARISS,5201.0,4826.0,10617.0
327,Switzerland,2.0,4.0,0.08,0.04,41.200014186261605,1130.0,33.50000057723241,229.0,22.0,24.0,39.0,748.0,22.0,AWW,33.50000057723241,HARISS,5218.0,4755.0,10741.0
328,Switzerland,2.0,4.0,0.08,0.04,43.811592327411894,318.0,54.500000322484205,3290.0,20.0,1.0,26.0,4.0,20.0,AWW,26.0,AWW,5106.0,4721.0,10565.0
329,Switzerland,2.0,4.0,0.08,0.04,29.945123217978825,673.0,29.50000069338307,643.0,17.0,33.0,35.0,1181.0,17.0,AWW,29.50000069338307,HARISS,5122.0,4740.0,10721.0
330,Switzerland,2.0,4.0,0.08,0.04,44.06879900071746,1705.0,36.500000411553586,342.0,24.0,18.0,40.0,714.0,24.0,AWW,36.500000411553586,HARISS,5142.0,4791.0,10701.0
331,Switzerland,2.0,4.0,0.08,0.04,51.3228600624424,2070.0,50.50000010395106,1783.0,26.0,9.0,27.0,18.0,26.0,AWW,27.0,AWW,5169.0,4765.0,10657.0
332,Switzerland,2.0,4.0,0.08,0.04,11.998659300257271,8.0,Inf,NaN,27.0,8.0,36.0,8.0,11.998659300257271,ICU,11.998659300257271,ICU,5153.0,4763.0,10628.0
333,Switzerland,2.0,4.0,0.08,0.04,40.12228422406505,982.0,40.50000046812522,1081.0,28.0,134.0,34.0,312.0,28.0,AWW,34.0,AWW,5053.0,4920.0,10791.0
334,Switzerland,2.0,4.0,0.08,0.04,47.978192809439015,2319.0,50.50000047277223,4066.0,38.0,260.0,39.0,319.0,38.0,AWW,39.0,AWW,4971.0,4763.0,10689.0
335,Switzerland,2.0,4.0,0.08,0.04,27.44255804376584,16.0,57.50000047899376,1433.0,32.0,21.0,33.0,24.0,27.44255804376584,ICU,27.44255804376584,ICU,5012.0,4766.0,10603.0
336,Switzerland,2.0,4.0,0.08,0.04,53.0025075249677,5119.0,43.50000034701592,645.0,28.0,39.0,38.0,188.0,28.0,AWW,38.0,AWW,5047.0,4742.0,10780.0
337,Switzerland,2.0,4.0,0.08,0.04,45.52497721308089,804.0,50.500000596254736,2284.0,17.0,0.0,38.0,181.0,17.0,AWW,38.0,AWW,5102.0,4819.0,10660.0
338,Switzerland,2.0,4.0,0.08,0.04,41.7273912425732,229.0,33.500000835156484,42.0,31.0,19.0,32.0,24.0,31.0,AWW,32.0,AWW,5208.0,4781.0,10670.0
339,Switzerland,2.0,4.0,0.08,0.04,47.21427896820319,1882.0,40.500000349309744,457.0,24.0,16.0,38.0,286.0,24.0,AWW,38.0,AWW,5104.0,4765.0,10562.0
340,Switzerland,2.0,4.0,0.08,0.04,38.89329982319443,215.0,40.500000997240775,297.0,31.0,46.0,32.0,61.0,31.0,AWW,32.0,AWW,5030.0,4787.0,10576.0
341,Switzerland,2.0,4.0,0.08,0.04,45.96625966525422,378.0,54.500000161208696,2555.0,26.0,4.0,22.0,2.0,26.0,AWW,22.0,AWW,5095.0,4877.0,10732.0
342,Switzerland,2.0,4.0,0.08,0.04,51.77830306950231,3359.0,50.50000016387189,2592.0,15.0,0.0,31.0,40.0,15.0,AWW,31.0,AWW,5119.0,4928.0,10523.0
343,Switzerland,2.0,4.0,0.08,0.04,45.09585021537413,4542.0,33.50000067707532,363.0,17.0,4.0,31.0,199.0,17.0,AWW,31.0,AWW,5102.0,4727.0,10660.0
344,Switzerland,2.0,4.0,0.08,0.04,32.34898432426233,1084.0,29.500000570291363,681.0,26.0,234.0,38.0,2488.0,26.0,AWW,29.500000570291363,HARISS,5062.0,4848.0,10796.0
345,Switzerland,2.0,4.0,0.08,0.04,41.01660579997567,483.0,43.500000268383246,802.0,25.0,12.0,30.0,32.0,25.0,AWW,30.0,AWW,5133.0,4737.0,10662.0
346,Switzerland,2.0,4.0,0.08,0.04,51.22879981126106,772.0,54.50000017846271,1491.0,15.0,0.0,30.0,10.0,15.0,AWW,30.0,AWW,5078.0,4752.0,10558.0
347,Switzerland,2.0,4.0,0.08,0.04,40.5843854417086,308.0,50.500000245893936,2714.0,27.0,26.0,28.0,30.0,27.0,AWW,28.0,AWW,5063.0,4794.0,10567.0
348,Switzerland,2.0,4.0,0.08,0.04,42.82463106087063,2176.0,47.500000893588556,6028.0,25.0,29.0,35.0,381.0,25.0,AWW,35.0,AWW,5035.0,4746.0,10621.0
349,Switzerland,2.0,4.0,0.08,0.04,43.5249690668209,495.0,50.50000074021546,2302.0,33.0,49.0,34.0,73.0,33.0,AWW,34.0,AWW,5135.0,4872.0,10672.0
350,Switzerland,2.0,4.0,0.08,0.04,34.69301024468414,955.0,36.500000893684906,1427.0,21.0,64.0,37.0,1612.0,21.0,AWW,34.69301024468414,ICU,5125.0,4696.0,10723.0
351,Switzerland,2.0,4.0,0.08,0.04,25.69130754729145,511.0,29.50000034648101,1109.0,25.0,428.0,33.0,2555.0,25.0,AWW,25.69130754729145,ICU,5077.0,4780.0,10763.0
352,Switzerland,2.0,4.0,0.08,0.04,49.91075715751481,3214.0,40.500000417228115,441.0,28.0,23.0,35.0,121.0,28.0,AWW,35.0,AWW,5223.0,4970.0,10593.0
353,Switzerland,2.0,4.0,0.08,0.04,47.99487501988424,986.0,47.50000039762815,907.0,26.0,16.0,30.0,31.0,26.0,AWW,30.0,AWW,5118.0,4838.0,10615.0
354,Switzerland,2.0,4.0,0.08,0.04,46.65822098061921,1885.0,43.500000557514525,905.0,18.0,4.0,37.0,205.0,18.0,AWW,37.0,AWW,5036.0,4881.0,10678.0
355,Switzerland,2.0,4.0,0.08,0.04,32.33031145053588,351.0,26.50000076651939,93.0,24.0,49.0,33.0,430.0,24.0,AWW,26.50000076651939,HARISS,5142.0,4905.0,10656.0
356,Switzerland,2.0,4.0,0.08,0.04,59.53960917120491,2289.0,54.500000192666064,792.0,16.0,0.0,26.0,5.0,16.0,AWW,26.0,AWW,5126.0,4604.0,10653.0
357,Switzerland,2.0,4.0,0.08,0.04,12.958964559062542,24.0,29.500000014743033,896.0,10.0,13.0,19.0,82.0,10.0,AWW,12.958964559062542,ICU,5131.0,4880.0,10641.0
358,Switzerland,2.0,4.0,0.08,0.04,46.66738648043285,4301.0,43.50000056958951,2149.0,28.0,76.0,15.0,2.0,28.0,AWW,15.0,AWW,5076.0,4865.0,10557.0
359,Switzerland,2.0,4.0,0.08,0.04,56.90200349226958,1729.0,50.50000095792701,400.0,33.0,19.0,37.0,34.0,33.0,AWW,37.0,AWW,5160.0,4730.0,10730.0
360,Switzerland,2.0,4.0,0.08,0.04,31.504388148257643,497.0,33.50000097718197,720.0,28.0,183.0,38.0,1492.0,28.0,AWW,31.504388148257643,ICU,5187.0,4903.0,10716.0
361,Switzerland,2.0,4.0,0.08,0.04,46.47060724237392,1843.0,40.500000011016006,474.0,18.0,3.0,36.0,177.0,18.0,AWW,36.0,AWW,5114.0,4692.0,10715.0
362,Switzerland,2.0,4.0,0.08,0.04,31.14097387673406,928.0,36.5000004132042,3361.0,17.0,0.0,33.0,1583.0,17.0,AWW,31.14097387673406,ICU,5083.0,4722.0,10713.0
363,Switzerland,2.0,4.0,0.08,0.04,40.1721168139751,1921.0,36.50000055780836,854.0,33.0,401.0,37.0,968.0,33.0,AWW,36.50000055780836,HARISS,5104.0,4762.0,10864.0
364,Switzerland,2.0,4.0,0.08,0.04,30.44539476274618,459.0,22.5000003424889,110.0,23.0,132.0,37.0,998.0,22.5000003424889,HARISS,22.5000003424889,HARISS,5133.0,4915.0,10743.0
365,Switzerland,2.0,4.0,0.08,0.04,45.02840015741713,1659.0,50.500000387298094,5418.0,23.0,9.0,24.0,12.0,23.0,AWW,24.0,AWW,5199.0,4838.0,10535.0
366,Switzerland,2.0,4.0,0.08,0.04,22.942828610564312,94.0,29.50000065938867,338.0,35.0,974.0,36.0,1238.0,22.942828610564312,ICU,22.942828610564312,ICU,5075.0,4817.0,10735.0
367,Switzerland,2.0,4.0,0.08,0.04,41.47723042140148,75.0,54.50000007931948,1272.0,31.0,10.0,34.0,21.0,31.0,AWW,34.0,AWW,5231.0,4834.0,10673.0
368,Switzerland,2.0,4.0,0.08,0.04,47.21286163660112,1623.0,47.50000076816036,1731.0,24.0,5.0,30.0,32.0,24.0,AWW,30.0,AWW,4985.0,4736.0,10830.0
369,Switzerland,2.0,4.0,0.08,0.04,55.48829005049711,1673.0,54.500000090230486,1373.0,9.0,0.0,39.0,59.0,9.0,AWW,39.0,AWW,5177.0,4742.0,10546.0
370,Switzerland,2.0,4.0,0.08,0.04,40.2942978761046,1512.0,47.50000091431657,7150.0,23.0,32.0,39.0,1110.0,23.0,AWW,39.0,AWW,5058.0,4838.0,10574.0
371,Switzerland,2.0,4.0,0.08,0.04,54.492469814006036,2756.0,40.500000807136736,139.0,27.0,15.0,31.0,28.0,27.0,AWW,31.0,AWW,5160.0,4864.0,10704.0
372,Switzerland,2.0,4.0,0.08,0.04,31.41338354019223,413.0,40.50000026648798,3100.0,17.0,11.0,37.0,1389.0,17.0,AWW,31.41338354019223,ICU,5130.0,4667.0,10696.0
373,Switzerland,2.0,4.0,0.08,0.04,35.42654060883442,2359.0,22.50000071108842,151.0,34.0,1790.0,41.0,8206.0,22.50000071108842,HARISS,22.50000071108842,HARISS,5183.0,4760.0,10608.0
374,Switzerland,2.0,4.0,0.08,0.04,41.84560361886452,483.0,40.500000569243426,344.0,28.0,19.0,36.0,123.0,28.0,AWW,36.0,AWW,5155.0,4745.0,10690.0
375,Switzerland,2.0,4.0,0.08,0.04,57.102974393463796,3316.0,54.500000877684165,1943.0,26.0,8.0,33.0,23.0,26.0,AWW,33.0,AWW,5068.0,4762.0,10800.0
376,Switzerland,2.0,4.0,0.08,0.04,27.821356595550967,584.0,26.50000092059273,461.0,23.0,246.0,30.0,950.0,23.0,AWW,26.50000092059273,HARISS,4991.0,4833.0,10686.0
377,Switzerland,2.0,4.0,0.08,0.04,46.89898517188503,1901.0,50.50000014311885,4232.0,26.0,17.0,27.0,23.0,26.0,AWW,27.0,AWW,4877.0,4806.0,10713.0
378,Switzerland,2.0,4.0,0.08,0.04,22.12809329049742,32.0,33.50000091495242,371.0,30.0,186.0,39.0,1111.0,22.12809329049742,ICU,22.12809329049742,ICU,5069.0,4822.0,10730.0
379,Switzerland,2.0,4.0,0.08,0.04,49.09482573280948,5853.0,43.5000008928674,1691.0,26.0,41.0,27.0,60.0,26.0,AWW,27.0,AWW,5045.0,4759.0,10590.0
380,Switzerland,2.0,4.0,0.08,0.04,34.048448438351826,518.0,40.50000038562558,2304.0,33.0,416.0,34.0,511.0,33.0,AWW,34.0,AWW,5108.0,4766.0,10636.0
381,Switzerland,2.0,4.0,0.08,0.04,60.28365728820961,3267.0,50.5000004783026,374.0,25.0,1.0,28.0,2.0,25.0,AWW,28.0,AWW,5060.0,4786.0,10768.0
382,Switzerland,2.0,4.0,0.08,0.04,43.302881732049705,201.0,50.5000004335735,1020.0,29.0,8.0,33.0,18.0,29.0,AWW,33.0,AWW,5009.0,4852.0,10601.0
383,Switzerland,2.0,4.0,0.08,0.04,51.397329708236114,2520.0,50.500000626290806,2106.0,11.0,0.0,38.0,159.0,11.0,AWW,38.0,AWW,5150.0,4685.0,10667.0
384,Switzerland,2.0,4.0,0.08,0.04,38.15006845569254,1035.0,36.500000129255824,718.0,31.0,201.0,36.0,639.0,31.0,AWW,36.0,AWW,5025.0,4712.0,10658.0
385,Switzerland,2.0,4.0,0.08,0.04,54.00075133356434,1425.0,54.50000070620134,1600.0,35.0,33.0,36.0,40.0,35.0,AWW,36.0,AWW,5055.0,4777.0,10675.0
386,Switzerland,2.0,4.0,0.08,0.04,51.54086770586753,451.0,57.500000433409845,1770.0,32.0,20.0,33.0,23.0,32.0,AWW,33.0,AWW,5146.0,4757.0,10797.0
387,Switzerland,2.0,4.0,0.08,0.04,36.92484569801141,2616.0,33.500000033393476,1285.0,25.0,258.0,40.0,5024.0,25.0,AWW,33.500000033393476,HARISS,5066.0,4831.0,10765.0
388,Switzerland,2.0,4.0,0.08,0.04,54.36730242340856,6069.0,47.50000068760599,1333.0,24.0,10.0,30.0,38.0,24.0,AWW,30.0,AWW,5032.0,4733.0,10625.0
389,Switzerland,2.0,4.0,0.08,0.04,48.20734522062594,1207.0,50.50000005844191,1953.0,28.0,14.0,34.0,41.0,28.0,AWW,34.0,AWW,5133.0,4839.0,10740.0
390,Switzerland,2.0,4.0,0.08,0.04,16.50502641597984,33.0,29.500000216450943,687.0,29.0,637.0,34.0,1461.0,16.50502641597984,ICU,16.50502641597984,ICU,5107.0,4834.0,10613.0
391,Switzerland,2.0,4.0,0.08,0.04,34.704463315237575,79.0,40.500000250731034,293.0,24.0,5.0,32.0,41.0,24.0,AWW,32.0,AWW,5069.0,4834.0,10559.0
392,Switzerland,2.0,4.0,0.08,0.04,24.904451549762197,185.0,22.500000518154025,112.0,29.0,427.0,34.0,1334.0,22.500000518154025,HARISS,22.500000518154025,HARISS,5162.0,4737.0,10620.0
393,Switzerland,2.0,4.0,0.08,0.04,56.550692210709805,3272.0,43.5000000905587,234.0,9.0,0.0,28.0,25.0,9.0,AWW,28.0,AWW,4942.0,4738.0,10707.0
394,Switzerland,2.0,4.0,0.08,0.04,48.29420542671581,1605.0,50.50000029107878,2538.0,33.0,71.0,34.0,85.0,33.0,AWW,34.0,AWW,5068.0,4811.0,10681.0
395,Switzerland,2.0,4.0,0.08,0.04,39.46908821575245,1462.0,36.50000036734165,730.0,17.0,7.0,34.0,408.0,17.0,AWW,34.0,AWW,5112.0,4761.0,10658.0
396,Switzerland,2.0,4.0,0.08,0.04,40.08607103105164,1263.0,40.50000079120194,1384.0,34.0,347.0,35.0,433.0,34.0,AWW,35.0,AWW,5065.0,4649.0,10728.0
397,Switzerland,2.0,4.0,0.08,0.04,65.04080008732387,1395.0,Inf,NaN,12.0,0.0,34.0,16.0,12.0,AWW,34.0,AWW,5131.0,4888.0,10800.0
398,Switzerland,2.0,4.0,0.08,0.04,36.87517421914681,25.0,61.50000066334088,3762.0,29.0,7.0,34.0,13.0,29.0,AWW,34.0,AWW,5077.0,4819.0,10779.0
399,Switzerland,2.0,4.0,0.08,0.04,38.209377502533904,453.0,50.50000029560946,6473.0,21.0,1.0,21.0,1.0,21.0,AWW,21.0,AWW,5120.0,4652.0,10676.0
400,Switzerland,2.0,4.0,0.08,0.04,34.20491790646188,234.0,36.500000278832196,395.0,30.0,80.0,31.0,103.0,30.0,AWW,31.0,AWW,5056.0,4891.0,10595.0
401,Switzerland,2.0,4.0,0.08,0.04,42.458290889633794,2728.0,33.500000691603155,391.0,25.0,50.0,35.0,540.0,25.0,AWW,33.500000691603155,HARISS,5168.0,4935.0,10778.0
402,Switzerland,2.0,4.0,0.08,0.04,58.26584265254232,3941.0,57.50000085050498,3360.0,29.0,10.0,32.0,18.0,29.0,AWW,32.0,AWW,5048.0,4725.0,10784.0
403,Switzerland,2.0,4.0,0.08,0.04,41.82804469892693,441.0,54.50000088301278,7676.0,16.0,1.0,39.0,220.0,16.0,AWW,39.0,AWW,5122.0,4705.0,10661.0
404,Switzerland,2.0,4.0,0.08,0.04,15.846869027099558,483.0,15.50000044775902,441.0,10.0,59.0,30.0,9645.0,10.0,AWW,15.50000044775902,HARISS,5082.0,4849.0,10586.0
405,Switzerland,2.0,4.0,0.08,0.04,25.563258490500296,26.0,47.500000647998355,903.0,24.0,25.0,38.0,128.0,24.0,AWW,25.563258490500296,ICU,5092.0,4755.0,10708.0
406,Switzerland,2.0,4.0,0.08,0.04,45.52109923879305,2042.0,47.500000635636255,3097.0,21.0,6.0,40.0,627.0,21.0,AWW,40.0,AWW,4992.0,4750.0,10478.0
407,Switzerland,2.0,4.0,0.08,0.04,35.362015887991895,79.0,54.50000065531957,4895.0,30.0,26.0,33.0,42.0,30.0,AWW,33.0,AWW,5077.0,4728.0,10494.0
408,Switzerland,2.0,4.0,0.08,0.04,23.904678779863556,32.0,40.500000632098214,1180.0,25.0,40.0,23.0,23.0,23.904678779863556,ICU,23.0,AWW,5081.0,4747.0,10496.0
409,Switzerland,2.0,4.0,0.08,0.04,32.31918228761937,347.0,33.50000034255768,435.0,33.0,401.0,34.0,470.0,32.31918228761937,ICU,32.31918228761937,ICU,4944.0,4817.0,10844.0
410,Switzerland,2.0,4.0,0.08,0.04,42.05617285410043,289.0,54.50000081849743,4751.0,16.0,0.0,33.0,34.0,16.0,AWW,33.0,AWW,5012.0,4760.0,10684.0
411,Switzerland,2.0,4.0,0.08,0.04,41.01195321875352,184.0,43.500000264763734,313.0,19.0,9.0,39.0,131.0,19.0,AWW,39.0,AWW,5011.0,4856.0,10662.0
412,Switzerland,2.0,4.0,0.08,0.04,43.52800934939084,502.0,50.50000065406198,2239.0,33.0,57.0,38.0,153.0,33.0,AWW,38.0,AWW,5076.0,4799.0,10818.0
413,Switzerland,2.0,4.0,0.08,0.04,29.932938418972334,380.0,33.50000009619757,924.0,22.0,22.0,34.0,1013.0,22.0,AWW,29.932938418972334,ICU,5067.0,4907.0,10688.0
414,Switzerland,2.0,4.0,0.08,0.04,23.760923159520903,263.0,33.50000028789883,2394.0,31.0,1364.0,35.0,3282.0,23.760923159520903,ICU,23.760923159520903,ICU,5161.0,4797.0,10707.0
415,Switzerland,2.0,4.0,0.08,0.04,29.847332039497214,2095.0,19.50000002298517,191.0,20.0,216.0,28.0,1362.0,19.50000002298517,HARISS,19.50000002298517,HARISS,5015.0,4859.0,10645.0
416,Switzerland,2.0,4.0,0.08,0.04,44.59806694951896,728.0,36.50000017359496,93.0,35.0,57.0,36.0,83.0,35.0,AWW,36.0,AWW,4955.0,4770.0,10554.0
417,Switzerland,2.0,4.0,0.08,0.04,47.53659794100678,407.0,50.50000034217401,834.0,23.0,7.0,27.0,15.0,23.0,AWW,27.0,AWW,5117.0,4742.0,10736.0
418,Switzerland,2.0,4.0,0.08,0.04,38.57615611288501,2087.0,33.500000939256054,659.0,33.0,609.0,34.0,722.0,33.0,AWW,33.500000939256054,HARISS,5108.0,4875.0,10616.0
419,Switzerland,2.0,4.0,0.08,0.04,33.57222220401745,277.0,47.50000095672141,5922.0,16.0,8.0,26.0,60.0,16.0,AWW,26.0,AWW,5196.0,4850.0,10621.0
420,Switzerland,2.0,4.0,0.08,0.04,37.599068977145485,41.0,54.50000009930531,1651.0,27.0,3.0,28.0,3.0,27.0,AWW,28.0,AWW,5158.0,4875.0,10535.0
421,Switzerland,2.0,4.0,0.08,0.04,64.3589504223175,2385.0,57.50000067180056,969.0,12.0,2.0,34.0,15.0,12.0,AWW,34.0,AWW,5129.0,4902.0,10703.0
422,Switzerland,2.0,4.0,0.08,0.04,44.55974551213717,1959.0,50.5000007314808,7128.0,20.0,13.0,21.0,14.0,20.0,AWW,21.0,AWW,5155.0,4719.0,10630.0
423,Switzerland,2.0,4.0,0.08,0.04,56.984016504039275,2483.0,54.500000620222046,1487.0,24.0,3.0,36.0,47.0,24.0,AWW,36.0,AWW,4916.0,4918.0,10730.0
424,Switzerland,2.0,4.0,0.08,0.04,33.59337519797773,158.0,47.50000073566505,3500.0,30.0,73.0,33.0,138.0,30.0,AWW,33.0,AWW,5083.0,4692.0,10585.0
425,Switzerland,2.0,4.0,0.08,0.04,53.51590801140282,1107.0,47.50000053068553,288.0,31.0,11.0,37.0,30.0,31.0,AWW,37.0,AWW,5062.0,4803.0,10667.0
426,Switzerland,2.0,4.0,0.08,0.04,33.478980196838734,116.0,47.50000042573206,1392.0,31.0,82.0,35.0,138.0,31.0,AWW,33.478980196838734,ICU,5195.0,4712.0,10788.0
427,Switzerland,2.0,4.0,0.08,0.04,31.38914260304005,518.0,29.500000648297217,337.0,21.0,32.0,21.0,32.0,21.0,AWW,21.0,AWW,5299.0,4768.0,10519.0
428,Switzerland,2.0,4.0,0.08,0.04,12.762902128389928,242.0,15.500000648238473,489.0,18.0,808.0,36.0,9412.0,12.762902128389928,ICU,12.762902128389928,ICU,5210.0,4809.0,10534.0
429,Switzerland,2.0,4.0,0.08,0.04,42.235256030852845,665.0,47.50000004893241,2127.0,22.0,4.0,23.0,9.0,22.0,AWW,23.0,AWW,5009.0,4919.0,10626.0
430,Switzerland,2.0,4.0,0.08,0.04,33.88034413657744,100.0,50.50000095123381,2826.0,32.0,71.0,37.0,190.0,32.0,AWW,33.88034413657744,ICU,5134.0,4685.0,10601.0
431,Switzerland,2.0,4.0,0.08,0.04,50.62143888329559,2198.0,50.500000896587125,2126.0,29.0,11.0,30.0,12.0,29.0,AWW,30.0,AWW,5137.0,4666.0,10573.0
432,Switzerland,2.0,4.0,0.08,0.04,46.607152240238754,2356.0,43.50000068525849,1260.0,25.0,17.0,35.0,176.0,25.0,AWW,35.0,AWW,5088.0,4932.0,10596.0
433,Switzerland,2.0,4.0,0.08,0.04,42.01454235675585,1601.0,33.500000652540564,247.0,19.0,11.0,38.0,659.0,19.0,AWW,33.500000652540564,HARISS,5125.0,4789.0,10609.0
434,Switzerland,2.0,4.0,0.08,0.04,54.78134006485637,7081.0,50.50000091297888,2915.0,30.0,42.0,35.0,122.0,30.0,AWW,35.0,AWW,5044.0,4887.0,10527.0
435,Switzerland,2.0,4.0,0.08,0.04,39.64721814404127,3361.0,40.50000004726744,4131.0,15.0,14.0,37.0,1989.0,15.0,AWW,37.0,AWW,5101.0,4772.0,10773.0
436,Switzerland,2.0,4.0,0.08,0.04,28.66683981099206,1102.0,29.500000021646873,1257.0,18.0,44.0,19.0,79.0,18.0,AWW,19.0,AWW,5048.0,4799.0,10800.0
437,Switzerland,2.0,4.0,0.08,0.04,46.3582324439985,1554.0,47.50000057250413,2030.0,20.0,5.0,27.0,23.0,20.0,AWW,27.0,AWW,5188.0,4816.0,10750.0
438,Switzerland,2.0,4.0,0.08,0.04,40.58811332642523,203.0,43.50000079763446,430.0,18.0,0.0,36.0,74.0,18.0,AWW,36.0,AWW,5025.0,4638.0,10730.0
439,Switzerland,2.0,4.0,0.08,0.04,57.05521759451634,1855.0,43.50000041200788,97.0,6.0,0.0,34.0,15.0,6.0,AWW,34.0,AWW,5021.0,4857.0,10707.0
440,Switzerland,2.0,4.0,0.08,0.04,44.14322541634901,2081.0,40.50000090710875,937.0,14.0,0.0,33.0,192.0,14.0,AWW,33.0,AWW,5011.0,4710.0,10561.0
441,Switzerland,2.0,4.0,0.08,0.04,38.003832483282764,367.0,40.50000003922579,662.0,29.0,49.0,29.0,49.0,29.0,AWW,29.0,AWW,5134.0,4793.0,10536.0
442,Switzerland,2.0,4.0,0.08,0.04,37.02670252793055,1481.0,29.50000056540088,290.0,28.0,197.0,37.0,1469.0,28.0,AWW,29.50000056540088,HARISS,4997.0,4878.0,10672.0
443,Switzerland,2.0,4.0,0.08,0.04,39.8157265531089,915.0,47.50000006642787,4698.0,4.0,0.0,21.0,10.0,4.0,AWW,21.0,AWW,5061.0,4677.0,10633.0
444,Switzerland,2.0,4.0,0.08,0.04,45.94498405685902,2428.0,36.50000043027424,335.0,23.0,18.0,35.0,251.0,23.0,AWW,35.0,AWW,4951.0,4805.0,10572.0
445,Switzerland,2.0,4.0,0.08,0.04,16.833660022274447,4.0,43.500000713738785,1274.0,24.0,18.0,41.0,751.0,16.833660022274447,ICU,16.833660022274447,ICU,5062.0,4547.0,10756.0
446,Switzerland,2.0,4.0,0.08,0.04,33.02177083840916,320.0,47.5000007853465,6899.0,28.0,127.0,29.0,151.0,28.0,AWW,29.0,AWW,5183.0,4801.0,10591.0
447,Switzerland,2.0,4.0,0.08,0.04,34.76655055743379,2002.0,33.50000094946688,1529.0,24.0,77.0,31.0,828.0,24.0,AWW,31.0,AWW,5081.0,4678.0,10703.0
448,Switzerland,2.0,4.0,0.08,0.04,25.135226826247763,24.0,Inf,NaN,28.0,24.0,35.0,24.0,25.135226826247763,ICU,25.135226826247763,ICU,5089.0,4810.0,10606.0
449,Switzerland,2.0,4.0,0.08,0.04,31.692494685122444,727.0,40.50000018001477,5226.0,19.0,59.0,35.0,1577.0,19.0,AWW,31.692494685122444,ICU,5194.0,4736.0,10787.0
450,Switzerland,2.0,4.0,0.08,0.04,13.02010228525134,123.0,29.500000913671002,1786.0,20.0,468.0,34.0,4171.0,13.02010228525134,ICU,13.02010228525134,ICU,5039.0,4792.0,10748.0
451,Switzerland,2.0,4.0,0.08,0.04,36.54051314774146,2306.0,33.50000018858893,1140.0,29.0,434.0,39.0,3812.0,29.0,AWW,33.50000018858893,HARISS,5160.0,4762.0,10559.0
452,Switzerland,2.0,4.0,0.08,0.04,45.57868829478199,6257.0,36.50000096138701,835.0,21.0,16.0,38.0,1134.0,21.0,AWW,36.50000096138701,HARISS,5133.0,4809.0,10526.0
453,Switzerland,2.0,4.0,0.08,0.04,42.08799896503259,4026.0,26.50000047401092,155.0,23.0,85.0,36.0,1077.0,23.0,AWW,26.50000047401092,HARISS,4993.0,4818.0,10691.0
454,Switzerland,2.0,4.0,0.08,0.04,29.88731592559907,80.0,40.50000048200451,610.0,28.0,51.0,34.0,173.0,28.0,AWW,29.88731592559907,ICU,5074.0,4811.0,10773.0
455,Switzerland,2.0,4.0,0.08,0.04,46.827726285227094,392.0,40.500000117087815,117.0,18.0,12.0,36.0,56.0,18.0,AWW,36.0,AWW,5199.0,4705.0,10806.0
456,Switzerland,2.0,4.0,0.08,0.04,17.108669360686832,99.0,26.50000080301301,1146.0,8.0,0.0,34.0,4533.0,8.0,AWW,17.108669360686832,ICU,5189.0,4783.0,10659.0
457,Switzerland,2.0,4.0,0.08,0.04,59.88774714228236,855.0,54.50000019790011,278.0,28.0,9.0,37.0,15.0,28.0,AWW,37.0,AWW,5149.0,4827.0,10676.0
458,Switzerland,2.0,4.0,0.08,0.04,42.22888419901814,671.0,43.500000554136804,882.0,26.0,16.0,27.0,19.0,26.0,AWW,27.0,AWW,5008.0,4892.0,10470.0
459,Switzerland,2.0,4.0,0.08,0.04,35.75597609591251,357.0,47.500000009394725,5250.0,31.0,125.0,34.0,255.0,31.0,AWW,34.0,AWW,5166.0,4715.0,10884.0
460,Switzerland,2.0,4.0,0.08,0.04,46.624104902783536,1165.0,40.500000497978974,321.0,15.0,1.0,34.0,75.0,15.0,AWW,34.0,AWW,5065.0,4784.0,10502.0
461,Switzerland,2.0,4.0,0.08,0.04,33.88566368078597,475.0,36.500000076578395,847.0,15.0,0.0,35.0,616.0,15.0,AWW,33.88566368078597,ICU,5066.0,4819.0,10674.0
462,Switzerland,2.0,4.0,0.08,0.04,25.09328098742551,272.0,36.500000327737645,3529.0,28.0,586.0,38.0,4873.0,25.09328098742551,ICU,25.09328098742551,ICU,5082.0,4760.0,10854.0
463,Switzerland,2.0,4.0,0.08,0.04,27.50888745459146,860.0,22.50000011364127,296.0,10.0,15.0,34.0,3502.0,10.0,AWW,22.50000011364127,HARISS,5168.0,4707.0,10609.0
464,Switzerland,2.0,4.0,0.08,0.04,35.40688648047681,6432.0,22.50000054436923,692.0,30.0,2341.0,34.0,4935.0,22.50000054436923,HARISS,22.50000054436923,HARISS,5143.0,4763.0,10746.0
465,Switzerland,2.0,4.0,0.08,0.04,21.672539808017678,11.0,Inf,NaN,22.0,11.0,38.0,11.0,21.672539808017678,ICU,21.672539808017678,ICU,5152.0,4856.0,10710.0
466,Switzerland,2.0,4.0,0.08,0.04,38.774065582664164,648.0,47.500000566090314,3853.0,29.0,67.0,36.0,350.0,29.0,AWW,36.0,AWW,5104.0,4844.0,10585.0
467,Switzerland,2.0,4.0,0.08,0.04,48.41994514153733,2137.0,33.50000028583296,68.0,24.0,8.0,24.0,8.0,24.0,AWW,24.0,AWW,5060.0,4850.0,10725.0
468,Switzerland,2.0,4.0,0.08,0.04,54.31742016580624,1969.0,54.50000042916889,2043.0,22.0,5.0,30.0,15.0,22.0,AWW,30.0,AWW,5019.0,4821.0,10611.0
469,Switzerland,2.0,4.0,0.08,0.04,35.920938026392676,1584.0,19.500000269766584,58.0,27.0,224.0,33.0,797.0,19.500000269766584,HARISS,19.500000269766584,HARISS,5098.0,4795.0,10612.0
470,Switzerland,2.0,4.0,0.08,0.04,47.53471710735177,5516.0,47.50000013542515,5477.0,19.0,3.0,30.0,127.0,19.0,AWW,30.0,AWW,5002.0,4799.0,10611.0
471,Switzerland,2.0,4.0,0.08,0.04,31.63817136258638,651.0,26.500000604787623,208.0,16.0,20.0,25.0,158.0,16.0,AWW,25.0,AWW,4838.0,4767.0,10811.0
472,Switzerland,2.0,4.0,0.08,0.04,30.39918908826006,140.0,40.50000055124105,1147.0,31.0,152.0,32.0,183.0,30.39918908826006,ICU,30.39918908826006,ICU,5102.0,4787.0,10725.0
473,Switzerland,2.0,4.0,0.08,0.04,55.320805218676966,423.0,57.50000045720799,683.0,24.0,4.0,33.0,7.0,24.0,AWW,33.0,AWW,5076.0,4794.0,10894.0
474,Switzerland,2.0,4.0,0.08,0.04,30.75194928109001,430.0,40.50000016337305,3424.0,23.0,73.0,24.0,103.0,23.0,AWW,24.0,AWW,5076.0,4841.0,10760.0
475,Switzerland,2.0,4.0,0.08,0.04,25.191722435169435,233.0,33.500000726766025,1291.0,18.0,50.0,38.0,3360.0,18.0,AWW,25.191722435169435,ICU,5080.0,4782.0,10772.0
476,Switzerland,2.0,4.0,0.08,0.04,31.235788791119482,55.0,47.50000054103084,1747.0,25.0,20.0,33.0,67.0,25.0,AWW,31.235788791119482,ICU,4979.0,4902.0,10614.0
477,Switzerland,2.0,4.0,0.08,0.04,38.0032837655329,2052.0,36.50000008934889,1402.0,17.0,19.0,36.0,1263.0,17.0,AWW,36.0,AWW,5254.0,4800.0,10624.0
478,Switzerland,2.0,4.0,0.08,0.04,34.95320206121449,2891.0,36.50000098198721,4071.0,14.0,0.0,31.0,1151.0,14.0,AWW,31.0,AWW,5088.0,4872.0,10627.0
479,Switzerland,2.0,4.0,0.08,0.04,44.04287205434695,543.0,54.500000113066186,5264.0,18.0,2.0,31.0,29.0,18.0,AWW,31.0,AWW,5040.0,4800.0,10608.0
480,Switzerland,2.0,4.0,0.08,0.04,45.1238734496924,673.0,43.500000916047895,472.0,28.0,14.0,42.0,323.0,28.0,AWW,42.0,AWW,5121.0,4815.0,10404.0
481,Switzerland,2.0,4.0,0.08,0.04,25.08305229616058,117.0,33.5000005115512,647.0,20.0,38.0,21.0,49.0,20.0,AWW,21.0,AWW,5118.0,4725.0,10733.0
482,Switzerland,2.0,4.0,0.08,0.04,51.29827088218985,2441.0,50.500000821140965,2076.0,21.0,4.0,35.0,83.0,21.0,AWW,35.0,AWW,5141.0,4781.0,10581.0
483,Switzerland,2.0,4.0,0.08,0.04,54.34686714658761,859.0,61.500000897713754,4219.0,15.0,0.0,37.0,25.0,15.0,AWW,37.0,AWW,5148.0,4889.0,10644.0
484,Switzerland,2.0,4.0,0.08,0.04,36.96644441152914,435.0,36.50000074424743,391.0,31.0,110.0,34.0,236.0,31.0,AWW,34.0,AWW,5143.0,4813.0,10647.0
485,Switzerland,2.0,4.0,0.08,0.04,47.17966389778055,3265.0,36.50000098860699,303.0,31.0,98.0,36.0,285.0,31.0,AWW,36.0,AWW,5186.0,4691.0,10518.0
486,Switzerland,2.0,4.0,0.08,0.04,23.32472684947314,0.0,Inf,NaN,11.0,0.0,31.0,0.0,11.0,AWW,23.32472684947314,ICU,5139.0,4848.0,10504.0
487,Switzerland,2.0,4.0,0.08,0.04,40.69927317945937,46.0,47.50000052859483,203.0,31.0,7.0,36.0,17.0,31.0,AWW,36.0,AWW,5026.0,4786.0,10734.0
488,Switzerland,2.0,4.0,0.08,0.04,67.97328500146557,168.0,Inf,NaN,20.0,2.0,37.0,9.0,20.0,AWW,37.0,AWW,5176.0,4912.0,10700.0
489,Switzerland,2.0,4.0,0.08,0.04,38.15374093645051,575.0,47.500000435662265,4119.0,25.0,18.0,38.0,550.0,25.0,AWW,38.0,AWW,5128.0,4740.0,10762.0
490,Switzerland,2.0,4.0,0.08,0.04,34.028235714993016,140.0,47.500000456874076,2355.0,21.0,16.0,10.0,2.0,21.0,AWW,10.0,AWW,5145.0,4752.0,10609.0
491,Switzerland,2.0,4.0,0.08,0.04,18.446023764628755,83.0,26.500000227845312,694.0,30.0,1373.0,35.0,3123.0,18.446023764628755,ICU,18.446023764628755,ICU,5050.0,4767.0,10619.0
492,Switzerland,2.0,4.0,0.08,0.04,43.77388138378305,1830.0,47.500000020575904,4135.0,20.0,9.0,32.0,122.0,20.0,AWW,32.0,AWW,5061.0,4765.0,10800.0
493,Switzerland,2.0,4.0,0.08,0.04,42.55855973265195,437.0,54.50000049772773,5405.0,15.0,2.0,15.0,2.0,15.0,AWW,15.0,AWW,5239.0,4908.0,10793.0
494,Switzerland,2.0,4.0,0.08,0.04,45.69682593074331,813.0,54.50000089972568,5573.0,25.0,12.0,34.0,68.0,25.0,AWW,34.0,AWW,5016.0,4953.0,10674.0
495,Switzerland,2.0,4.0,0.08,0.04,37.099990883939014,1638.0,33.50000083773242,717.0,27.0,153.0,28.0,196.0,27.0,AWW,28.0,AWW,5119.0,4758.0,10779.0
496,Switzerland,2.0,4.0,0.08,0.04,57.58196181902451,4801.0,54.50000027136201,2433.0,25.0,1.0,40.0,84.0,25.0,AWW,40.0,AWW,5039.0,4739.0,10604.0
497,Switzerland,2.0,4.0,0.08,0.04,48.342728283599655,551.0,33.50000056367618,20.0,23.0,2.0,39.0,79.0,23.0,AWW,33.50000056367618,HARISS,5153.0,4872.0,10774.0
498,Switzerland,2.0,4.0,0.08,0.04,30.431981619184704,128.0,33.50000079264882,303.0,29.0,91.0,34.0,331.0,29.0,AWW,30.431981619184704,ICU,5053.0,4752.0,10755.0
499,Switzerland,2.0,4.0,0.08,0.04,10.402923723316949,16.0,Inf,NaN,26.0,16.0,37.0,16.0,10.402923723316949,ICU,10.402923723316949,ICU,4996.0,4782.0,10605.0
500,Switzerland,2.0,4.0,0.08,0.04,36.24608637968178,1209.0,36.50000034834887,1263.0,26.0,121.0,27.0,154.0,26.0,AWW,27.0,AWW,5116.0,4851.0,10660.0
501,Switzerland,2.0,4.0,0.08,0.04,56.496460029694845,3506.0,54.50000041071123,2200.0,15.0,0.0,35.0,43.0,15.0,AWW,35.0,AWW,5048.0,4751.0,10756.0
502,Switzerland,2.0,4.0,0.08,0.04,40.7228278142298,360.0,47.50000006253818,1674.0,34.0,98.0,37.0,179.0,34.0,AWW,37.0,AWW,5132.0,4763.0,10615.0
503,Switzerland,2.0,4.0,0.08,0.04,48.7504774300281,126.0,Inf,NaN,13.0,0.0,38.0,17.0,13.0,AWW,38.0,AWW,4983.0,4815.0,10723.0
504,Switzerland,2.0,4.0,0.08,0.04,26.913600812055545,437.0,40.500000450484016,9210.0,25.0,279.0,30.0,850.0,25.0,AWW,26.913600812055545,ICU,5015.0,4864.0,10710.0
505,Switzerland,2.0,4.0,0.08,0.04,37.601395612638335,2447.0,36.50000078824469,1949.0,13.0,1.0,36.0,1769.0,13.0,AWW,36.0,AWW,5105.0,4834.0,10707.0
506,Switzerland,2.0,4.0,0.08,0.04,43.73473956854757,779.0,47.50000012705568,1646.0,29.0,38.0,36.0,165.0,29.0,AWW,36.0,AWW,5176.0,4784.0,10602.0
507,Switzerland,2.0,4.0,0.08,0.04,48.03103369024367,1913.0,43.500000091510046,742.0,27.0,23.0,39.0,302.0,27.0,AWW,39.0,AWW,4992.0,4750.0,10519.0
508,Switzerland,2.0,4.0,0.08,0.04,44.62414219323136,1278.0,40.500000013174365,498.0,31.0,57.0,32.0,73.0,31.0,AWW,32.0,AWW,5176.0,4719.0,10824.0
509,Switzerland,2.0,4.0,0.08,0.04,40.18708699586857,620.0,40.50000020529247,666.0,30.0,87.0,36.0,273.0,30.0,AWW,36.0,AWW,5192.0,4757.0,10885.0
510,Switzerland,2.0,4.0,0.08,0.04,44.369529981365886,1476.0,33.5000007249544,152.0,29.0,68.0,33.0,144.0,29.0,AWW,33.0,AWW,5091.0,4712.0,10665.0
511,Switzerland,2.0,4.0,0.08,0.04,44.54077351803201,806.0,47.5000003489548,1607.0,24.0,12.0,38.0,176.0,24.0,AWW,38.0,AWW,5039.0,4673.0,10741.0
512,Switzerland,2.0,4.0,0.08,0.04,47.4970942922215,2768.0,47.50000053782689,2771.0,12.0,9.0,20.0,17.0,12.0,AWW,20.0,AWW,5055.0,4676.0,10557.0
513,Switzerland,2.0,4.0,0.08,0.04,41.4504435144719,2947.0,22.500000281010742,42.0,27.0,111.0,36.0,860.0,22.500000281010742,HARISS,22.500000281010742,HARISS,5091.0,4852.0,10522.0
514,Switzerland,2.0,4.0,0.08,0.04,38.71986601707602,1873.0,40.50000005120331,2758.0,28.0,185.0,31.0,367.0,28.0,AWW,31.0,AWW,5109.0,4829.0,10612.0
515,Switzerland,2.0,4.0,0.08,0.04,29.186729749942728,3790.0,26.500000373492327,2024.0,29.0,3653.0,32.0,6416.0,26.500000373492327,HARISS,26.500000373492327,HARISS,5105.0,4780.0,10660.0
516,Switzerland,2.0,4.0,0.08,0.04,33.655957140080744,2242.0,33.5000008137723,2162.0,28.0,299.0,32.0,1436.0,28.0,AWW,32.0,AWW,4991.0,4586.0,10647.0
517,Switzerland,2.0,4.0,0.08,0.04,41.82256828722838,1877.0,40.50000094166483,1366.0,27.0,66.0,38.0,794.0,27.0,AWW,38.0,AWW,5062.0,4727.0,10765.0
518,Switzerland,2.0,4.0,0.08,0.04,33.14234637177995,2075.0,29.500000067558165,1093.0,20.0,51.0,21.0,74.0,20.0,AWW,21.0,AWW,5080.0,4808.0,10849.0
519,Switzerland,2.0,4.0,0.08,0.04,36.134315070446654,1835.0,40.500000095290495,4685.0,31.0,583.0,32.0,765.0,31.0,AWW,32.0,AWW,5135.0,4789.0,10551.0
520,Switzerland,2.0,4.0,0.08,0.04,45.76821887914218,895.0,43.5000003471524,553.0,25.0,16.0,26.0,17.0,25.0,AWW,26.0,AWW,4995.0,4675.0,10560.0
521,Switzerland,2.0,4.0,0.08,0.04,36.85086270855652,1808.0,33.500000613035496,867.0,32.0,620.0,33.0,788.0,32.0,AWW,33.0,AWW,5059.0,4919.0,10634.0
522,Switzerland,2.0,4.0,0.08,0.04,62.360795694844974,6140.0,57.5000009971777,2313.0,31.0,17.0,35.0,27.0,31.0,AWW,35.0,AWW,5075.0,4793.0,10792.0
523,Switzerland,2.0,4.0,0.08,0.04,43.27025777556455,322.0,40.500000070043406,219.0,30.0,31.0,31.0,38.0,30.0,AWW,31.0,AWW,5203.0,4740.0,10662.0
524,Switzerland,2.0,4.0,0.08,0.04,55.60157540099324,2847.0,57.50000012847625,4503.0,24.0,5.0,22.0,4.0,24.0,AWW,22.0,AWW,5238.0,4663.0,10645.0
525,Switzerland,2.0,4.0,0.08,0.04,32.12214638048501,144.0,40.50000021237064,956.0,25.0,27.0,35.0,282.0,25.0,AWW,32.12214638048501,ICU,5190.0,4753.0,10576.0
526,Switzerland,2.0,4.0,0.08,0.04,35.23373417272463,1123.0,29.50000055737955,342.0,17.0,20.0,17.0,20.0,17.0,AWW,17.0,AWW,5152.0,4808.0,10603.0
527,Switzerland,2.0,4.0,0.08,0.04,38.44287236999675,915.0,40.50000023775009,1365.0,24.0,59.0,38.0,828.0,24.0,AWW,38.0,AWW,5215.0,4730.0,10751.0
528,Switzerland,2.0,4.0,0.08,0.04,39.667569006644115,2089.0,26.50000020476893,112.0,29.0,214.0,30.0,261.0,26.50000020476893,HARISS,26.50000020476893,HARISS,4996.0,4822.0,10674.0
529,Switzerland,2.0,4.0,0.08,0.04,51.718123987065134,1918.0,47.50000005012734,776.0,15.0,0.0,38.0,113.0,15.0,AWW,38.0,AWW,5073.0,4810.0,10798.0
530,Switzerland,2.0,4.0,0.08,0.04,39.76520282926057,447.0,47.50000082901414,2185.0,26.0,24.0,36.0,219.0,26.0,AWW,36.0,AWW,5124.0,4807.0,10708.0
531,Switzerland,2.0,4.0,0.08,0.04,45.496374363759394,2710.0,36.50000033499285,365.0,28.0,47.0,35.0,259.0,28.0,AWW,35.0,AWW,5141.0,4737.0,10521.0
532,Switzerland,2.0,4.0,0.08,0.04,46.518146777743134,704.0,40.50000081006352,223.0,31.0,39.0,37.0,111.0,31.0,AWW,37.0,AWW,5122.0,4772.0,10709.0
533,Switzerland,2.0,4.0,0.08,0.04,43.79892395255198,1058.0,36.500000049668245,189.0,17.0,2.0,38.0,272.0,17.0,AWW,36.500000049668245,HARISS,5168.0,4632.0,10629.0
534,Switzerland,2.0,4.0,0.08,0.04,51.05721325557811,1677.0,47.500000258125176,797.0,7.0,0.0,35.0,78.0,7.0,AWW,35.0,AWW,5180.0,4927.0,10571.0
535,Switzerland,2.0,4.0,0.08,0.04,40.78603394524277,630.0,40.500000252423455,591.0,28.0,38.0,29.0,42.0,28.0,AWW,29.0,AWW,5016.0,4758.0,10620.0
536,Switzerland,2.0,4.0,0.08,0.04,34.191402064829816,1041.0,36.5000007763751,1758.0,13.0,5.0,34.0,992.0,13.0,AWW,34.0,AWW,5143.0,4857.0,10690.0
537,Switzerland,2.0,4.0,0.08,0.04,48.65634097308371,3571.0,43.50000050229974,1226.0,25.0,17.0,33.0,125.0,25.0,AWW,33.0,AWW,5046.0,4681.0,10583.0
538,Switzerland,2.0,4.0,0.08,0.04,49.868495465447644,1807.0,47.50000069641252,1118.0,35.0,74.0,36.0,97.0,35.0,AWW,36.0,AWW,5252.0,4755.0,10592.0
539,Switzerland,2.0,4.0,0.08,0.04,49.35617646337371,5533.0,43.50000074877888,1632.0,30.0,95.0,31.0,122.0,30.0,AWW,31.0,AWW,5132.0,4993.0,10541.0
540,Switzerland,2.0,4.0,0.08,0.04,27.407291762987253,16.0,50.50000040254404,1030.0,23.0,3.0,24.0,7.0,23.0,AWW,24.0,AWW,5165.0,4748.0,10551.0
541,Switzerland,2.0,4.0,0.08,0.04,24.44099957385466,607.0,22.50000023107137,427.0,26.0,889.0,40.0,19667.0,22.50000023107137,HARISS,22.50000023107137,HARISS,5098.0,4843.0,10639.0
542,Switzerland,2.0,4.0,0.08,0.04,41.64936118627343,824.0,43.500000351192206,1293.0,20.0,5.0,34.0,149.0,20.0,AWW,34.0,AWW,5025.0,4771.0,10704.0
543,Switzerland,2.0,4.0,0.08,0.04,37.73288056534759,1344.0,36.500000422489514,1056.0,28.0,188.0,37.0,1151.0,28.0,AWW,36.500000422489514,HARISS,5100.0,4936.0,10651.0
544,Switzerland,2.0,4.0,0.08,0.04,18.80148468840295,449.0,22.50000067710642,918.0,28.0,2579.0,29.0,3320.0,18.80148468840295,ICU,18.80148468840295,ICU,4933.0,4998.0,10812.0
545,Switzerland,2.0,4.0,0.08,0.04,32.34574477214193,246.0,40.500000704653374,1425.0,23.0,33.0,33.0,276.0,23.0,AWW,32.34574477214193,ICU,5120.0,4898.0,10819.0
546,Switzerland,2.0,4.0,0.08,0.04,41.44895481067,1015.0,40.50000062207698,833.0,17.0,0.0,25.0,33.0,17.0,AWW,25.0,AWW,5163.0,4680.0,10825.0
547,Switzerland,2.0,4.0,0.08,0.04,57.12705879770731,826.0,61.50000060334032,2311.0,19.0,0.0,19.0,0.0,19.0,AWW,19.0,AWW,4975.0,4724.0,10844.0
548,Switzerland,2.0,4.0,0.08,0.04,40.82370781173903,1082.0,36.50000094312825,591.0,27.0,142.0,28.0,173.0,27.0,AWW,28.0,AWW,5015.0,4790.0,10662.0
549,Switzerland,2.0,4.0,0.08,0.04,34.47544499255156,452.0,40.50000097060631,1407.0,27.0,88.0,40.0,1266.0,27.0,AWW,34.47544499255156,ICU,5128.0,4915.0,10792.0
550,Switzerland,2.0,4.0,0.08,0.04,35.752494424873994,881.0,40.500000218055106,2405.0,28.0,86.0,33.0,414.0,28.0,AWW,33.0,AWW,5133.0,4734.0,10685.0
551,Switzerland,2.0,4.0,0.08,0.04,16.43652370942106,8.0,43.50000094934667,1255.0,19.0,13.0,32.0,119.0,16.43652370942106,ICU,16.43652370942106,ICU,5116.0,4865.0,10597.0
552,Switzerland,2.0,4.0,0.08,0.04,52.26201871599042,377.0,57.50000089468323,1305.0,26.0,8.0,39.0,31.0,26.0,AWW,39.0,AWW,5175.0,4910.0,10645.0
553,Switzerland,2.0,4.0,0.08,0.04,40.342869904714185,951.0,40.50000057361419,984.0,17.0,0.0,37.0,487.0,17.0,AWW,37.0,AWW,5152.0,4691.0,10597.0
554,Switzerland,2.0,4.0,0.08,0.04,14.772357159285534,31.0,15.500000080785835,31.0,31.0,31.0,16.0,31.0,14.772357159285534,ICU,14.772357159285534,ICU,5119.0,4764.0,10608.0
555,Switzerland,2.0,4.0,0.08,0.04,42.00149170225312,936.0,40.500000923231575,689.0,29.0,41.0,33.0,125.0,29.0,AWW,33.0,AWW,5183.0,4749.0,10815.0
556,Switzerland,2.0,4.0,0.08,0.04,51.030779124579716,3970.0,43.50000098960943,713.0,32.0,45.0,36.0,117.0,32.0,AWW,36.0,AWW,5106.0,4850.0,10724.0
557,Switzerland,2.0,4.0,0.08,0.04,31.71203514294257,271.0,33.500000183839106,363.0,29.0,148.0,30.0,173.0,29.0,AWW,30.0,AWW,5230.0,4904.0,10785.0
558,Switzerland,2.0,4.0,0.08,0.04,31.56746431234327,214.0,33.50000090839332,331.0,8.0,0.0,23.0,30.0,8.0,AWW,23.0,AWW,5027.0,4782.0,10722.0
559,Switzerland,2.0,4.0,0.08,0.04,28.76241894171084,698.0,33.50000014132846,2018.0,31.0,1154.0,37.0,4157.0,28.76241894171084,ICU,28.76241894171084,ICU,4975.0,4730.0,10411.0
560,Switzerland,2.0,4.0,0.08,0.04,46.7188543627129,2449.0,43.50000046635042,1269.0,21.0,7.0,37.0,308.0,21.0,AWW,37.0,AWW,5074.0,4716.0,10553.0
561,Switzerland,2.0,4.0,0.08,0.04,53.135964693790015,572.0,43.50000043826355,76.0,28.0,3.0,29.0,4.0,28.0,AWW,29.0,AWW,5218.0,4793.0,10689.0
562,Switzerland,2.0,4.0,0.08,0.04,34.46226625540427,1441.0,33.500000959205956,1157.0,24.0,152.0,37.0,2556.0,24.0,AWW,33.500000959205956,HARISS,5248.0,4886.0,10624.0
563,Switzerland,2.0,4.0,0.08,0.04,42.29915127905184,302.0,50.500000473648484,1830.0,23.0,4.0,29.0,13.0,23.0,AWW,29.0,AWW,5071.0,4718.0,10685.0
564,Switzerland,2.0,4.0,0.08,0.04,51.6933930933548,5221.0,47.50000026309146,2127.0,18.0,3.0,29.0,46.0,18.0,AWW,29.0,AWW,5148.0,4732.0,10710.0
565,Switzerland,2.0,4.0,0.08,0.04,40.73680001999859,1976.0,43.50000059236752,3767.0,9.0,0.0,32.0,166.0,9.0,AWW,32.0,AWW,5178.0,4754.0,10699.0
566,Switzerland,2.0,4.0,0.08,0.04,11.625534378778438,1.0,57.500000109055186,4595.0,27.0,26.0,31.0,36.0,11.625534378778438,ICU,11.625534378778438,ICU,4980.0,4850.0,10612.0
567,Switzerland,2.0,4.0,0.08,0.04,37.01126759490541,252.0,43.50000089266749,1008.0,26.0,35.0,32.0,93.0,26.0,AWW,32.0,AWW,5117.0,4718.0,10834.0
568,Switzerland,2.0,4.0,0.08,0.04,47.53870800977108,1327.0,47.50000042009208,1314.0,18.0,15.0,36.0,131.0,18.0,AWW,36.0,AWW,5137.0,4822.0,10807.0
569,Switzerland,2.0,4.0,0.08,0.04,65.83921499152237,270.0,Inf,NaN,28.0,10.0,16.0,5.0,28.0,AWW,16.0,AWW,5045.0,4811.0,10798.0
570,Switzerland,2.0,4.0,0.08,0.04,42.026561112097056,1041.0,36.50000012486747,305.0,30.0,57.0,10.0,0.0,30.0,AWW,10.0,AWW,5123.0,4705.0,10515.0
571,Switzerland,2.0,4.0,0.08,0.04,24.72800522770189,5.0,47.50000020236574,99.0,29.0,7.0,35.0,22.0,24.72800522770189,ICU,24.72800522770189,ICU,5115.0,4720.0,10523.0
572,Switzerland,2.0,4.0,0.08,0.04,48.69272059543534,163.0,61.50000089248518,2614.0,23.0,6.0,33.0,15.0,23.0,AWW,33.0,AWW,5110.0,4733.0,10642.0
573,Switzerland,2.0,4.0,0.08,0.04,34.067493669310025,884.0,36.50000046839767,1438.0,21.0,13.0,34.0,866.0,21.0,AWW,34.0,AWW,4998.0,4809.0,10473.0
574,Switzerland,2.0,4.0,0.08,0.04,44.97067741739694,1263.0,50.50000095918587,4543.0,13.0,0.0,21.0,5.0,13.0,AWW,21.0,AWW,5094.0,4762.0,10723.0
575,Switzerland,2.0,4.0,0.08,0.04,53.360337383876036,4537.0,43.50000007630758,585.0,27.0,20.0,41.0,358.0,27.0,AWW,41.0,AWW,5139.0,4939.0,10820.0
576,Switzerland,2.0,4.0,0.08,0.04,40.00431195516618,2020.0,26.50000026194184,146.0,27.0,156.0,34.0,631.0,26.50000026194184,HARISS,26.50000026194184,HARISS,5240.0,4723.0,10828.0
577,Switzerland,2.0,4.0,0.08,0.04,23.458963576510648,477.0,26.50000024671828,897.0,28.0,1252.0,35.0,6001.0,23.458963576510648,ICU,23.458963576510648,ICU,5123.0,4819.0,10716.0
578,Switzerland,2.0,4.0,0.08,0.04,29.619676369779647,1298.0,15.50000084166515,117.0,16.0,133.0,35.0,3353.0,15.50000084166515,HARISS,15.50000084166515,HARISS,5040.0,4840.0,10589.0
579,Switzerland,2.0,4.0,0.08,0.04,42.6446729869062,807.0,47.50000000210878,2248.0,30.0,47.0,36.0,192.0,30.0,AWW,36.0,AWW,5189.0,4707.0,10603.0
580,Switzerland,2.0,4.0,0.08,0.04,52.57364653103499,15380.0,43.50000050464594,2106.0,35.0,340.0,36.0,413.0,35.0,AWW,36.0,AWW,5038.0,4746.0,10827.0
581,Switzerland,2.0,4.0,0.08,0.04,34.24750012078728,66.0,47.500000922070356,837.0,24.0,7.0,31.0,43.0,24.0,AWW,31.0,AWW,4945.0,4889.0,10568.0
582,Switzerland,2.0,4.0,0.08,0.04,5.537377025666007,2.0,Inf,NaN,29.0,2.0,30.0,2.0,5.537377025666007,ICU,5.537377025666007,ICU,5065.0,4791.0,10850.0
583,Switzerland,2.0,4.0,0.08,0.04,49.45561183968043,901.0,50.50000033507354,1055.0,22.0,27.0,38.0,119.0,22.0,AWW,38.0,AWW,5152.0,4759.0,10634.0
584,Switzerland,2.0,4.0,0.08,0.04,41.71789020850967,522.0,43.50000043352901,722.0,30.0,36.0,34.0,107.0,30.0,AWW,34.0,AWW,5069.0,4828.0,10680.0
585,Switzerland,2.0,4.0,0.08,0.04,51.31118681253313,1133.0,61.50000039715343,11183.0,27.0,7.0,38.0,56.0,27.0,AWW,38.0,AWW,5046.0,4801.0,10672.0
586,Switzerland,2.0,4.0,0.08,0.04,47.759150645729356,2371.0,47.50000091818482,2250.0,28.0,35.0,36.0,196.0,28.0,AWW,36.0,AWW,5059.0,4765.0,10608.0
587,Switzerland,2.0,4.0,0.08,0.04,42.10414263376833,2914.0,36.500000483230856,1124.0,33.0,584.0,36.0,1019.0,33.0,AWW,36.0,AWW,5088.0,4773.0,10700.0
588,Switzerland,2.0,4.0,0.08,0.04,32.611730559897794,65.0,47.50000056556971,1961.0,10.0,0.0,32.0,58.0,10.0,AWW,32.0,AWW,5085.0,4812.0,10539.0
589,Switzerland,2.0,4.0,0.08,0.04,31.86416442698722,468.0,29.50000082362734,265.0,25.0,96.0,32.0,479.0,25.0,AWW,29.50000082362734,HARISS,5156.0,4744.0,10563.0
590,Switzerland,2.0,4.0,0.08,0.04,19.135196515814926,25.0,Inf,NaN,18.0,25.0,39.0,25.0,18.0,AWW,19.135196515814926,ICU,5183.0,4895.0,10588.0
591,Switzerland,2.0,4.0,0.08,0.04,24.03397004247667,11.0,43.50000011853878,2793.0,36.0,304.0,37.0,420.0,24.03397004247667,ICU,24.03397004247667,ICU,5116.0,4815.0,10691.0
592,Switzerland,2.0,4.0,0.08,0.04,27.878301555816826,1932.0,19.500000700426313,292.0,29.0,2467.0,37.0,13952.0,19.500000700426313,HARISS,19.500000700426313,HARISS,5133.0,4849.0,10619.0
593,Switzerland,2.0,4.0,0.08,0.04,36.278233337769755,3487.0,33.50000045505915,1875.0,21.0,149.0,33.0,1685.0,21.0,AWW,33.0,AWW,5139.0,4772.0,10608.0
594,Switzerland,2.0,4.0,0.08,0.04,25.743802114351496,103.0,33.50000051224093,388.0,23.0,40.0,26.0,107.0,23.0,AWW,25.743802114351496,ICU,5117.0,4782.0,10567.0
595,Switzerland,2.0,4.0,0.08,0.04,38.1963703657114,1973.0,26.50000027562692,180.0,13.0,0.0,29.0,331.0,13.0,AWW,26.50000027562692,HARISS,5159.0,4929.0,10706.0
596,Switzerland,2.0,4.0,0.08,0.04,40.08945394840038,552.0,43.50000026452171,1142.0,15.0,4.0,32.0,106.0,15.0,AWW,32.0,AWW,5143.0,4736.0,10792.0
597,Switzerland,2.0,4.0,0.08,0.04,33.4552123970043,300.0,36.50000095994953,583.0,31.0,176.0,34.0,337.0,31.0,AWW,33.4552123970043,ICU,5139.0,4880.0,10729.0
598,Switzerland,2.0,4.0,0.08,0.04,50.66656444141091,1092.0,54.500000640905995,2521.0,22.0,29.0,35.0,44.0,22.0,AWW,35.0,AWW,5138.0,4853.0,10550.0
599,Switzerland,2.0,4.0,0.08,0.04,13.823695117735138,17.0,Inf,NaN,37.0,17.0,38.0,17.0,13.823695117735138,ICU,13.823695117735138,ICU,5048.0,4889.0,10554.0
600,Switzerland,2.0,4.0,0.08,0.04,41.03343104719059,2174.0,40.50000068082667,1926.0,16.0,4.0,37.0,892.0,16.0,AWW,37.0,AWW,5102.0,4714.0,10681.0
601,Switzerland,2.0,4.0,0.08,0.04,40.89836360491297,2759.0,29.500000201608493,213.0,31.0,290.0,36.0,934.0,29.500000201608493,HARISS,29.500000201608493,HARISS,5176.0,4763.0,10734.0
602,Switzerland,2.0,4.0,0.08,0.04,53.31365948859906,211.0,54.50000081900054,287.0,26.0,6.0,44.0,30.0,26.0,AWW,44.0,AWW,5090.0,4852.0,10648.0
603,Switzerland,2.0,4.0,0.08,0.04,33.134989656757085,511.0,33.500000567985104,566.0,23.0,59.0,28.0,166.0,23.0,AWW,28.0,AWW,4978.0,4705.0,10853.0
604,Switzerland,2.0,4.0,0.08,0.04,47.94304084570396,1158.0,50.500000908347054,2042.0,14.0,0.0,34.0,70.0,14.0,AWW,34.0,AWW,5080.0,4943.0,10530.0
605,Switzerland,2.0,4.0,0.08,0.04,33.938753486408956,2145.0,22.500000778867374,342.0,21.0,270.0,34.0,2168.0,21.0,AWW,22.500000778867374,HARISS,5219.0,4712.0,10394.0
606,Switzerland,2.0,4.0,0.08,0.04,42.867621244111525,68.0,61.50000006120291,3205.0,25.0,2.0,31.0,9.0,25.0,AWW,31.0,AWW,5099.0,4759.0,10802.0
607,Switzerland,2.0,4.0,0.08,0.04,37.72495042649353,427.0,33.5000001935344,185.0,23.0,16.0,34.0,205.0,23.0,AWW,33.5000001935344,HARISS,5073.0,4884.0,10682.0
608,Switzerland,2.0,4.0,0.08,0.04,41.6804943095426,1083.0,33.50000009719711,224.0,18.0,5.0,34.0,251.0,18.0,AWW,33.50000009719711,HARISS,5300.0,4689.0,10638.0
609,Switzerland,2.0,4.0,0.08,0.04,37.24601560410137,348.0,40.500000601149665,730.0,30.0,85.0,31.0,105.0,30.0,AWW,31.0,AWW,5141.0,4837.0,10765.0
610,Switzerland,2.0,4.0,0.08,0.04,58.07169004541354,4057.0,50.50000095015104,815.0,24.0,6.0,25.0,10.0,24.0,AWW,25.0,AWW,5220.0,4805.0,10679.0
611,Switzerland,2.0,4.0,0.08,0.04,32.28275549554836,400.0,26.500000961401618,122.0,11.0,2.0,12.0,2.0,11.0,AWW,12.0,AWW,5030.0,4727.0,10756.0
612,Switzerland,2.0,4.0,0.08,0.04,43.62271213779563,129.0,61.50000087448859,7542.0,28.0,6.0,32.0,11.0,28.0,AWW,32.0,AWW,5078.0,4817.0,10602.0
613,Switzerland,2.0,4.0,0.08,0.04,41.91706348470256,127.0,43.50000075076361,166.0,26.0,6.0,30.0,13.0,26.0,AWW,30.0,AWW,5206.0,4707.0,10555.0
614,Switzerland,2.0,4.0,0.08,0.04,63.430248994232095,2427.0,61.50000000202998,2159.0,34.0,10.0,40.0,22.0,34.0,AWW,40.0,AWW,5126.0,4785.0,10694.0
615,Switzerland,2.0,4.0,0.08,0.04,34.607261079730485,223.0,33.50000086235033,161.0,34.0,192.0,35.0,246.0,33.50000086235033,HARISS,33.50000086235033,HARISS,5143.0,4731.0,10727.0
616,Switzerland,2.0,4.0,0.08,0.04,19.255474358245568,73.0,29.500000837564276,717.0,15.0,27.0,30.0,788.0,15.0,AWW,19.255474358245568,ICU,5056.0,4815.0,10454.0
617,Switzerland,2.0,4.0,0.08,0.04,52.831036297367746,2632.0,54.500000713881846,3815.0,20.0,6.0,35.0,53.0,20.0,AWW,35.0,AWW,5132.0,4758.0,10405.0
618,Switzerland,2.0,4.0,0.08,0.04,46.59819112851987,3646.0,36.500000123081286,334.0,20.0,1.0,17.0,1.0,20.0,AWW,17.0,AWW,5071.0,4643.0,10735.0
619,Switzerland,2.0,4.0,0.08,0.04,17.117809431036804,2396.0,15.500000193315056,1545.0,25.0,12805.0,31.0,46838.0,15.500000193315056,HARISS,15.500000193315056,HARISS,5219.0,4835.0,10725.0
620,Switzerland,2.0,4.0,0.08,0.04,32.404526763288615,507.0,29.500000636499788,267.0,26.0,135.0,29.0,247.0,26.0,AWW,29.0,AWW,5156.0,4711.0,10735.0
621,Switzerland,2.0,4.0,0.08,0.04,14.415446021410794,3.0,40.50000041626868,2605.0,17.0,11.0,39.0,1828.0,14.415446021410794,ICU,14.415446021410794,ICU,5049.0,4849.0,10507.0
622,Switzerland,2.0,4.0,0.08,0.04,57.404333104868336,3948.0,54.50000082583477,2170.0,21.0,8.0,33.0,27.0,21.0,AWW,33.0,AWW,5214.0,4755.0,10710.0
623,Switzerland,2.0,4.0,0.08,0.04,35.526981331753575,515.0,29.50000042830303,136.0,35.0,466.0,36.0,568.0,29.50000042830303,HARISS,29.50000042830303,HARISS,5012.0,4760.0,10451.0
624,Switzerland,2.0,4.0,0.08,0.04,51.04698240357253,171.0,54.50000089659989,347.0,21.0,3.0,28.0,10.0,21.0,AWW,28.0,AWW,5224.0,4705.0,10648.0
625,Switzerland,2.0,4.0,0.08,0.04,10.953129912910377,4.0,Inf,NaN,22.0,4.0,37.0,4.0,10.953129912910377,ICU,10.953129912910377,ICU,5249.0,4755.0,10740.0
626,Switzerland,2.0,4.0,0.08,0.04,23.13237144239955,5.0,57.500000602860794,2754.0,19.0,5.0,31.0,12.0,19.0,AWW,23.13237144239955,ICU,5131.0,4791.0,10629.0
627,Switzerland,2.0,4.0,0.08,0.04,51.60517865074555,1874.0,54.50000034623266,3389.0,31.0,20.0,34.0,39.0,31.0,AWW,34.0,AWW,5053.0,4864.0,10680.0
628,Switzerland,2.0,4.0,0.08,0.04,47.19499766854053,2205.0,33.50000046702866,121.0,26.0,19.0,27.0,26.0,26.0,AWW,27.0,AWW,5041.0,4725.0,10889.0
629,Switzerland,2.0,4.0,0.08,0.04,35.82278121836471,4123.0,26.500000669760922,480.0,19.0,72.0,28.0,702.0,19.0,AWW,26.500000669760922,HARISS,5099.0,4802.0,10754.0
630,Switzerland,2.0,4.0,0.08,0.04,42.49058197878179,2327.0,36.50000084285677,661.0,12.0,9.0,33.0,336.0,12.0,AWW,33.0,AWW,5166.0,4818.0,10578.0
631,Switzerland,2.0,4.0,0.08,0.04,28.994879061591806,1051.0,29.50000046361314,1167.0,26.0,519.0,36.0,4821.0,26.0,AWW,28.994879061591806,ICU,4968.0,4756.0,10588.0
632,Switzerland,2.0,4.0,0.08,0.04,44.83653476951701,128.0,50.50000064980398,371.0,22.0,3.0,23.0,3.0,22.0,AWW,23.0,AWW,5128.0,4792.0,10495.0
633,Switzerland,2.0,4.0,0.08,0.04,26.934621920065428,1480.0,26.500000067810213,1354.0,29.0,2278.0,35.0,6731.0,26.500000067810213,HARISS,26.500000067810213,HARISS,5135.0,4829.0,10723.0
634,Switzerland,2.0,4.0,0.08,0.04,45.647812152904116,1097.0,43.50000033672488,640.0,20.0,4.0,36.0,112.0,20.0,AWW,36.0,AWW,5177.0,4909.0,10768.0
635,Switzerland,2.0,4.0,0.08,0.04,67.69250553720987,449.0,61.500000094878054,409.0,31.0,3.0,34.0,6.0,31.0,AWW,34.0,AWW,5089.0,4923.0,10589.0
636,Switzerland,2.0,4.0,0.08,0.04,41.20812766524513,1128.0,50.50000067013389,7712.0,24.0,40.0,27.0,54.0,24.0,AWW,27.0,AWW,4974.0,4789.0,10713.0
637,Switzerland,2.0,4.0,0.08,0.04,39.78799205893571,1515.0,33.50000066194829,381.0,32.0,259.0,35.0,501.0,32.0,AWW,33.50000066194829,HARISS,5117.0,4768.0,10822.0
638,Switzerland,2.0,4.0,0.08,0.04,56.701606181078354,3574.0,57.50000098112518,4226.0,20.0,2.0,35.0,22.0,20.0,AWW,35.0,AWW,5057.0,4880.0,10513.0
639,Switzerland,2.0,4.0,0.08,0.04,10.170210250976812,260.0,22.50000089501407,3611.0,22.0,3305.0,36.0,65690.0,10.170210250976812,ICU,10.170210250976812,ICU,5224.0,4751.0,10622.0
640,Switzerland,2.0,4.0,0.08,0.04,52.69768471189647,2999.0,36.50000093198997,110.0,21.0,8.0,38.0,143.0,21.0,AWW,36.50000093198997,HARISS,5154.0,4885.0,10461.0
641,Switzerland,2.0,4.0,0.08,0.04,42.08285624690387,1390.0,36.500000125748244,402.0,27.0,48.0,34.0,214.0,27.0,AWW,34.0,AWW,5084.0,4782.0,10642.0
642,Switzerland,2.0,4.0,0.08,0.04,42.289685176426055,440.0,50.50000054829824,2556.0,27.0,16.0,28.0,21.0,27.0,AWW,28.0,AWW,5172.0,4895.0,10656.0
643,Switzerland,2.0,4.0,0.08,0.04,55.01768462209154,6087.0,40.500000628935126,243.0,25.0,13.0,31.0,34.0,25.0,AWW,31.0,AWW,5135.0,4762.0,10577.0
644,Switzerland,2.0,4.0,0.08,0.04,48.52170653906113,595.0,15.500000783557844,2.0,10.0,0.0,28.0,13.0,10.0,AWW,15.500000783557844,HARISS,5172.0,4642.0,10655.0
645,Switzerland,2.0,4.0,0.08,0.04,25.704250856062586,199.0,36.50000053737497,2456.0,30.0,608.0,31.0,770.0,25.704250856062586,ICU,25.704250856062586,ICU,5099.0,4895.0,10549.0
646,Switzerland,2.0,4.0,0.08,0.04,35.06755522105966,464.0,40.50000052002278,1665.0,33.0,306.0,37.0,763.0,33.0,AWW,35.06755522105966,ICU,5201.0,4729.0,10644.0
647,Switzerland,2.0,4.0,0.08,0.04,53.72670642889966,1423.0,54.50000014842564,1677.0,31.0,22.0,37.0,49.0,31.0,AWW,37.0,AWW,5242.0,4754.0,10665.0
648,Switzerland,2.0,4.0,0.08,0.04,45.19323648669417,5371.0,36.50000026456627,775.0,29.0,134.0,33.0,352.0,29.0,AWW,33.0,AWW,5136.0,4781.0,10726.0
649,Switzerland,2.0,4.0,0.08,0.04,7.927563698580633,30.0,33.50000047325618,1064.0,24.0,165.0,25.0,206.0,7.927563698580633,ICU,7.927563698580633,ICU,5108.0,4813.0,10701.0
650,Switzerland,2.0,4.0,0.08,0.04,13.377210408252113,302.0,19.500000519058105,1699.0,21.0,2468.0,29.0,13815.0,13.377210408252113,ICU,13.377210408252113,ICU,5059.0,4829.0,10729.0
651,Switzerland,2.0,4.0,0.08,0.04,36.55809615140515,411.0,40.50000036248133,967.0,29.0,85.0,36.0,363.0,29.0,AWW,36.0,AWW,5117.0,4861.0,10657.0
652,Switzerland,2.0,4.0,0.08,0.04,43.60372971260955,1192.0,36.5000001123207,248.0,19.0,2.0,32.0,83.0,19.0,AWW,32.0,AWW,5135.0,4726.0,10548.0
653,Switzerland,2.0,4.0,0.08,0.04,44.87874004788297,1367.0,40.50000072400951,564.0,23.0,15.0,31.0,66.0,23.0,AWW,31.0,AWW,5158.0,4694.0,10603.0
654,Switzerland,2.0,4.0,0.08,0.04,29.615609704004317,1608.0,26.500000189726585,975.0,21.0,244.0,35.0,3462.0,21.0,AWW,26.500000189726585,HARISS,5095.0,4762.0,10631.0
655,Switzerland,2.0,4.0,0.08,0.04,33.85060920337892,1900.0,36.50000005524724,3062.0,15.0,2.0,31.0,1008.0,15.0,AWW,31.0,AWW,5183.0,4803.0,10620.0
656,Switzerland,2.0,4.0,0.08,0.04,35.84281122689521,84.0,33.500000691120846,63.0,26.0,20.0,29.0,34.0,26.0,AWW,29.0,AWW,5091.0,4870.0,10692.0
657,Switzerland,2.0,4.0,0.08,0.04,41.90533894657746,433.0,40.50000004607248,321.0,22.0,7.0,38.0,185.0,22.0,AWW,38.0,AWW,5122.0,4805.0,10674.0
658,Switzerland,2.0,4.0,0.08,0.04,43.345235051056875,2203.0,47.50000011986569,5766.0,21.0,15.0,36.0,466.0,21.0,AWW,36.0,AWW,5089.0,4782.0,10634.0
659,Switzerland,2.0,4.0,0.08,0.04,45.21717500490841,3963.0,33.500000910293686,296.0,29.0,113.0,36.0,534.0,29.0,AWW,33.500000910293686,HARISS,5284.0,4813.0,10482.0
660,Switzerland,2.0,4.0,0.08,0.04,55.58861767697818,2719.0,54.500000717534036,2212.0,19.0,1.0,36.0,28.0,19.0,AWW,36.0,AWW,5124.0,4648.0,10656.0
661,Switzerland,2.0,4.0,0.08,0.04,52.54686894050249,770.0,61.500000099751254,5244.0,13.0,0.0,36.0,29.0,13.0,AWW,36.0,AWW,5017.0,4658.0,10823.0
662,Switzerland,2.0,4.0,0.08,0.04,34.36937078128666,286.0,47.500000086448736,4868.0,30.0,109.0,38.0,626.0,30.0,AWW,34.36937078128666,ICU,5037.0,4789.0,10724.0
663,Switzerland,2.0,4.0,0.08,0.04,46.916527526960316,428.0,54.5000003159163,2190.0,18.0,3.0,37.0,45.0,18.0,AWW,37.0,AWW,5078.0,4703.0,10667.0
664,Switzerland,2.0,4.0,0.08,0.04,33.84462976933251,294.0,43.50000052342166,2159.0,7.0,1.0,41.0,1316.0,7.0,AWW,33.84462976933251,ICU,5074.0,4711.0,10543.0
665,Switzerland,2.0,4.0,0.08,0.04,22.94717909451242,598.0,22.50000009519323,544.0,18.0,229.0,33.0,4571.0,18.0,AWW,22.50000009519323,HARISS,4982.0,4804.0,10627.0
666,Switzerland,2.0,4.0,0.08,0.04,56.7632631874105,1732.0,54.50000046581395,1096.0,19.0,1.0,32.0,13.0,19.0,AWW,32.0,AWW,5175.0,4749.0,10517.0
667,Switzerland,2.0,4.0,0.08,0.04,36.824858878045255,1767.0,36.500000489294,1638.0,26.0,150.0,37.0,1832.0,26.0,AWW,36.500000489294,HARISS,5064.0,4804.0,10682.0
668,Switzerland,2.0,4.0,0.08,0.04,38.042961989811985,146.0,54.50000078104057,5108.0,24.0,8.0,37.0,120.0,24.0,AWW,37.0,AWW,5206.0,4848.0,10551.0
669,Switzerland,2.0,4.0,0.08,0.04,40.5307969439673,478.0,47.50000056578525,2271.0,28.0,39.0,29.0,49.0,28.0,AWW,29.0,AWW,5052.0,4800.0,10640.0
670,Switzerland,2.0,4.0,0.08,0.04,13.50995434119898,304.0,19.500000151201597,850.0,33.0,8001.0,38.0,20519.0,13.50995434119898,ICU,13.50995434119898,ICU,5200.0,4867.0,10656.0
671,Switzerland,2.0,4.0,0.08,0.04,44.75331660746577,343.0,29.5000002531635,12.0,25.0,7.0,40.0,113.0,25.0,AWW,29.5000002531635,HARISS,5154.0,4866.0,10844.0
672,Switzerland,2.0,4.0,0.08,0.04,39.437306475781014,152.0,54.50000054935195,4806.0,28.0,20.0,39.0,126.0,28.0,AWW,39.0,AWW,5143.0,4717.0,10735.0
673,Switzerland,2.0,4.0,0.08,0.04,58.97729217946244,4401.0,50.50000036159831,724.0,20.0,2.0,35.0,27.0,20.0,AWW,35.0,AWW,5030.0,4734.0,10594.0
674,Switzerland,2.0,4.0,0.08,0.04,43.48187167046087,1808.0,36.500000584582864,405.0,17.0,3.0,36.0,376.0,17.0,AWW,36.0,AWW,5018.0,4808.0,10514.0
675,Switzerland,2.0,4.0,0.08,0.04,41.24423486256135,1189.0,36.500000364835245,416.0,33.0,178.0,36.0,376.0,33.0,AWW,36.0,AWW,5040.0,4691.0,10694.0
676,Switzerland,2.0,4.0,0.08,0.04,33.156629402307644,2179.0,26.500000681451475,512.0,29.0,870.0,38.0,6457.0,26.500000681451475,HARISS,26.500000681451475,HARISS,5139.0,4875.0,10665.0
677,Switzerland,2.0,4.0,0.08,0.04,24.175577325173375,560.0,33.500000009271695,4419.0,32.0,3172.0,32.0,3172.0,24.175577325173375,ICU,24.175577325173375,ICU,5123.0,4806.0,10608.0
678,Switzerland,2.0,4.0,0.08,0.04,25.003440439303183,2119.0,22.500000419853603,1227.0,30.0,4884.0,31.0,5681.0,22.500000419853603,HARISS,22.500000419853603,HARISS,5079.0,4791.0,10653.0
679,Switzerland,2.0,4.0,0.08,0.04,60.15006272465534,3228.0,61.500000403659406,4364.0,28.0,10.0,34.0,18.0,28.0,AWW,34.0,AWW,5056.0,4764.0,10697.0
680,Switzerland,2.0,4.0,0.08,0.04,38.41562015752305,1282.0,40.50000054897066,2027.0,28.0,147.0,38.0,1193.0,28.0,AWW,38.0,AWW,5037.0,4781.0,10646.0
681,Switzerland,2.0,4.0,0.08,0.04,52.31246332286346,3990.0,43.500000871596086,613.0,11.0,0.0,43.0,552.0,11.0,AWW,43.0,AWW,5062.0,4667.0,10524.0
682,Switzerland,2.0,4.0,0.08,0.04,27.3759519436156,454.0,29.50000037476657,842.0,12.0,0.0,24.0,135.0,12.0,AWW,24.0,AWW,5063.0,4803.0,10624.0
683,Switzerland,2.0,4.0,0.08,0.04,58.31177642681768,4195.0,54.50000061639001,1889.0,13.0,0.0,18.0,0.0,13.0,AWW,18.0,AWW,5210.0,4904.0,10685.0
684,Switzerland,2.0,4.0,0.08,0.04,28.611309061729635,394.0,33.500000088010346,1249.0,7.0,0.0,36.0,2138.0,7.0,AWW,28.611309061729635,ICU,5206.0,4831.0,10732.0
685,Switzerland,2.0,4.0,0.08,0.04,33.57161755639548,28.0,47.50000053814583,489.0,21.0,9.0,32.0,22.0,21.0,AWW,32.0,AWW,5070.0,4851.0,10605.0
686,Switzerland,2.0,4.0,0.08,0.04,39.25459394064191,2246.0,43.50000090815184,5603.0,15.0,3.0,31.0,348.0,15.0,AWW,31.0,AWW,5177.0,4819.0,10637.0
687,Switzerland,2.0,4.0,0.08,0.04,41.761808541384966,328.0,47.50000034511433,1056.0,16.0,2.0,8.0,0.0,16.0,AWW,8.0,AWW,5089.0,4698.0,10733.0
688,Switzerland,2.0,4.0,0.08,0.04,45.25081869436757,715.0,47.500000934639466,924.0,29.0,71.0,36.0,154.0,29.0,AWW,36.0,AWW,5249.0,4804.0,10620.0
689,Switzerland,2.0,4.0,0.08,0.04,34.1591075654899,417.0,43.50000007890258,1887.0,11.0,9.0,11.0,9.0,11.0,AWW,11.0,AWW,5135.0,4798.0,10604.0
690,Switzerland,2.0,4.0,0.08,0.04,32.05446439169245,4450.0,29.50000097062317,2706.0,33.0,5353.0,34.0,6508.0,29.50000097062317,HARISS,29.50000097062317,HARISS,5058.0,4817.0,10639.0
691,Switzerland,2.0,4.0,0.08,0.04,46.7359855579261,1025.0,54.50000077343179,6044.0,17.0,2.0,36.0,92.0,17.0,AWW,36.0,AWW,5157.0,4636.0,10612.0
692,Switzerland,2.0,4.0,0.08,0.04,41.255912342467205,924.0,40.50000086767826,791.0,13.0,5.0,21.0,10.0,13.0,AWW,21.0,AWW,5159.0,4681.0,10720.0
693,Switzerland,2.0,4.0,0.08,0.04,53.54582650161567,3184.0,50.50000008515706,1685.0,25.0,7.0,39.0,143.0,25.0,AWW,39.0,AWW,5020.0,4732.0,10563.0
694,Switzerland,2.0,4.0,0.08,0.04,31.380603026620324,58.0,40.50000075966369,392.0,26.0,17.0,27.0,23.0,26.0,AWW,27.0,AWW,5046.0,4757.0,10619.0
695,Switzerland,2.0,4.0,0.08,0.04,37.62657662775025,435.0,47.500000032941145,3626.0,26.0,44.0,21.0,17.0,26.0,AWW,21.0,AWW,5107.0,4717.0,10631.0
696,Switzerland,2.0,4.0,0.08,0.04,51.432210434914346,1817.0,40.50000000456156,209.0,34.0,53.0,35.0,70.0,34.0,AWW,35.0,AWW,5109.0,4730.0,10645.0
697,Switzerland,2.0,4.0,0.08,0.04,42.806438902853905,1558.0,47.500000124056506,4248.0,29.0,73.0,36.0,368.0,29.0,AWW,36.0,AWW,5167.0,4714.0,10750.0
698,Switzerland,2.0,4.0,0.08,0.04,59.46289731187934,4175.0,54.50000020460098,1449.0,27.0,6.0,39.0,56.0,27.0,AWW,39.0,AWW,5146.0,4662.0,10541.0
699,Switzerland,2.0,4.0,0.08,0.04,14.373421414325378,60.0,26.50000084932652,495.0,21.0,282.0,38.0,3053.0,14.373421414325378,ICU,14.373421414325378,ICU,5129.0,4771.0,10664.0
700,Switzerland,2.0,4.0,0.08,0.04,56.03680744082683,859.0,50.50000072347081,271.0,30.0,7.0,31.0,7.0,30.0,AWW,31.0,AWW,5247.0,4704.0,10549.0
701,Switzerland,2.0,4.0,0.08,0.04,56.60807353027891,1660.0,61.50000022146525,4894.0,4.0,0.0,37.0,27.0,4.0,AWW,37.0,AWW,5050.0,4942.0,10540.0
702,Switzerland,2.0,4.0,0.08,0.04,48.87871896248406,2041.0,54.500000445123575,6644.0,23.0,12.0,29.0,41.0,23.0,AWW,29.0,AWW,5190.0,4753.0,10661.0
703,Switzerland,2.0,4.0,0.08,0.04,54.613514650368366,1273.0,43.50000055818662,133.0,21.0,6.0,24.0,7.0,21.0,AWW,24.0,AWW,5087.0,4860.0,10645.0
704,Switzerland,2.0,4.0,0.08,0.04,26.980886241294876,245.0,26.500000473912095,215.0,15.0,16.0,29.0,380.0,15.0,AWW,26.500000473912095,HARISS,5057.0,4655.0,10644.0
705,Switzerland,2.0,4.0,0.08,0.04,51.52069366352897,1364.0,43.50000016001269,240.0,18.0,3.0,19.0,8.0,18.0,AWW,19.0,AWW,5053.0,4836.0,10678.0
706,Switzerland,2.0,4.0,0.08,0.04,50.720841420027774,2300.0,54.500000704227716,5273.0,31.0,28.0,38.0,128.0,31.0,AWW,38.0,AWW,5040.0,4746.0,10598.0
707,Switzerland,2.0,4.0,0.08,0.04,43.44816865380717,1455.0,40.50000054791386,809.0,26.0,37.0,33.0,161.0,26.0,AWW,33.0,AWW,4958.0,4703.0,10516.0
708,Switzerland,2.0,4.0,0.08,0.04,42.406798515233476,2360.0,36.50000043450089,648.0,25.0,41.0,39.0,1110.0,25.0,AWW,36.50000043450089,HARISS,5096.0,4868.0,10709.0
709,Switzerland,2.0,4.0,0.08,0.04,51.825780811008805,3296.0,47.50000004145564,1302.0,32.0,46.0,33.0,55.0,32.0,AWW,33.0,AWW,5113.0,4878.0,10731.0
710,Switzerland,2.0,4.0,0.08,0.04,54.41166644847543,8556.0,36.50000039480879,174.0,32.0,58.0,35.0,120.0,32.0,AWW,35.0,AWW,5014.0,4896.0,10706.0
711,Switzerland,2.0,4.0,0.08,0.04,44.478945135347765,3765.0,26.500000627435178,86.0,13.0,4.0,34.0,429.0,13.0,AWW,26.500000627435178,HARISS,5148.0,4664.0,10526.0
712,Switzerland,2.0,4.0,0.08,0.04,43.07581118132836,2500.0,33.5000004144177,294.0,24.0,37.0,34.0,332.0,24.0,AWW,33.5000004144177,HARISS,5093.0,4735.0,10448.0
713,Switzerland,2.0,4.0,0.08,0.04,14.952465548656669,172.0,22.500000146494123,689.0,29.0,2474.0,33.0,6287.0,14.952465548656669,ICU,14.952465548656669,ICU,5023.0,4908.0,10824.0
714,Switzerland,2.0,4.0,0.08,0.04,45.358225983863235,1756.0,36.500000591654306,264.0,31.0,85.0,35.0,207.0,31.0,AWW,35.0,AWW,5134.0,4876.0,10518.0
715,Switzerland,2.0,4.0,0.08,0.04,56.20883915800021,4328.0,50.500000533237746,1305.0,16.0,0.0,42.0,215.0,16.0,AWW,42.0,AWW,5013.0,4866.0,10604.0
716,Switzerland,2.0,4.0,0.08,0.04,31.9868363502544,321.0,36.500000660983495,804.0,26.0,86.0,30.0,208.0,26.0,AWW,30.0,AWW,5003.0,4821.0,10696.0
717,Switzerland,2.0,4.0,0.08,0.04,45.50492786608857,201.0,33.50000043035353,13.0,23.0,4.0,39.0,58.0,23.0,AWW,33.50000043035353,HARISS,5119.0,4686.0,10638.0
718,Switzerland,2.0,4.0,0.08,0.04,46.483677112190136,269.0,50.500000837215715,671.0,37.0,30.0,38.0,40.0,37.0,AWW,38.0,AWW,5032.0,4695.0,10542.0
719,Switzerland,2.0,4.0,0.08,0.04,35.94099395024984,2945.0,33.50000028482636,2092.0,32.0,1583.0,33.0,1922.0,32.0,AWW,33.0,AWW,5036.0,4843.0,10558.0
720,Switzerland,2.0,4.0,0.08,0.04,57.931299724076794,7213.0,54.50000093620516,3249.0,18.0,0.0,31.0,20.0,18.0,AWW,31.0,AWW,5085.0,4965.0,10724.0
721,Switzerland,2.0,4.0,0.08,0.04,36.65894495949579,1259.0,29.50000003790138,286.0,29.0,259.0,30.0,322.0,29.0,AWW,29.50000003790138,HARISS,5160.0,4864.0,10669.0
722,Switzerland,2.0,4.0,0.08,0.04,59.18378822188575,1907.0,Inf,NaN,25.0,3.0,34.0,14.0,25.0,AWW,34.0,AWW,5186.0,4834.0,10577.0
723,Switzerland,2.0,4.0,0.08,0.04,43.819439148788554,1761.0,33.50000007070076,179.0,34.0,199.0,35.0,242.0,33.50000007070076,HARISS,33.50000007070076,HARISS,5202.0,4927.0,10505.0
724,Switzerland,2.0,4.0,0.08,0.04,18.61180329415943,6.0,47.500000241878546,647.0,24.0,12.0,25.0,13.0,18.61180329415943,ICU,18.61180329415943,ICU,5037.0,4829.0,10708.0
725,Switzerland,2.0,4.0,0.08,0.04,52.252592634030755,2606.0,22.50000094700428,14.0,20.0,13.0,39.0,168.0,20.0,AWW,22.50000094700428,HARISS,5038.0,4936.0,10654.0
726,Switzerland,2.0,4.0,0.08,0.04,56.18513055336854,1011.0,54.50000070943693,710.0,23.0,1.0,27.0,3.0,23.0,AWW,27.0,AWW,4865.0,4820.0,10709.0
727,Switzerland,2.0,4.0,0.08,0.04,42.802691782304834,534.0,36.50000022778879,125.0,31.0,39.0,37.0,138.0,31.0,AWW,36.50000022778879,HARISS,5164.0,4839.0,10798.0
728,Switzerland,2.0,4.0,0.08,0.04,44.88658493374394,4397.0,40.50000068756119,1729.0,14.0,0.0,42.0,2388.0,14.0,AWW,40.50000068756119,HARISS,5140.0,4857.0,10522.0
729,Switzerland,2.0,4.0,0.08,0.04,25.464968066154306,2483.0,29.500000960152455,5449.0,23.0,1432.0,24.0,1818.0,23.0,AWW,24.0,AWW,5229.0,4866.0,10588.0
730,Switzerland,2.0,4.0,0.08,0.04,39.651074016157516,1302.0,40.5000002114535,1572.0,19.0,9.0,37.0,726.0,19.0,AWW,37.0,AWW,5049.0,4738.0,10605.0
731,Switzerland,2.0,4.0,0.08,0.04,39.83583332843479,1424.0,43.500000113033806,3161.0,32.0,279.0,41.0,1732.0,32.0,AWW,39.83583332843479,ICU,5113.0,4774.0,10492.0
732,Switzerland,2.0,4.0,0.08,0.04,40.83543618359863,1134.0,40.50000017376642,1039.0,31.0,131.0,32.0,158.0,31.0,AWW,32.0,AWW,5218.0,4861.0,10707.0
733,Switzerland,2.0,4.0,0.08,0.04,45.705109879856494,1168.0,47.50000035308571,1705.0,28.0,40.0,37.0,187.0,28.0,AWW,37.0,AWW,5074.0,4831.0,10694.0
734,Switzerland,2.0,4.0,0.08,0.04,29.286961681095555,246.0,36.500000184034434,1278.0,28.0,192.0,40.0,2913.0,28.0,AWW,29.286961681095555,ICU,5130.0,4811.0,10601.0
735,Switzerland,2.0,4.0,0.08,0.04,57.52517171906968,2181.0,54.500000144315955,1154.0,30.0,18.0,30.0,18.0,30.0,AWW,30.0,AWW,5133.0,4693.0,10469.0
736,Switzerland,2.0,4.0,0.08,0.04,30.074090638145222,1085.0,33.50000076852254,1969.0,25.0,354.0,37.0,3658.0,25.0,AWW,30.074090638145222,ICU,5064.0,4690.0,10485.0
737,Switzerland,2.0,4.0,0.08,0.04,41.044489692899624,937.0,47.5000004063748,3710.0,16.0,4.0,29.0,84.0,16.0,AWW,29.0,AWW,5117.0,4761.0,10576.0
738,Switzerland,2.0,4.0,0.08,0.04,35.70864191538355,901.0,36.500000692220375,1060.0,26.0,97.0,33.0,494.0,26.0,AWW,33.0,AWW,5133.0,4829.0,10538.0
739,Switzerland,2.0,4.0,0.08,0.04,32.127499684796305,371.0,33.50000080071467,465.0,28.0,140.0,36.0,853.0,28.0,AWW,32.127499684796305,ICU,5040.0,4779.0,10627.0
740,Switzerland,2.0,4.0,0.08,0.04,56.68119878332688,7320.0,36.50000092260537,126.0,25.0,20.0,30.0,38.0,25.0,AWW,30.0,AWW,5051.0,4751.0,10647.0
741,Switzerland,2.0,4.0,0.08,0.04,33.27930734748949,1378.0,29.50000061994415,627.0,29.0,574.0,38.0,3632.0,29.0,AWW,29.50000061994415,HARISS,5135.0,4767.0,10584.0
742,Switzerland,2.0,4.0,0.08,0.04,34.126897669307795,95.0,47.500000369169456,1880.0,33.0,70.0,37.0,181.0,33.0,AWW,34.126897669307795,ICU,5076.0,4806.0,10698.0
743,Switzerland,2.0,4.0,0.08,0.04,42.35632090048588,485.0,40.50000088657658,332.0,25.0,8.0,33.0,67.0,25.0,AWW,33.0,AWW,5060.0,4799.0,10767.0
744,Switzerland,2.0,4.0,0.08,0.04,25.707417744117016,176.0,29.500000419197814,387.0,20.0,63.0,38.0,2279.0,20.0,AWW,25.707417744117016,ICU,4981.0,4797.0,10702.0
745,Switzerland,2.0,4.0,0.08,0.04,26.053416565494725,95.0,26.500000181561337,96.0,25.0,66.0,35.0,565.0,25.0,AWW,26.053416565494725,ICU,4946.0,4672.0,10568.0
746,Switzerland,2.0,4.0,0.08,0.04,32.575378214496844,191.0,47.500000569108245,3862.0,24.0,45.0,28.0,94.0,24.0,AWW,28.0,AWW,5140.0,4769.0,10732.0
747,Switzerland,2.0,4.0,0.08,0.04,12.034618088819698,9.0,Inf,NaN,19.0,9.0,35.0,9.0,12.034618088819698,ICU,12.034618088819698,ICU,5089.0,4696.0,10572.0
748,Switzerland,2.0,4.0,0.08,0.04,33.75805893414453,369.0,43.500000339337646,3501.0,23.0,40.0,24.0,48.0,23.0,AWW,24.0,AWW,5131.0,4766.0,10621.0
749,Switzerland,2.0,4.0,0.08,0.04,24.172001739488035,43.0,47.500000459027405,8138.0,22.0,22.0,23.0,32.0,22.0,AWW,23.0,AWW,5188.0,4906.0,10653.0
750,Switzerland,2.0,4.0,0.08,0.04,47.71249360824072,187.0,57.50000063896929,1429.0,12.0,0.0,17.0,0.0,12.0,AWW,17.0,AWW,5270.0,4840.0,10800.0
751,Switzerland,2.0,4.0,0.08,0.04,18.415872318543304,3.0,54.50000061070002,3559.0,31.0,21.0,32.0,25.0,18.415872318543304,ICU,18.415872318543304,ICU,5055.0,4804.0,10679.0
752,Switzerland,2.0,4.0,0.08,0.04,18.95951409239023,201.0,15.500000731508731,103.0,28.0,520.0,34.0,1034.0,15.500000731508731,HARISS,15.500000731508731,HARISS,5087.0,4749.0,10534.0
753,Switzerland,2.0,4.0,0.08,0.04,48.456718629890304,551.0,54.50000057755325,2246.0,33.0,24.0,34.0,31.0,33.0,AWW,34.0,AWW,5180.0,4837.0,10661.0
754,Switzerland,2.0,4.0,0.08,0.04,38.85913268239542,817.0,36.50000039364289,513.0,25.0,45.0,34.0,289.0,25.0,AWW,34.0,AWW,5145.0,4885.0,10608.0
755,Switzerland,2.0,4.0,0.08,0.04,11.939142745170527,5.0,Inf,NaN,28.0,5.0,15.0,5.0,11.939142745170527,ICU,11.939142745170527,ICU,5060.0,4843.0,10727.0
756,Switzerland,2.0,4.0,0.08,0.04,20.918288550441517,194.0,29.50000012504409,1277.0,16.0,57.0,35.0,4200.0,16.0,AWW,20.918288550441517,ICU,5156.0,4765.0,10502.0
757,Switzerland,2.0,4.0,0.08,0.04,58.84465586481859,9435.0,26.500000034032162,11.0,17.0,0.0,35.0,65.0,17.0,AWW,26.500000034032162,HARISS,5025.0,4849.0,10697.0
758,Switzerland,2.0,4.0,0.08,0.04,40.56345065174199,576.0,43.50000050714045,1062.0,28.0,35.0,29.0,52.0,28.0,AWW,29.0,AWW,5025.0,4767.0,10537.0
759,Switzerland,2.0,4.0,0.08,0.04,34.15532824829087,501.0,36.500000146975964,821.0,25.0,74.0,32.0,298.0,25.0,AWW,32.0,AWW,5130.0,4698.0,10796.0
760,Switzerland,2.0,4.0,0.08,0.04,27.26730077403715,1.0,Inf,NaN,24.0,1.0,29.0,1.0,24.0,AWW,27.26730077403715,ICU,5081.0,4795.0,10607.0
761,Switzerland,2.0,4.0,0.08,0.04,40.03297255011295,431.0,40.50000080726299,472.0,36.0,180.0,37.0,233.0,36.0,AWW,37.0,AWW,5064.0,4832.0,10652.0
762,Switzerland,2.0,4.0,0.08,0.04,40.11185708870534,3404.0,22.500000022929125,127.0,21.0,85.0,38.0,2362.0,21.0,AWW,22.500000022929125,HARISS,5106.0,4859.0,10698.0
763,Switzerland,2.0,4.0,0.08,0.04,42.34021444515486,841.0,47.50000020203583,2567.0,11.0,0.0,36.0,206.0,11.0,AWW,36.0,AWW,5207.0,4727.0,10501.0
764,Switzerland,2.0,4.0,0.08,0.04,39.73429299958401,891.0,43.500000917061556,2115.0,24.0,24.0,32.0,151.0,24.0,AWW,32.0,AWW,5086.0,4786.0,10690.0
765,Switzerland,2.0,4.0,0.08,0.04,36.48634255108248,1125.0,33.50000089556184,549.0,27.0,157.0,28.0,181.0,27.0,AWW,28.0,AWW,5106.0,4813.0,10535.0
766,Switzerland,2.0,4.0,0.08,0.04,24.874743534547502,1987.0,22.500000792545393,999.0,25.0,2061.0,40.0,55864.0,22.500000792545393,HARISS,22.500000792545393,HARISS,5154.0,4691.0,10684.0
767,Switzerland,2.0,4.0,0.08,0.04,37.76496239859574,1108.0,36.50000080252208,794.0,31.0,122.0,38.0,1176.0,31.0,AWW,36.50000080252208,HARISS,5081.0,4839.0,10585.0
768,Switzerland,2.0,4.0,0.08,0.04,36.23762017530538,1874.0,33.500000707656675,1110.0,31.0,676.0,34.0,1232.0,31.0,AWW,33.500000707656675,HARISS,5089.0,4868.0,10667.0
769,Switzerland,2.0,4.0,0.08,0.04,34.53959067380812,71.0,43.500000143028885,332.0,25.0,13.0,38.0,124.0,25.0,AWW,34.53959067380812,ICU,4999.0,4741.0,10557.0
770,Switzerland,2.0,4.0,0.08,0.04,48.0850382913651,1688.0,40.50000027306302,331.0,32.0,65.0,35.0,115.0,32.0,AWW,35.0,AWW,5021.0,4681.0,10625.0
771,Switzerland,2.0,4.0,0.08,0.04,34.240442001234946,64.0,40.5000001636751,260.0,19.0,3.0,34.0,59.0,19.0,AWW,34.0,AWW,5093.0,4759.0,10697.0
772,Switzerland,2.0,4.0,0.08,0.04,55.07414230422535,3004.0,29.500000188352654,26.0,18.0,4.0,37.0,92.0,18.0,AWW,29.500000188352654,HARISS,5057.0,4742.0,10751.0
773,Switzerland,2.0,4.0,0.08,0.04,29.672864017842997,198.0,33.50000061376588,443.0,14.0,0.0,36.0,729.0,14.0,AWW,29.672864017842997,ICU,5145.0,4707.0,10708.0
774,Switzerland,2.0,4.0,0.08,0.04,51.24541128805905,2279.0,43.50000024479771,414.0,23.0,8.0,39.0,153.0,23.0,AWW,39.0,AWW,5132.0,4959.0,10630.0
775,Switzerland,2.0,4.0,0.08,0.04,29.647546675957372,224.0,36.500000527664305,1068.0,28.0,187.0,39.0,2599.0,28.0,AWW,29.647546675957372,ICU,5167.0,4879.0,10656.0
776,Switzerland,2.0,4.0,0.08,0.04,38.36434052842908,1559.0,36.500000340122604,1094.0,22.0,44.0,42.0,3497.0,22.0,AWW,36.500000340122604,HARISS,5082.0,4654.0,10732.0
777,Switzerland,2.0,4.0,0.08,0.04,50.49898511788036,5125.0,47.50000015052431,2810.0,27.0,45.0,32.0,125.0,27.0,AWW,32.0,AWW,5192.0,4672.0,10653.0
778,Switzerland,2.0,4.0,0.08,0.04,57.444717682009944,1399.0,54.500000182137775,731.0,27.0,3.0,37.0,23.0,27.0,AWW,37.0,AWW,4962.0,4840.0,10562.0
779,Switzerland,2.0,4.0,0.08,0.04,18.62261137467241,78.0,15.500000733244505,42.0,21.0,129.0,31.0,1131.0,15.500000733244505,HARISS,15.500000733244505,HARISS,5092.0,4725.0,10641.0
780,Switzerland,2.0,4.0,0.08,0.04,55.64164496360074,1214.0,54.50000013147591,962.0,22.0,4.0,28.0,11.0,22.0,AWW,28.0,AWW,5175.0,4668.0,10611.0
781,Switzerland,2.0,4.0,0.08,0.04,28.625892647215103,1017.0,26.500000559641837,651.0,25.0,476.0,43.0,21186.0,25.0,AWW,26.500000559641837,HARISS,5070.0,4694.0,10584.0
782,Switzerland,2.0,4.0,0.08,0.04,67.24622992311905,2150.0,50.50000084994025,219.0,23.0,18.0,30.0,24.0,23.0,AWW,30.0,AWW,5189.0,4739.0,10761.0
783,Switzerland,2.0,4.0,0.08,0.04,45.90152024401942,644.0,50.500000635563204,1740.0,35.0,60.0,39.0,133.0,35.0,AWW,39.0,AWW,5077.0,4793.0,10768.0
784,Switzerland,2.0,4.0,0.08,0.04,22.736176116534942,42.0,Inf,NaN,18.0,22.0,36.0,42.0,18.0,AWW,22.736176116534942,ICU,5100.0,4767.0,10705.0
785,Switzerland,2.0,4.0,0.08,0.04,44.48105745794514,467.0,54.50000044029521,4066.0,19.0,1.0,24.0,4.0,19.0,AWW,24.0,AWW,5069.0,4766.0,10578.0
786,Switzerland,2.0,4.0,0.08,0.04,30.73818562507785,65.0,47.50000017886338,2346.0,34.0,130.0,38.0,285.0,30.73818562507785,ICU,30.73818562507785,ICU,5061.0,4855.0,10725.0
787,Switzerland,2.0,4.0,0.08,0.04,33.73107372645697,1695.0,33.50000027976157,1590.0,21.0,39.0,35.0,2378.0,21.0,AWW,33.50000027976157,HARISS,5136.0,4789.0,10743.0
788,Switzerland,2.0,4.0,0.08,0.04,37.89405254360375,463.0,40.50000006567986,819.0,23.0,23.0,39.0,568.0,23.0,AWW,37.89405254360375,ICU,5177.0,4882.0,10473.0
789,Switzerland,2.0,4.0,0.08,0.04,21.735852117457302,3.0,Inf,NaN,21.0,3.0,21.0,3.0,21.0,AWW,21.0,AWW,5077.0,4769.0,10672.0
790,Switzerland,2.0,4.0,0.08,0.04,35.93975312537795,567.0,40.50000096362524,1476.0,25.0,40.0,39.0,1120.0,25.0,AWW,35.93975312537795,ICU,5211.0,4777.0,10585.0
791,Switzerland,2.0,4.0,0.08,0.04,16.746656501434117,16.0,19.50000012023427,29.0,31.0,265.0,32.0,328.0,16.746656501434117,ICU,16.746656501434117,ICU,5100.0,4767.0,10783.0
792,Switzerland,2.0,4.0,0.08,0.04,24.59130265869073,252.0,29.500000408647136,654.0,24.0,232.0,31.0,885.0,24.0,AWW,24.59130265869073,ICU,5147.0,4826.0,10482.0
793,Switzerland,2.0,4.0,0.08,0.04,39.299663728386754,155.0,54.500000571755194,4654.0,10.0,0.0,40.0,165.0,10.0,AWW,39.299663728386754,ICU,5158.0,4680.0,10739.0
794,Switzerland,2.0,4.0,0.08,0.04,42.024913544150515,2076.0,36.500000098271194,689.0,28.0,124.0,7.0,0.0,28.0,AWW,7.0,AWW,5071.0,4828.0,10625.0
795,Switzerland,2.0,4.0,0.08,0.04,44.73873196457331,364.0,54.5000004828944,3274.0,31.0,10.0,37.0,47.0,31.0,AWW,37.0,AWW,5019.0,4688.0,10585.0
796,Switzerland,2.0,4.0,0.08,0.04,28.11125814135314,343.0,40.50000049726516,5521.0,27.0,260.0,35.0,1577.0,27.0,AWW,28.11125814135314,ICU,5106.0,4835.0,10718.0
797,Switzerland,2.0,4.0,0.08,0.04,47.037519420182605,7596.0,40.500000519969106,1880.0,33.0,378.0,34.0,444.0,33.0,AWW,34.0,AWW,5193.0,4841.0,10813.0
798,Switzerland,2.0,4.0,0.08,0.04,23.93112622343303,187.0,19.500000491952743,92.0,23.0,160.0,10.0,0.0,19.500000491952743,HARISS,10.0,AWW,5168.0,4583.0,10631.0
799,Switzerland,2.0,4.0,0.08,0.04,42.0508832435437,303.0,43.50000074897927,412.0,22.0,4.0,33.0,43.0,22.0,AWW,33.0,AWW,5176.0,4669.0,10363.0
800,Switzerland,2.0,4.0,0.08,0.04,50.979945108028716,5025.0,47.50000088107998,2260.0,19.0,5.0,38.0,260.0,19.0,AWW,38.0,AWW,5166.0,4711.0,10556.0
801,Switzerland,2.0,4.0,0.08,0.04,32.82551494935698,216.0,43.500000589928966,2366.0,24.0,20.0,37.0,538.0,24.0,AWW,32.82551494935698,ICU,5084.0,4764.0,10681.0
802,Switzerland,2.0,4.0,0.08,0.04,46.120742565953144,3460.0,36.50000033064721,426.0,24.0,39.0,30.0,107.0,24.0,AWW,30.0,AWW,5170.0,4847.0,10665.0
803,Switzerland,2.0,4.0,0.08,0.04,38.18879909480772,280.0,40.50000071513178,500.0,26.0,19.0,34.0,100.0,26.0,AWW,34.0,AWW,5240.0,4834.0,10415.0
804,Switzerland,2.0,4.0,0.08,0.04,47.763676355452944,300.0,61.50000013630125,6135.0,19.0,0.0,37.0,42.0,19.0,AWW,37.0,AWW,4997.0,4710.0,10665.0
805,Switzerland,2.0,4.0,0.08,0.04,49.3722169387372,1940.0,47.500000833413274,1243.0,24.0,5.0,35.0,61.0,24.0,AWW,35.0,AWW,5079.0,4682.0,10643.0
806,Switzerland,2.0,4.0,0.08,0.04,33.19644609958764,257.0,40.50000062544076,1389.0,25.0,34.0,36.0,497.0,25.0,AWW,33.19644609958764,ICU,5171.0,4724.0,10706.0
807,Switzerland,2.0,4.0,0.08,0.04,27.45320395236897,751.0,22.500000740665104,271.0,28.0,832.0,38.0,6856.0,22.500000740665104,HARISS,22.500000740665104,HARISS,5188.0,4824.0,10724.0
808,Switzerland,2.0,4.0,0.08,0.04,51.76037433341808,1511.0,36.50000094518846,72.0,31.0,37.0,34.0,54.0,31.0,AWW,34.0,AWW,5131.0,4779.0,10665.0
809,Switzerland,2.0,4.0,0.08,0.04,42.80493792240924,3113.0,40.50000058733182,1906.0,26.0,78.0,33.0,404.0,26.0,AWW,33.0,AWW,5013.0,4790.0,10617.0
810,Switzerland,2.0,4.0,0.08,0.04,49.60517673455835,2360.0,50.500000459355896,2780.0,17.0,0.0,25.0,7.0,17.0,AWW,25.0,AWW,5135.0,4724.0,10680.0
811,Switzerland,2.0,4.0,0.08,0.04,40.6234213970353,1516.0,40.50000085828576,1494.0,24.0,51.0,28.0,109.0,24.0,AWW,28.0,AWW,5131.0,4779.0,10658.0
812,Switzerland,2.0,4.0,0.08,0.04,46.09605691581106,1166.0,50.50000014749751,2923.0,14.0,21.0,34.0,113.0,14.0,AWW,34.0,AWW,5163.0,4887.0,10600.0
813,Switzerland,2.0,4.0,0.08,0.04,35.9465946506344,566.0,40.50000015255826,1532.0,33.0,318.0,34.0,376.0,33.0,AWW,34.0,AWW,5107.0,4727.0,10716.0
814,Switzerland,2.0,4.0,0.08,0.04,49.54737733736757,2363.0,40.500000625428854,293.0,30.0,22.0,40.0,260.0,30.0,AWW,40.0,AWW,5024.0,4788.0,10684.0
815,Switzerland,2.0,4.0,0.08,0.04,39.12911879395821,5725.0,36.500000556141124,3165.0,22.0,145.0,22.0,145.0,22.0,AWW,22.0,AWW,5076.0,4666.0,10676.0
816,Switzerland,2.0,4.0,0.08,0.04,41.40976044630367,1354.0,36.50000014636703,473.0,31.0,156.0,34.0,283.0,31.0,AWW,34.0,AWW,5131.0,4800.0,10509.0
817,Switzerland,2.0,4.0,0.08,0.04,32.19073495158469,28.0,50.500000256332456,2150.0,16.0,1.0,37.0,105.0,16.0,AWW,32.19073495158469,ICU,4973.0,4600.0,10742.0
818,Switzerland,2.0,4.0,0.08,0.04,23.137177710452093,232.0,33.5000000403028,1885.0,21.0,156.0,37.0,3922.0,21.0,AWW,23.137177710452093,ICU,4982.0,4792.0,10558.0
819,Switzerland,2.0,4.0,0.08,0.04,53.82345355853395,3005.0,43.50000050901169,317.0,31.0,31.0,39.0,136.0,31.0,AWW,39.0,AWW,5117.0,4700.0,10778.0
820,Switzerland,2.0,4.0,0.08,0.04,43.520585187427486,953.0,29.500000060540117,45.0,28.0,35.0,34.0,132.0,28.0,AWW,29.500000060540117,HARISS,5098.0,4841.0,10626.0
821,Switzerland,2.0,4.0,0.08,0.04,56.54087597896755,1880.0,50.5000008041544,508.0,30.0,26.0,31.0,30.0,30.0,AWW,31.0,AWW,5107.0,4782.0,10632.0
822,Switzerland,2.0,4.0,0.08,0.04,42.61523667488148,178.0,47.500000598184265,500.0,36.0,39.0,37.0,48.0,36.0,AWW,37.0,AWW,5128.0,4876.0,10782.0
823,Switzerland,2.0,4.0,0.08,0.04,38.29615392851663,2300.0,36.500000974964024,1518.0,23.0,61.0,42.0,5099.0,23.0,AWW,36.500000974964024,HARISS,5065.0,4812.0,10621.0
824,Switzerland,2.0,4.0,0.08,0.04,49.963261279156654,1637.0,43.50000077057513,433.0,29.0,28.0,42.0,330.0,29.0,AWW,42.0,AWW,5196.0,4784.0,10594.0
825,Switzerland,2.0,4.0,0.08,0.04,42.69555958773427,550.0,47.50000027868535,1138.0,27.0,40.0,34.0,133.0,27.0,AWW,34.0,AWW,5150.0,4919.0,10548.0
826,Switzerland,2.0,4.0,0.08,0.04,52.613400772852614,1317.0,50.50000091278476,849.0,24.0,7.0,32.0,23.0,24.0,AWW,32.0,AWW,5054.0,4849.0,10840.0
827,Switzerland,2.0,4.0,0.08,0.04,33.586701994629166,178.0,36.500000995884406,375.0,19.0,8.0,37.0,408.0,19.0,AWW,33.586701994629166,ICU,5190.0,4796.0,10776.0
828,Switzerland,2.0,4.0,0.08,0.04,52.10830126822605,1586.0,54.50000063683479,2871.0,24.0,3.0,25.0,3.0,24.0,AWW,25.0,AWW,5018.0,4868.0,10565.0
829,Switzerland,2.0,4.0,0.08,0.04,44.3873416402632,501.0,50.50000043326921,1884.0,32.0,26.0,40.0,202.0,32.0,AWW,40.0,AWW,5289.0,4719.0,10523.0
830,Switzerland,2.0,4.0,0.08,0.04,46.94846485740903,879.0,54.50000028721709,5121.0,29.0,17.0,36.0,68.0,29.0,AWW,36.0,AWW,5164.0,4758.0,10646.0
831,Switzerland,2.0,4.0,0.08,0.04,22.023557853350965,86.0,36.500000316794555,1857.0,25.0,161.0,39.0,3091.0,22.023557853350965,ICU,22.023557853350965,ICU,5249.0,4813.0,10555.0
832,Switzerland,2.0,4.0,0.08,0.04,19.617824835989925,584.0,22.500000360819282,1466.0,26.0,3356.0,34.0,12629.0,19.617824835989925,ICU,19.617824835989925,ICU,5073.0,4791.0,10501.0
833,Switzerland,2.0,4.0,0.08,0.04,29.96956181441493,1365.0,26.50000006685125,649.0,25.0,487.0,25.0,487.0,25.0,AWW,25.0,AWW,5051.0,4877.0,10654.0
834,Switzerland,2.0,4.0,0.08,0.04,30.315933977473232,699.0,29.500000577754804,595.0,33.0,1144.0,40.0,3762.0,29.500000577754804,HARISS,29.500000577754804,HARISS,5022.0,4792.0,10641.0
835,Switzerland,2.0,4.0,0.08,0.04,25.427470291312193,168.0,29.50000079769274,374.0,28.0,280.0,43.0,6762.0,25.427470291312193,ICU,25.427470291312193,ICU,5152.0,4823.0,10452.0
836,Switzerland,2.0,4.0,0.08,0.04,46.904799705575975,319.0,54.50000081987626,1525.0,30.0,9.0,35.0,27.0,30.0,AWW,35.0,AWW,5112.0,4808.0,10555.0
837,Switzerland,2.0,4.0,0.08,0.04,43.44771887818023,613.0,47.5000002897758,1473.0,26.0,29.0,32.0,63.0,26.0,AWW,32.0,AWW,5027.0,4654.0,10562.0
838,Switzerland,2.0,4.0,0.08,0.04,10.490504851683763,3.0,Inf,NaN,32.0,3.0,33.0,3.0,10.490504851683763,ICU,10.490504851683763,ICU,5160.0,4782.0,10385.0
839,Switzerland,2.0,4.0,0.08,0.04,40.35410183080288,484.0,47.50000037682967,2197.0,36.0,177.0,37.0,224.0,36.0,AWW,37.0,AWW,5073.0,4692.0,10838.0
840,Switzerland,2.0,4.0,0.08,0.04,25.500672947781634,286.0,26.500000125501206,327.0,23.0,221.0,28.0,387.0,23.0,AWW,25.500672947781634,ICU,5134.0,4692.0,10548.0
841,Switzerland,2.0,4.0,0.08,0.04,23.244431989580463,931.0,26.5000006230607,1845.0,22.0,691.0,37.0,12992.0,22.0,AWW,23.244431989580463,ICU,5110.0,4742.0,10762.0
842,Switzerland,2.0,4.0,0.08,0.04,15.575913978330641,24.0,33.50000023302631,961.0,30.0,502.0,33.0,877.0,15.575913978330641,ICU,15.575913978330641,ICU,5155.0,4798.0,10610.0
843,Switzerland,2.0,4.0,0.08,0.04,42.546584651994266,4424.0,33.5000004221257,588.0,29.0,221.0,9.0,3.0,29.0,AWW,9.0,AWW,5070.0,4803.0,10902.0
844,Switzerland,2.0,4.0,0.08,0.04,14.795137090433753,113.0,26.50000001057112,5689.0,14.0,81.0,32.0,16788.0,14.0,AWW,14.795137090433753,ICU,5189.0,4808.0,10519.0
845,Switzerland,2.0,4.0,0.08,0.04,54.228327959353,2580.0,33.500000945711555,54.0,16.0,0.0,34.0,55.0,16.0,AWW,33.500000945711555,HARISS,5090.0,4756.0,10671.0
846,Switzerland,2.0,4.0,0.08,0.04,16.932563052051783,3.0,Inf,NaN,21.0,4.0,40.0,4.0,16.932563052051783,ICU,16.932563052051783,ICU,5076.0,4726.0,10644.0
847,Switzerland,2.0,4.0,0.08,0.04,45.52390281581031,1421.0,43.500000540978,926.0,18.0,3.0,32.0,61.0,18.0,AWW,32.0,AWW,5254.0,4754.0,10580.0
848,Switzerland,2.0,4.0,0.08,0.04,49.96099452078561,4349.0,47.50000019116594,2570.0,20.0,3.0,34.0,150.0,20.0,AWW,34.0,AWW,5174.0,4794.0,10617.0
849,Switzerland,2.0,4.0,0.08,0.04,41.12345843803315,2659.0,36.500000974232314,912.0,31.0,278.0,35.0,664.0,31.0,AWW,35.0,AWW,5011.0,4676.0,10549.0
850,Switzerland,2.0,4.0,0.08,0.04,30.583600094189883,105.0,Inf,NaN,30.0,99.0,13.0,0.0,30.0,AWW,13.0,AWW,5020.0,4798.0,10752.0
851,Switzerland,2.0,4.0,0.08,0.04,22.02126390419618,29.0,40.50000030878141,2963.0,23.0,36.0,31.0,270.0,22.02126390419618,ICU,22.02126390419618,ICU,5263.0,4716.0,10773.0
852,Switzerland,2.0,4.0,0.08,0.04,21.013477824098594,233.0,26.500000365987987,687.0,14.0,59.0,32.0,2208.0,14.0,AWW,21.013477824098594,ICU,5182.0,4784.0,10737.0
853,Switzerland,2.0,4.0,0.08,0.04,32.2343755326507,1166.0,19.500000388060926,77.0,19.0,71.0,31.0,908.0,19.0,AWW,19.500000388060926,HARISS,5217.0,4766.0,10788.0
854,Switzerland,2.0,4.0,0.08,0.04,44.099147889971064,2829.0,36.50000096924098,543.0,25.0,43.0,25.0,43.0,25.0,AWW,25.0,AWW,5039.0,4757.0,10587.0
855,Switzerland,2.0,4.0,0.08,0.04,34.51086858256644,222.0,40.500000080795814,861.0,21.0,8.0,22.0,9.0,21.0,AWW,22.0,AWW,5179.0,4719.0,10618.0
856,Switzerland,2.0,4.0,0.08,0.04,25.69981456729415,935.0,29.500000529781342,1844.0,18.0,112.0,38.0,8870.0,18.0,AWW,25.69981456729415,ICU,5130.0,4747.0,10761.0
857,Switzerland,2.0,4.0,0.08,0.04,9.673767759172943,183.0,12.50000089136303,422.0,26.0,5873.0,40.0,95833.0,9.673767759172943,ICU,9.673767759172943,ICU,5101.0,4748.0,10670.0
858,Switzerland,2.0,4.0,0.08,0.04,31.070212790326472,89.0,36.50000052424128,300.0,26.0,33.0,37.0,340.0,26.0,AWW,31.070212790326472,ICU,5118.0,4789.0,10889.0
859,Switzerland,2.0,4.0,0.08,0.04,45.51578586858976,1657.0,22.500000687807965,43.0,27.0,73.0,36.0,297.0,22.500000687807965,HARISS,22.500000687807965,HARISS,4982.0,4788.0,10716.0
860,Switzerland,2.0,4.0,0.08,0.04,29.8794365052705,894.0,33.50000078332071,1922.0,34.0,2147.0,35.0,2649.0,29.8794365052705,ICU,29.8794365052705,ICU,5179.0,4847.0,10638.0
861,Switzerland,2.0,4.0,0.08,0.04,22.42660555553265,2.0,61.500000677638376,1204.0,20.0,2.0,35.0,14.0,20.0,AWW,22.42660555553265,ICU,5130.0,4824.0,10480.0
862,Switzerland,2.0,4.0,0.08,0.04,26.576090595306773,160.0,40.50000056735209,3499.0,25.0,117.0,33.0,664.0,25.0,AWW,26.576090595306773,ICU,4872.0,4882.0,10826.0
863,Switzerland,2.0,4.0,0.08,0.04,42.43028926063622,1216.0,36.50000080563438,396.0,30.0,89.0,38.0,503.0,30.0,AWW,36.50000080563438,HARISS,5057.0,4825.0,10823.0
864,Switzerland,2.0,4.0,0.08,0.04,45.190945870200785,966.0,33.50000029263106,73.0,15.0,0.0,16.0,0.0,15.0,AWW,16.0,AWW,5118.0,4909.0,10581.0
865,Switzerland,2.0,4.0,0.08,0.04,42.57863784550369,783.0,40.50000096362464,497.0,18.0,7.0,34.0,104.0,18.0,AWW,34.0,AWW,5223.0,4731.0,10724.0
866,Switzerland,2.0,4.0,0.08,0.04,31.9665168780513,863.0,40.500000593441804,5635.0,24.0,29.0,31.0,637.0,24.0,AWW,31.0,AWW,5186.0,4812.0,10636.0
867,Switzerland,2.0,4.0,0.08,0.04,49.109940612525385,1821.0,43.500000005626724,587.0,17.0,0.0,33.0,74.0,17.0,AWW,33.0,AWW,5194.0,4668.0,10707.0
868,Switzerland,2.0,4.0,0.08,0.04,36.97059326184888,179.0,50.500000725437545,3102.0,12.0,0.0,13.0,0.0,12.0,AWW,13.0,AWW,5204.0,4800.0,10638.0
869,Switzerland,2.0,4.0,0.08,0.04,50.86442228882497,6759.0,40.50000011520973,691.0,13.0,0.0,34.0,165.0,13.0,AWW,34.0,AWW,5124.0,4728.0,10696.0
870,Switzerland,2.0,4.0,0.08,0.04,39.19518367399694,260.0,43.500000940013805,684.0,25.0,14.0,37.0,156.0,25.0,AWW,37.0,AWW,5078.0,4679.0,10722.0
871,Switzerland,2.0,4.0,0.08,0.04,38.0291395622872,237.0,40.500000136303406,461.0,28.0,28.0,37.0,197.0,28.0,AWW,37.0,AWW,5152.0,4812.0,10595.0
872,Switzerland,2.0,4.0,0.08,0.04,30.160722043980684,696.0,29.5000000346624,624.0,23.0,128.0,36.0,2806.0,23.0,AWW,29.5000000346624,HARISS,4961.0,4739.0,10468.0
873,Switzerland,2.0,4.0,0.08,0.04,45.68921221963425,3246.0,40.5000009321396,1034.0,33.0,199.0,34.0,244.0,33.0,AWW,34.0,AWW,5112.0,4840.0,10603.0
874,Switzerland,2.0,4.0,0.08,0.04,32.63302925729856,853.0,26.500000858293912,184.0,17.0,14.0,17.0,14.0,17.0,AWW,17.0,AWW,5045.0,4773.0,10643.0
875,Switzerland,2.0,4.0,0.08,0.04,46.54023720314227,498.0,50.50000005629577,844.0,24.0,8.0,24.0,8.0,24.0,AWW,24.0,AWW,5050.0,4749.0,10586.0
876,Switzerland,2.0,4.0,0.08,0.04,48.88979059785786,674.0,47.500000454775844,494.0,29.0,11.0,38.0,67.0,29.0,AWW,38.0,AWW,5130.0,4845.0,10421.0
877,Switzerland,2.0,4.0,0.08,0.04,45.91721104595442,1282.0,47.50000029766944,1828.0,25.0,13.0,26.0,16.0,25.0,AWW,26.0,AWW,5079.0,4886.0,10564.0
878,Switzerland,2.0,4.0,0.08,0.04,40.55020001187702,597.0,40.50000062350847,588.0,28.0,49.0,6.0,0.0,28.0,AWW,6.0,AWW,5106.0,4821.0,10738.0
879,Switzerland,2.0,4.0,0.08,0.04,40.00773329031933,466.0,33.50000013739155,142.0,23.0,23.0,29.0,63.0,23.0,AWW,29.0,AWW,5146.0,4761.0,10512.0
880,Switzerland,2.0,4.0,0.08,0.04,47.250827148026765,761.0,54.50000011036427,3981.0,26.0,7.0,27.0,11.0,26.0,AWW,27.0,AWW,5106.0,4794.0,10521.0
881,Switzerland,2.0,4.0,0.08,0.04,40.92374948780996,366.0,47.50000099847511,1535.0,27.0,23.0,28.0,29.0,27.0,AWW,28.0,AWW,4963.0,4722.0,10570.0
882,Switzerland,2.0,4.0,0.08,0.04,44.055815780991544,834.0,33.50000093565169,180.0,29.0,66.0,23.0,4.0,29.0,AWW,23.0,AWW,5114.0,4838.0,10817.0
883,Switzerland,2.0,4.0,0.08,0.04,36.819167617370574,2808.0,29.50000082159649,543.0,33.0,1174.0,37.0,2918.0,29.50000082159649,HARISS,29.50000082159649,HARISS,5018.0,4806.0,10690.0
884,Switzerland,2.0,4.0,0.08,0.04,52.86651671236234,737.0,36.50000088043415,158.0,25.0,20.0,31.0,103.0,25.0,AWW,31.0,AWW,5028.0,4890.0,10650.0
885,Switzerland,2.0,4.0,0.08,0.04,57.98057542785588,7162.0,47.50000027271882,764.0,31.0,13.0,36.0,68.0,31.0,AWW,36.0,AWW,5119.0,4750.0,10721.0
886,Switzerland,2.0,4.0,0.08,0.04,31.661923616953324,2022.0,22.50000056701816,276.0,28.0,762.0,36.0,5803.0,22.50000056701816,HARISS,22.50000056701816,HARISS,4984.0,4893.0,10785.0
887,Switzerland,2.0,4.0,0.08,0.04,50.949604620231185,1585.0,50.500000442941975,1410.0,22.0,13.0,37.0,96.0,22.0,AWW,37.0,AWW,5170.0,4711.0,10970.0
888,Switzerland,2.0,4.0,0.08,0.04,17.061221552574004,28.0,36.50000053431765,1605.0,28.0,258.0,31.0,493.0,17.061221552574004,ICU,17.061221552574004,ICU,5007.0,4669.0,10523.0
889,Switzerland,2.0,4.0,0.08,0.04,50.65153208235323,3070.0,50.500000308922004,2974.0,28.0,15.0,33.0,57.0,28.0,AWW,33.0,AWW,5053.0,4752.0,10619.0
890,Switzerland,2.0,4.0,0.08,0.04,41.17378455141961,968.0,40.50000036087811,829.0,30.0,80.0,34.0,206.0,30.0,AWW,34.0,AWW,5068.0,4737.0,10873.0
891,Switzerland,2.0,4.0,0.08,0.04,32.050050379488304,162.0,43.500000873810386,1831.0,27.0,45.0,35.0,302.0,27.0,AWW,32.050050379488304,ICU,5091.0,4730.0,10680.0
892,Switzerland,2.0,4.0,0.08,0.04,40.54721616363075,1014.0,47.5000006592996,4449.0,24.0,27.0,30.0,115.0,24.0,AWW,30.0,AWW,5012.0,4960.0,10550.0
893,Switzerland,2.0,4.0,0.08,0.04,41.952514679684406,691.0,43.50000081262764,911.0,15.0,0.0,40.0,511.0,15.0,AWW,40.0,AWW,5021.0,4745.0,10574.0
894,Switzerland,2.0,4.0,0.08,0.04,41.79053355751435,8037.0,36.50000020993553,2575.0,23.0,136.0,38.0,3637.0,23.0,AWW,36.50000020993553,HARISS,5191.0,4791.0,10724.0
895,Switzerland,2.0,4.0,0.08,0.04,34.59789152450149,420.0,26.50000066964784,96.0,23.0,52.0,32.0,261.0,23.0,AWW,26.50000066964784,HARISS,5107.0,4804.0,10579.0
896,Switzerland,2.0,4.0,0.08,0.04,42.24290577212973,1918.0,43.50000081492628,2533.0,29.0,129.0,29.0,129.0,29.0,AWW,29.0,AWW,5142.0,4740.0,10628.0
897,Switzerland,2.0,4.0,0.08,0.04,46.49868678520948,1116.0,50.50000019415885,2532.0,21.0,7.0,32.0,59.0,21.0,AWW,32.0,AWW,5084.0,4864.0,10781.0
898,Switzerland,2.0,4.0,0.08,0.04,34.9792814612841,3660.0,36.50000035038496,5201.0,24.0,259.0,31.0,1453.0,24.0,AWW,31.0,AWW,5143.0,4807.0,10942.0
899,Switzerland,2.0,4.0,0.08,0.04,47.25315397467761,1468.0,29.500000568142198,30.0,32.0,53.0,37.0,169.0,29.500000568142198,HARISS,29.500000568142198,HARISS,5185.0,4776.0,10566.0
900,Switzerland,2.0,4.0,0.08,0.04,24.778345083640687,207.0,33.50000040704731,1605.0,38.0,4257.0,39.0,5309.0,24.778345083640687,ICU,24.778345083640687,ICU,5069.0,4783.0,10638.0
901,Switzerland,2.0,4.0,0.08,0.04,47.83380914787887,2703.0,22.500000458008895,137.0,19.0,42.0,29.0,330.0,19.0,AWW,22.500000458008895,HARISS,5040.0,4766.0,10734.0
902,Switzerland,2.0,4.0,0.08,0.04,33.65330941497368,1414.0,36.500000676272435,2317.0,29.0,494.0,30.0,642.0,29.0,AWW,30.0,AWW,5024.0,4762.0,10555.0
903,Switzerland,2.0,4.0,0.08,0.04,41.03874388087014,1897.0,47.50000063342499,7475.0,21.0,30.0,32.0,275.0,21.0,AWW,32.0,AWW,5066.0,4689.0,10626.0
904,Switzerland,2.0,4.0,0.08,0.04,31.093372077820053,366.0,40.50000055623104,3059.0,24.0,79.0,38.0,1783.0,24.0,AWW,31.093372077820053,ICU,5078.0,4863.0,10597.0
905,Switzerland,2.0,4.0,0.08,0.04,59.92779914713993,1480.0,57.50000029970004,896.0,28.0,8.0,33.0,11.0,28.0,AWW,33.0,AWW,5075.0,4750.0,10765.0
906,Switzerland,2.0,4.0,0.08,0.04,48.728838662183435,1560.0,50.500000682593964,2250.0,30.0,35.0,31.0,38.0,30.0,AWW,31.0,AWW,5123.0,4747.0,10608.0
907,Switzerland,2.0,4.0,0.08,0.04,48.68030630722314,879.0,54.50000010191097,3249.0,9.0,0.0,28.0,8.0,9.0,AWW,28.0,AWW,5168.0,4756.0,10768.0
908,Switzerland,2.0,4.0,0.08,0.04,34.10549644769377,534.0,40.500000518443855,2020.0,21.0,30.0,22.0,35.0,21.0,AWW,22.0,AWW,5275.0,4775.0,10513.0
909,Switzerland,2.0,4.0,0.08,0.04,24.68510622881208,1115.0,29.500000746697957,2997.0,24.0,977.0,28.0,2189.0,24.0,AWW,24.68510622881208,ICU,5099.0,4872.0,10830.0
910,Switzerland,2.0,4.0,0.08,0.04,44.325143576537585,1310.0,43.50000041299973,1079.0,26.0,24.0,36.0,232.0,26.0,AWW,36.0,AWW,5090.0,4571.0,10678.0
911,Switzerland,2.0,4.0,0.08,0.04,36.761057056566074,653.0,43.500000422028535,2856.0,29.0,109.0,30.0,145.0,29.0,AWW,30.0,AWW,5123.0,4783.0,10562.0
912,Switzerland,2.0,4.0,0.08,0.04,34.69814563607959,367.0,33.5000006751238,272.0,31.0,167.0,36.0,474.0,31.0,AWW,33.5000006751238,HARISS,4999.0,4800.0,10633.0
913,Switzerland,2.0,4.0,0.08,0.04,52.17539239974121,562.0,57.50000014389436,1921.0,26.0,8.0,36.0,16.0,26.0,AWW,36.0,AWW,5118.0,4740.0,10393.0
914,Switzerland,2.0,4.0,0.08,0.04,45.50925898105858,3001.0,40.50000022144566,1001.0,33.0,220.0,34.0,263.0,33.0,AWW,34.0,AWW,5045.0,4890.0,10515.0
915,Switzerland,2.0,4.0,0.08,0.04,50.35444947818839,795.0,47.500000951772705,456.0,32.0,52.0,25.0,24.0,32.0,AWW,25.0,AWW,5064.0,4832.0,10702.0
916,Switzerland,2.0,4.0,0.08,0.04,41.92908127045412,571.0,40.50000063125454,429.0,22.0,8.0,35.0,138.0,22.0,AWW,35.0,AWW,5084.0,4653.0,10490.0
917,Switzerland,2.0,4.0,0.08,0.04,40.472106742446805,873.0,43.500000968679565,1827.0,26.0,18.0,27.0,28.0,26.0,AWW,27.0,AWW,5165.0,4780.0,10675.0
918,Switzerland,2.0,4.0,0.08,0.04,38.32850765004103,1206.0,40.50000009019424,1769.0,25.0,55.0,34.0,490.0,25.0,AWW,34.0,AWW,5066.0,4894.0,10551.0
919,Switzerland,2.0,4.0,0.08,0.04,29.836766482438502,815.0,36.50000014924983,3388.0,26.0,335.0,27.0,396.0,26.0,AWW,27.0,AWW,5124.0,4921.0,10761.0
920,Switzerland,2.0,4.0,0.08,0.04,47.54501467622728,2337.0,22.50000066832752,7.0,17.0,3.0,27.0,19.0,17.0,AWW,22.50000066832752,HARISS,5072.0,4817.0,10527.0
921,Switzerland,2.0,4.0,0.08,0.04,25.284021318664614,82.0,36.50000019410503,446.0,14.0,0.0,31.0,268.0,14.0,AWW,25.284021318664614,ICU,5027.0,4933.0,10608.0
922,Switzerland,2.0,4.0,0.08,0.04,40.74362924227522,571.0,26.500000583357764,17.0,20.0,6.0,37.0,255.0,20.0,AWW,26.500000583357764,HARISS,4959.0,4833.0,10510.0
923,Switzerland,2.0,4.0,0.08,0.04,32.03147094778282,273.0,43.5000007402322,3109.0,20.0,15.0,37.0,785.0,20.0,AWW,32.03147094778282,ICU,5110.0,4754.0,10448.0
924,Switzerland,2.0,4.0,0.08,0.04,41.89403332248712,86.0,47.50000082069641,265.0,17.0,11.0,29.0,20.0,17.0,AWW,29.0,AWW,5087.0,4641.0,10662.0
925,Switzerland,2.0,4.0,0.08,0.04,49.008512228317315,1688.0,43.50000050343875,529.0,32.0,52.0,20.0,2.0,32.0,AWW,20.0,AWW,5038.0,4762.0,10723.0
926,Switzerland,2.0,4.0,0.08,0.04,30.85341839596205,202.0,40.50000057028823,1364.0,15.0,0.0,16.0,4.0,15.0,AWW,16.0,AWW,5069.0,4686.0,10631.0
927,Switzerland,2.0,4.0,0.08,0.04,32.83142063872591,2099.0,29.500000884754314,1008.0,33.0,2173.0,34.0,2696.0,29.500000884754314,HARISS,29.500000884754314,HARISS,5221.0,4784.0,10645.0
928,Switzerland,2.0,4.0,0.08,0.04,57.579828977333456,4061.0,43.50000075637778,198.0,7.0,0.0,8.0,0.0,7.0,AWW,8.0,AWW,5140.0,4820.0,10847.0
929,Switzerland,2.0,4.0,0.08,0.04,54.025304985995014,1393.0,54.50000034272493,1549.0,21.0,1.0,29.0,4.0,21.0,AWW,29.0,AWW,5017.0,4733.0,10673.0
930,Switzerland,2.0,4.0,0.08,0.04,47.40604686312894,3495.0,43.50000018334459,1510.0,17.0,1.0,34.0,184.0,17.0,AWW,34.0,AWW,5036.0,4813.0,10654.0
931,Switzerland,2.0,4.0,0.08,0.04,45.25267507934818,3019.0,43.50000066276825,2123.0,16.0,1.0,35.0,280.0,16.0,AWW,35.0,AWW,5062.0,4760.0,10534.0
932,Switzerland,2.0,4.0,0.08,0.04,49.42363827704501,957.0,54.50000066672766,2730.0,12.0,0.0,38.0,99.0,12.0,AWW,38.0,AWW,5111.0,4849.0,10597.0
933,Switzerland,2.0,4.0,0.08,0.04,44.63022844992944,1679.0,40.5000008449268,732.0,13.0,0.0,34.0,200.0,13.0,AWW,34.0,AWW,5123.0,4810.0,10631.0
934,Switzerland,2.0,4.0,0.08,0.04,46.99222284303869,85.0,61.50000004626858,2040.0,23.0,1.0,30.0,3.0,23.0,AWW,30.0,AWW,5124.0,4773.0,10623.0
935,Switzerland,2.0,4.0,0.08,0.04,50.417821659880595,1866.0,40.50000020225493,214.0,29.0,22.0,30.0,28.0,29.0,AWW,30.0,AWW,4986.0,4873.0,10537.0
936,Switzerland,2.0,4.0,0.08,0.04,36.3648023004458,1374.0,33.50000002442767,738.0,11.0,4.0,39.0,2283.0,11.0,AWW,33.50000002442767,HARISS,5129.0,4902.0,10594.0
937,Switzerland,2.0,4.0,0.08,0.04,41.026261512222355,1430.0,40.50000020117249,1282.0,24.0,37.0,12.0,2.0,24.0,AWW,12.0,AWW,5037.0,4697.0,10613.0
938,Switzerland,2.0,4.0,0.08,0.04,67.90894339725978,433.0,Inf,NaN,25.0,8.0,26.0,8.0,25.0,AWW,26.0,AWW,5015.0,4833.0,10697.0
939,Switzerland,2.0,4.0,0.08,0.04,40.44918184427609,658.0,19.500000116174043,10.0,24.0,30.0,36.0,253.0,19.500000116174043,HARISS,19.500000116174043,HARISS,5007.0,4660.0,10775.0
940,Switzerland,2.0,4.0,0.08,0.04,44.234326618600726,4528.0,43.50000089882164,3792.0,24.0,41.0,35.0,514.0,24.0,AWW,35.0,AWW,5053.0,4741.0,10369.0
941,Switzerland,2.0,4.0,0.08,0.04,53.36235594950138,4638.0,43.5000000018714,487.0,23.0,16.0,36.0,101.0,23.0,AWW,36.0,AWW,5143.0,4824.0,10611.0
942,Switzerland,2.0,4.0,0.08,0.04,18.799491525224546,9.0,Inf,NaN,18.0,9.0,37.0,9.0,18.0,AWW,18.799491525224546,ICU,5205.0,4776.0,10757.0
943,Switzerland,2.0,4.0,0.08,0.04,39.33101943993492,4316.0,33.50000097502566,1179.0,30.0,578.0,37.0,2549.0,30.0,AWW,33.50000097502566,HARISS,5081.0,4842.0,10790.0
944,Switzerland,2.0,4.0,0.08,0.04,29.064777507003793,1514.0,22.500000538024285,527.0,15.0,110.0,36.0,6103.0,15.0,AWW,22.500000538024285,HARISS,5149.0,4880.0,10683.0
945,Switzerland,2.0,4.0,0.08,0.04,16.085256306532614,176.0,19.500000024764713,411.0,25.0,1069.0,35.0,7901.0,16.085256306532614,ICU,16.085256306532614,ICU,5077.0,4874.0,10680.0
946,Switzerland,2.0,4.0,0.08,0.04,59.27820819672143,5503.0,50.50000076525161,858.0,13.0,2.0,14.0,2.0,13.0,AWW,14.0,AWW,5038.0,4693.0,10683.0
947,Switzerland,2.0,4.0,0.08,0.04,51.077105970335445,6291.0,47.50000022305458,2814.0,17.0,0.0,12.0,0.0,17.0,AWW,12.0,AWW,5077.0,4835.0,10726.0
948,Switzerland,2.0,4.0,0.08,0.04,24.455754530125745,5.0,57.50000005332107,3438.0,33.0,21.0,39.0,73.0,24.455754530125745,ICU,24.455754530125745,ICU,5179.0,4668.0,10634.0
949,Switzerland,2.0,4.0,0.08,0.04,52.12571333279916,3584.0,40.50000048364056,307.0,15.0,1.0,14.0,0.0,15.0,AWW,14.0,AWW,5028.0,4714.0,10689.0
950,Switzerland,2.0,4.0,0.08,0.04,29.74011488872278,1652.0,26.500000321811886,824.0,20.0,176.0,27.0,908.0,20.0,AWW,26.500000321811886,HARISS,5136.0,4828.0,10653.0
951,Switzerland,2.0,4.0,0.08,0.04,52.533538407195856,3680.0,50.50000065092057,2352.0,14.0,1.0,32.0,51.0,14.0,AWW,32.0,AWW,5206.0,4742.0,10449.0
952,Switzerland,2.0,4.0,0.08,0.04,53.38137018590957,5977.0,40.500000047491696,345.0,32.0,64.0,33.0,77.0,32.0,AWW,33.0,AWW,5130.0,4740.0,10731.0
953,Switzerland,2.0,4.0,0.08,0.04,29.63426563098846,329.0,33.50000036246369,764.0,29.0,289.0,30.0,352.0,29.0,AWW,29.63426563098846,ICU,5019.0,4618.0,10462.0
954,Switzerland,2.0,4.0,0.08,0.04,30.543066643967475,889.0,29.50000047074364,715.0,20.0,74.0,28.0,517.0,20.0,AWW,28.0,AWW,5201.0,4889.0,10621.0
955,Switzerland,2.0,4.0,0.08,0.04,21.470343155825066,100.0,33.500000193348896,1410.0,28.0,414.0,37.0,2944.0,21.470343155825066,ICU,21.470343155825066,ICU,5059.0,4827.0,10610.0
956,Switzerland,2.0,4.0,0.08,0.04,37.58981670896878,564.0,47.500000092692844,4405.0,25.0,53.0,29.0,110.0,25.0,AWW,29.0,AWW,5267.0,4777.0,10715.0
957,Switzerland,2.0,4.0,0.08,0.04,47.71425044915526,695.0,40.50000028669947,157.0,24.0,8.0,15.0,2.0,24.0,AWW,15.0,AWW,5068.0,4722.0,10698.0
958,Switzerland,2.0,4.0,0.08,0.04,52.96396334399389,2834.0,50.50000088576725,1682.0,23.0,6.0,37.0,93.0,23.0,AWW,37.0,AWW,5157.0,4794.0,10722.0
959,Switzerland,2.0,4.0,0.08,0.04,26.104600005405437,225.0,33.500000313996054,1087.0,21.0,67.0,30.0,529.0,21.0,AWW,26.104600005405437,ICU,5083.0,4854.0,10714.0
960,Switzerland,2.0,4.0,0.08,0.04,48.600901750576554,1600.0,50.500000610815164,2424.0,20.0,2.0,31.0,28.0,20.0,AWW,31.0,AWW,5153.0,4763.0,10843.0
961,Switzerland,2.0,4.0,0.08,0.04,52.71736221370579,1839.0,43.500000147309564,263.0,30.0,20.0,42.0,213.0,30.0,AWW,42.0,AWW,5062.0,4783.0,10586.0
962,Switzerland,2.0,4.0,0.08,0.04,50.77758221158254,6573.0,47.500000671746015,3165.0,24.0,19.0,25.0,30.0,24.0,AWW,25.0,AWW,5116.0,4811.0,10487.0
963,Switzerland,2.0,4.0,0.08,0.04,53.45938101767572,1323.0,50.50000028528775,663.0,29.0,12.0,36.0,36.0,29.0,AWW,36.0,AWW,5020.0,4760.0,10604.0
964,Switzerland,2.0,4.0,0.08,0.04,59.99545672652334,1653.0,54.500000989803695,556.0,21.0,1.0,40.0,28.0,21.0,AWW,40.0,AWW,5130.0,4812.0,10762.0
965,Switzerland,2.0,4.0,0.08,0.04,31.09557921797472,2746.0,29.500000203946225,1915.0,36.0,8066.0,37.0,10033.0,29.500000203946225,HARISS,29.500000203946225,HARISS,5190.0,4853.0,10731.0
966,Switzerland,2.0,4.0,0.08,0.04,39.75986657696496,293.0,54.50000081154168,6292.0,12.0,1.0,26.0,23.0,12.0,AWW,26.0,AWW,5184.0,4676.0,10713.0
967,Switzerland,2.0,4.0,0.08,0.04,24.748878865777712,408.0,36.500000105455435,6332.0,26.0,574.0,31.0,1877.0,24.748878865777712,ICU,24.748878865777712,ICU,5175.0,4799.0,10707.0
968,Switzerland,2.0,4.0,0.08,0.04,52.54722026286091,3022.0,50.50000088653589,1903.0,16.0,0.0,30.0,36.0,16.0,AWW,30.0,AWW,5233.0,4869.0,10737.0
969,Switzerland,2.0,4.0,0.08,0.04,44.84069548511952,580.0,43.500000910084715,411.0,28.0,12.0,39.0,143.0,28.0,AWW,39.0,AWW,5065.0,4868.0,10719.0
970,Switzerland,2.0,4.0,0.08,0.04,49.49592579693514,854.0,54.500000592920856,2473.0,29.0,14.0,41.0,147.0,29.0,AWW,41.0,AWW,5182.0,4609.0,10617.0
971,Switzerland,2.0,4.0,0.08,0.04,42.814734216131036,827.0,40.50000006645658,527.0,22.0,6.0,34.0,118.0,22.0,AWW,34.0,AWW,5089.0,4782.0,10461.0
972,Switzerland,2.0,4.0,0.08,0.04,57.15181790226329,1278.0,36.50000040471077,15.0,24.0,5.0,33.0,10.0,24.0,AWW,33.0,AWW,5179.0,4774.0,10722.0
973,Switzerland,2.0,4.0,0.08,0.04,35.13270722594748,343.0,22.50000032721716,25.0,22.0,22.0,26.0,52.0,22.0,AWW,22.50000032721716,HARISS,5024.0,4696.0,10773.0
974,Switzerland,2.0,4.0,0.08,0.04,35.01767546658933,1528.0,33.500000713809804,1090.0,31.0,671.0,32.0,831.0,31.0,AWW,32.0,AWW,5189.0,4931.0,10553.0
975,Switzerland,2.0,4.0,0.08,0.04,49.3949851410975,2634.0,40.50000041803966,399.0,28.0,33.0,39.0,299.0,28.0,AWW,39.0,AWW,5034.0,4691.0,10590.0
976,Switzerland,2.0,4.0,0.08,0.04,43.04411140597317,612.0,50.50000051791554,3590.0,22.0,8.0,36.0,128.0,22.0,AWW,36.0,AWW,4995.0,4806.0,10544.0
977,Switzerland,2.0,4.0,0.08,0.04,37.343043857150775,251.0,43.500000512029395,977.0,23.0,12.0,40.0,474.0,23.0,AWW,37.343043857150775,ICU,5293.0,4803.0,10635.0
978,Switzerland,2.0,4.0,0.08,0.04,44.4797202040045,1773.0,47.50000060422634,3587.0,13.0,2.0,24.0,12.0,13.0,AWW,24.0,AWW,5124.0,4763.0,10654.0
979,Switzerland,2.0,4.0,0.08,0.04,34.25091000111734,1570.0,26.5000008405811,338.0,30.0,705.0,34.0,1513.0,26.5000008405811,HARISS,26.5000008405811,HARISS,5077.0,4679.0,10732.0
980,Switzerland,2.0,4.0,0.08,0.04,49.815749927556176,1540.0,43.50000055561737,447.0,26.0,12.0,33.0,61.0,26.0,AWW,33.0,AWW,5204.0,4901.0,10732.0
981,Switzerland,2.0,4.0,0.08,0.04,56.18118563447106,3500.0,54.50000096132008,2371.0,8.0,0.0,35.0,49.0,8.0,AWW,35.0,AWW,5056.0,4730.0,10542.0
982,Switzerland,2.0,4.0,0.08,0.04,45.37702102511852,1349.0,40.500000990310866,475.0,16.0,1.0,33.0,96.0,16.0,AWW,33.0,AWW,5100.0,4789.0,10608.0
983,Switzerland,2.0,4.0,0.08,0.04,25.983599237958035,1322.0,19.500000556003865,450.0,22.0,689.0,34.0,5569.0,19.500000556003865,HARISS,19.500000556003865,HARISS,5081.0,4630.0,10635.0
984,Switzerland,2.0,4.0,0.08,0.04,44.78386424916957,3548.0,47.50000025552159,6256.0,30.0,149.0,31.0,179.0,30.0,AWW,31.0,AWW,5295.0,4780.0,10412.0
985,Switzerland,2.0,4.0,0.08,0.04,45.39905615556511,1744.0,50.50000088203075,5203.0,29.0,85.0,39.0,428.0,29.0,AWW,39.0,AWW,5112.0,4840.0,10672.0
986,Switzerland,2.0,4.0,0.08,0.04,31.686490026423982,214.0,50.50000006480422,7764.0,31.0,200.0,32.0,218.0,31.0,AWW,31.686490026423982,ICU,5051.0,4783.0,10641.0
987,Switzerland,2.0,4.0,0.08,0.04,47.07077535931671,5951.0,40.50000045781107,1465.0,36.0,545.0,43.0,2584.0,36.0,AWW,40.50000045781107,HARISS,5090.0,4882.0,10554.0
988,Switzerland,2.0,4.0,0.08,0.04,36.08884342869116,3283.0,40.500000066315266,8371.0,20.0,100.0,36.0,3223.0,20.0,AWW,36.0,AWW,5078.0,4698.0,10455.0
989,Switzerland,2.0,4.0,0.08,0.04,19.634192357452456,12.0,36.500000984687134,764.0,37.0,857.0,38.0,1038.0,19.634192357452456,ICU,19.634192357452456,ICU,5160.0,4730.0,10723.0
990,Switzerland,2.0,4.0,0.08,0.04,52.23766848687085,2061.0,47.500000981310436,744.0,25.0,8.0,34.0,40.0,25.0,AWW,34.0,AWW,5053.0,4812.0,10689.0
991,Switzerland,2.0,4.0,0.08,0.04,24.44448656726749,287.0,33.50000094075678,3161.0,30.0,1491.0,33.0,2862.0,24.44448656726749,ICU,24.44448656726749,ICU,5024.0,4712.0,10638.0
992,Switzerland,2.0,4.0,0.08,0.04,26.686512714974494,277.0,29.50000050488055,473.0,25.0,200.0,26.0,244.0,25.0,AWW,26.0,AWW,5042.0,4732.0,10727.0
993,Switzerland,2.0,4.0,0.08,0.04,31.167904115422143,578.0,29.50000072325381,332.0,28.0,211.0,29.0,283.0,28.0,AWW,29.0,AWW,5022.0,4985.0,10881.0
994,Switzerland,2.0,4.0,0.08,0.04,43.145164615583376,745.0,40.50000060132029,430.0,33.0,98.0,34.0,119.0,33.0,AWW,34.0,AWW,5150.0,4743.0,10878.0
995,Switzerland,2.0,4.0,0.08,0.04,39.70953628570189,739.0,33.500000330755526,186.0,24.0,15.0,25.0,18.0,24.0,AWW,25.0,AWW,5179.0,4743.0,10723.0
996,Switzerland,2.0,4.0,0.08,0.04,36.7767012234378,1334.0,33.5000005836388,792.0,16.0,6.0,38.0,1622.0,16.0,AWW,33.5000005836388,HARISS,5166.0,4747.0,10672.0
997,Switzerland,2.0,4.0,0.08,0.04,50.56682627817159,2233.0,36.50000033328426,113.0,28.0,29.0,34.0,74.0,28.0,AWW,34.0,AWW,5203.0,4801.0,10561.0
998,Switzerland,2.0,4.0,0.08,0.04,40.86100339093792,1783.0,33.50000034989997,345.0,30.0,160.0,31.0,195.0,30.0,AWW,31.0,AWW,5037.0,4856.0,10523.0
999,Switzerland,2.0,4.0,0.08,0.04,19.560767371528243,124.0,33.500000867956444,2526.0,19.0,110.0,19.0,110.0,19.0,AWW,19.0,AWW,5239.0,4792.0,10681.0
1000,Switzerland,2.0,4.0,0.08,0.04,47.54102444100568,1065.0,50.500000618137406,1911.0,27.0,16.0,37.0,104.0,27.0,AWW,37.0,AWW,5016.0,4887.0,10627.0
